-- MySQL dump 10.13  Distrib 5.5.57, for debian-linux-gnu (x86_64)
--
-- Host: 0.0.0.0    Database: lampquest
-- ------------------------------------------------------
-- Server version	5.5.57-0ubuntu0.14.04.1

/*!40101 SET @OLD_CHARACTER_SET_CLIENT=@@CHARACTER_SET_CLIENT */;
/*!40101 SET @OLD_CHARACTER_SET_RESULTS=@@CHARACTER_SET_RESULTS */;
/*!40101 SET @OLD_COLLATION_CONNECTION=@@COLLATION_CONNECTION */;
/*!40101 SET NAMES utf8 */;
/*!40103 SET @OLD_TIME_ZONE=@@TIME_ZONE */;
/*!40103 SET TIME_ZONE='+00:00' */;
/*!40014 SET @OLD_UNIQUE_CHECKS=@@UNIQUE_CHECKS, UNIQUE_CHECKS=0 */;
/*!40014 SET @OLD_FOREIGN_KEY_CHECKS=@@FOREIGN_KEY_CHECKS, FOREIGN_KEY_CHECKS=0 */;
/*!40101 SET @OLD_SQL_MODE=@@SQL_MODE, SQL_MODE='NO_AUTO_VALUE_ON_ZERO' */;
/*!40111 SET @OLD_SQL_NOTES=@@SQL_NOTES, SQL_NOTES=0 */;

--
-- Table structure for table `combiner`
--

DROP TABLE IF EXISTS `combiner`;
/*!40101 SET @saved_cs_client     = @@character_set_client */;
/*!40101 SET character_set_client = utf8 */;
CREATE TABLE `combiner` (
  `combiner_id` int(11) NOT NULL,
  `produce_item_id` int(11) NOT NULL,
  `energy_required` int(11) NOT NULL,
  `qty_produced` int(11) NOT NULL DEFAULT '1',
  PRIMARY KEY (`combiner_id`)
) ENGINE=MyISAM DEFAULT CHARSET=latin1;
/*!40101 SET character_set_client = @saved_cs_client */;

--
-- Dumping data for table `combiner`
--

LOCK TABLES `combiner` WRITE;
/*!40000 ALTER TABLE `combiner` DISABLE KEYS */;
INSERT INTO `combiner` VALUES (1,3,2,1),(5,8,25,1),(6,8,10,3),(7,4,20,3);
/*!40000 ALTER TABLE `combiner` ENABLE KEYS */;
UNLOCK TABLES;

--
-- Table structure for table `consume_combiner`
--

DROP TABLE IF EXISTS `consume_combiner`;
/*!40101 SET @saved_cs_client     = @@character_set_client */;
/*!40101 SET character_set_client = utf8 */;
CREATE TABLE `consume_combiner` (
  `combiner_id` int(11) NOT NULL,
  `consume_item_id` int(11) NOT NULL,
  `qty_consumed` int(11) NOT NULL,
  PRIMARY KEY (`combiner_id`,`consume_item_id`)
) ENGINE=MyISAM DEFAULT CHARSET=latin1;
/*!40101 SET character_set_client = @saved_cs_client */;

--
-- Dumping data for table `consume_combiner`
--

LOCK TABLES `consume_combiner` WRITE;
/*!40000 ALTER TABLE `consume_combiner` DISABLE KEYS */;
INSERT INTO `consume_combiner` VALUES (1,1,2),(1,2,1),(5,7,1),(5,2,2),(6,7,3),(6,9,2),(7,5,3),(7,9,2);
/*!40000 ALTER TABLE `consume_combiner` ENABLE KEYS */;
UNLOCK TABLES;

--
-- Table structure for table `diffusor`
--

DROP TABLE IF EXISTS `diffusor`;
/*!40101 SET @saved_cs_client     = @@character_set_client */;
/*!40101 SET character_set_client = utf8 */;
CREATE TABLE `diffusor` (
  `diffusor_id` int(11) NOT NULL,
  `consume_item_id` int(11) NOT NULL,
  `energy_released` int(11) NOT NULL,
  `energy_limit` int(11) NOT NULL,
  `qty_consumed` int(11) NOT NULL DEFAULT '1',
  PRIMARY KEY (`diffusor_id`)
) ENGINE=MyISAM DEFAULT CHARSET=latin1;
/*!40101 SET character_set_client = @saved_cs_client */;

--
-- Dumping data for table `diffusor`
--

LOCK TABLES `diffusor` WRITE;
/*!40000 ALTER TABLE `diffusor` DISABLE KEYS */;
INSERT INTO `diffusor` VALUES (2,3,1,100,1),(3,4,20,500,1),(4,6,5,500,1),(8,8,2,200,1);
/*!40000 ALTER TABLE `diffusor` ENABLE KEYS */;
UNLOCK TABLES;

--
-- Table structure for table `item`
--

DROP TABLE IF EXISTS `item`;
/*!40101 SET @saved_cs_client     = @@character_set_client */;
/*!40101 SET character_set_client = utf8 */;
CREATE TABLE `item` (
  `item_id` int(11) NOT NULL AUTO_INCREMENT,
  `item_name` varchar(255) NOT NULL,
  `item_image` varchar(255) NOT NULL,
  PRIMARY KEY (`item_id`)
) ENGINE=MyISAM AUTO_INCREMENT=10 DEFAULT CHARSET=latin1;
/*!40101 SET character_set_client = @saved_cs_client */;

--
-- Dumping data for table `item`
--

LOCK TABLES `item` WRITE;
/*!40000 ALTER TABLE `item` DISABLE KEYS */;
INSERT INTO `item` VALUES (1,'Hydrogen','hydrogen.jpg'),(2,'Oxygen','oxygen.jpg'),(3,'Water','water.jpg'),(4,'Sulphur Dioxide','so2.jpg'),(5,'Sulphur','sulphur.jpg'),(6,'Methane','methane.jpg'),(7,'Carbon','carbon.jpg'),(8,'Carbon Dioxide','co2.jpg'),(9,'Ozone','ozone.jpg');
/*!40000 ALTER TABLE `item` ENABLE KEYS */;
UNLOCK TABLES;

--
-- Table structure for table `item_robot`
--

DROP TABLE IF EXISTS `item_robot`;
/*!40101 SET @saved_cs_client     = @@character_set_client */;
/*!40101 SET character_set_client = utf8 */;
CREATE TABLE `item_robot` (
  `item_id` int(11) NOT NULL,
  `robot_id` int(11) NOT NULL,
  `build_start_time` timestamp NOT NULL DEFAULT CURRENT_TIMESTAMP,
  `build_end_time` timestamp NULL DEFAULT NULL,
  PRIMARY KEY (`item_id`,`robot_id`,`build_start_time`)
) ENGINE=MyISAM DEFAULT CHARSET=latin1;
/*!40101 SET character_set_client = @saved_cs_client */;

--
-- Dumping data for table `item_robot`
--

LOCK TABLES `item_robot` WRITE;
/*!40000 ALTER TABLE `item_robot` DISABLE KEYS */;
INSERT INTO `item_robot` VALUES (1,1,'2018-07-13 03:17:44','2018-07-13 03:18:44'),(2,1,'2018-07-13 03:17:44','2018-07-13 03:18:44'),(1,4,'2018-07-13 03:17:56','2018-07-13 03:18:56'),(2,4,'2018-07-13 03:17:56','2018-07-13 03:18:56'),(1,2,'2018-07-13 03:17:57','2018-07-13 03:18:57'),(2,2,'2018-07-13 03:17:57','2018-07-13 03:18:57'),(1,3,'2018-07-13 03:17:58','2018-07-13 03:18:58'),(2,3,'2018-07-13 03:17:58','2018-07-13 03:18:58'),(1,5,'2018-07-13 03:18:35','2018-07-13 03:19:35'),(2,5,'2018-07-13 03:18:35','2018-07-13 03:19:35'),(1,1,'2018-07-13 03:18:44','2018-07-13 03:19:44'),(2,1,'2018-07-13 03:18:44','2018-07-13 03:19:44'),(1,4,'2018-07-13 03:18:56','2018-07-13 03:19:56'),(2,4,'2018-07-13 03:18:56','2018-07-13 03:19:56'),(1,2,'2018-07-13 03:18:57','2018-07-13 03:19:57'),(2,2,'2018-07-13 03:18:57','2018-07-13 03:19:57'),(1,3,'2018-07-13 03:18:58','2018-07-13 03:19:58'),(2,3,'2018-07-13 03:18:58','2018-07-13 03:19:58'),(1,5,'2018-07-13 03:19:35','2018-07-13 03:20:35'),(2,5,'2018-07-13 03:19:35','2018-07-13 03:20:35'),(1,1,'2018-07-13 03:19:44','2018-07-13 03:20:44'),(2,1,'2018-07-13 03:19:44','2018-07-13 03:20:44'),(1,4,'2018-07-13 03:19:56','2018-07-13 03:20:56'),(2,4,'2018-07-13 03:19:56','2018-07-13 03:20:56'),(1,2,'2018-07-13 03:19:57','2018-07-13 03:20:57'),(2,2,'2018-07-13 03:19:57','2018-07-13 03:20:57'),(1,3,'2018-07-13 03:19:58','2018-07-13 03:20:58'),(2,3,'2018-07-13 03:19:58','2018-07-13 03:20:58'),(1,5,'2018-07-13 03:20:35','2018-07-13 03:21:35'),(2,5,'2018-07-13 03:20:35','2018-07-13 03:21:35'),(1,1,'2018-07-13 03:20:44','2018-07-13 03:21:44'),(2,1,'2018-07-13 03:20:44','2018-07-13 03:21:44'),(1,4,'2018-07-13 03:20:56','2018-07-13 03:21:56'),(2,4,'2018-07-13 03:20:56','2018-07-13 03:21:56'),(1,2,'2018-07-13 03:20:57','2018-07-13 03:21:57'),(2,2,'2018-07-13 03:20:57','2018-07-13 03:21:57'),(1,3,'2018-07-13 03:20:58','2018-07-13 03:21:58'),(2,3,'2018-07-13 03:20:58','2018-07-13 03:21:58'),(1,5,'2018-07-13 03:21:35','2018-07-13 03:22:35'),(2,5,'2018-07-13 03:21:35','2018-07-13 03:22:35'),(1,1,'2018-07-13 03:21:44','2018-07-13 03:22:44'),(2,1,'2018-07-13 03:21:44','2018-07-13 03:22:44'),(1,4,'2018-07-13 03:21:56','2018-07-13 03:22:56'),(2,4,'2018-07-13 03:21:56','2018-07-13 03:22:56'),(1,2,'2018-07-13 03:21:57','2018-07-13 03:22:57'),(2,2,'2018-07-13 03:21:57','2018-07-13 03:22:57'),(1,3,'2018-07-13 03:21:58','2018-07-13 03:22:58'),(2,3,'2018-07-13 03:21:58','2018-07-13 03:22:58'),(1,5,'2018-07-13 03:22:35','2018-07-13 03:23:35'),(2,5,'2018-07-13 03:22:35','2018-07-13 03:23:35'),(1,1,'2018-07-13 03:22:44','2018-07-13 03:23:44'),(2,1,'2018-07-13 03:22:44','2018-07-13 03:23:44'),(1,4,'2018-07-13 03:22:56','2018-07-13 03:23:56'),(2,4,'2018-07-13 03:22:56','2018-07-13 03:23:56'),(1,2,'2018-07-13 03:22:57','2018-07-13 03:23:57'),(2,2,'2018-07-13 03:22:57','2018-07-13 03:23:57'),(1,3,'2018-07-13 03:22:58','2018-07-13 03:23:58'),(2,3,'2018-07-13 03:22:58','2018-07-13 03:23:58'),(1,5,'2018-07-13 03:23:35','2018-07-13 03:24:35'),(2,5,'2018-07-13 03:23:35','2018-07-13 03:24:35'),(1,1,'2018-07-13 03:23:44','2018-07-13 03:24:44'),(2,1,'2018-07-13 03:23:44','2018-07-13 03:24:44'),(1,4,'2018-07-13 03:23:56','2018-07-13 03:24:56'),(2,4,'2018-07-13 03:23:56','2018-07-13 03:24:56'),(1,2,'2018-07-13 03:23:57','2018-07-13 03:24:57'),(2,2,'2018-07-13 03:23:57','2018-07-13 03:24:57'),(1,3,'2018-07-13 03:23:58','2018-07-13 03:24:58'),(2,3,'2018-07-13 03:23:58','2018-07-13 03:24:58'),(1,5,'2018-07-13 03:24:35','2018-07-13 03:25:35'),(2,5,'2018-07-13 03:24:35','2018-07-13 03:25:35'),(1,1,'2018-07-13 03:24:44','2018-07-13 03:25:44'),(2,1,'2018-07-13 03:24:44','2018-07-13 03:25:44'),(1,4,'2018-07-13 03:24:56','2018-07-13 03:25:56'),(2,4,'2018-07-13 03:24:56','2018-07-13 03:25:56'),(1,2,'2018-07-13 03:24:57','2018-07-13 03:25:57'),(2,2,'2018-07-13 03:24:57','2018-07-13 03:25:57'),(1,3,'2018-07-13 03:24:58','2018-07-13 03:25:58'),(2,3,'2018-07-13 03:24:58','2018-07-13 03:25:58'),(1,5,'2018-07-13 03:25:35','2018-07-13 03:26:35'),(2,5,'2018-07-13 03:25:35','2018-07-13 03:26:35'),(1,1,'2018-07-13 03:25:44','2018-07-13 03:26:44'),(2,1,'2018-07-13 03:25:44','2018-07-13 03:26:44'),(1,4,'2018-07-13 03:25:56','2018-07-13 03:26:56'),(2,4,'2018-07-13 03:25:56','2018-07-13 03:26:56'),(1,2,'2018-07-13 03:25:57','2018-07-13 03:26:57'),(2,2,'2018-07-13 03:25:57','2018-07-13 03:26:57'),(1,3,'2018-07-13 03:25:58','2018-07-13 03:26:58'),(2,3,'2018-07-13 03:25:58','2018-07-13 03:26:58'),(1,5,'2018-07-13 03:26:35','2018-07-13 03:27:35'),(2,5,'2018-07-13 03:26:35','2018-07-13 03:27:35'),(1,1,'2018-07-13 03:26:44','2018-07-13 03:27:44'),(2,1,'2018-07-13 03:26:44','2018-07-13 03:27:44'),(1,4,'2018-07-13 03:26:56','2018-07-13 03:27:56'),(2,4,'2018-07-13 03:26:56','2018-07-13 03:27:56'),(1,2,'2018-07-13 03:26:57','2018-07-13 03:27:57'),(2,2,'2018-07-13 03:26:57','2018-07-13 03:27:57'),(1,3,'2018-07-13 03:26:58','2018-07-13 03:27:58'),(2,3,'2018-07-13 03:26:58','2018-07-13 03:27:58'),(1,5,'2018-07-13 03:27:35','2018-07-13 03:28:35'),(2,5,'2018-07-13 03:27:35','2018-07-13 03:28:35'),(1,1,'2018-07-13 03:27:44','2018-07-13 03:28:44'),(2,1,'2018-07-13 03:27:44','2018-07-13 03:28:44'),(1,4,'2018-07-13 03:27:56','2018-07-13 03:28:56'),(2,4,'2018-07-13 03:27:56','2018-07-13 03:28:56'),(1,2,'2018-07-13 03:27:57','2018-07-13 03:28:57'),(2,2,'2018-07-13 03:27:57','2018-07-13 03:28:57'),(1,3,'2018-07-13 03:27:58','2018-07-13 03:28:58'),(2,3,'2018-07-13 03:27:58','2018-07-13 03:28:58'),(1,5,'2018-07-13 03:28:35','2018-07-13 03:29:35'),(2,5,'2018-07-13 03:28:35','2018-07-13 03:29:35'),(1,1,'2018-07-13 03:28:44','2018-07-13 03:29:44'),(2,1,'2018-07-13 03:28:44','2018-07-13 03:29:44'),(1,4,'2018-07-13 03:28:56','2018-07-13 03:29:56'),(2,4,'2018-07-13 03:28:56','2018-07-13 03:29:56'),(1,2,'2018-07-13 03:28:57','2018-07-13 03:29:57'),(2,2,'2018-07-13 03:28:57','2018-07-13 03:29:57'),(1,3,'2018-07-13 03:28:58','2018-07-13 03:29:58'),(2,3,'2018-07-13 03:28:58','2018-07-13 03:29:58'),(1,5,'2018-07-13 03:29:35','2018-07-13 03:30:35'),(2,5,'2018-07-13 03:29:35','2018-07-13 03:30:35'),(1,1,'2018-07-13 03:29:44','2018-07-13 03:30:44'),(2,1,'2018-07-13 03:29:44','2018-07-13 03:30:44'),(1,4,'2018-07-13 03:29:56','2018-07-13 03:30:56'),(2,4,'2018-07-13 03:29:56','2018-07-13 03:30:56'),(1,2,'2018-07-13 03:29:57','2018-07-13 03:30:57'),(2,2,'2018-07-13 03:29:57','2018-07-13 03:30:57'),(1,3,'2018-07-13 03:29:58','2018-07-13 03:30:58'),(2,3,'2018-07-13 03:29:58','2018-07-13 03:30:58'),(1,5,'2018-07-13 03:30:35','2018-07-13 03:31:35'),(2,5,'2018-07-13 03:30:35','2018-07-13 03:31:35'),(1,1,'2018-07-13 03:30:44','2018-07-13 03:31:44'),(2,1,'2018-07-13 03:30:44','2018-07-13 03:31:44'),(1,4,'2018-07-13 03:30:56','2018-07-13 03:31:56'),(2,4,'2018-07-13 03:30:56','2018-07-13 03:31:56'),(1,2,'2018-07-13 03:30:57','2018-07-13 03:31:57'),(2,2,'2018-07-13 03:30:57','2018-07-13 03:31:57'),(1,3,'2018-07-13 03:30:58','2018-07-13 03:31:58'),(2,3,'2018-07-13 03:30:58','2018-07-13 03:31:58'),(1,5,'2018-07-13 03:31:35','2018-07-13 03:32:35'),(2,5,'2018-07-13 03:31:35','2018-07-13 03:32:35'),(1,1,'2018-07-13 03:31:44','2018-07-13 03:32:44'),(2,1,'2018-07-13 03:31:44','2018-07-13 03:32:44'),(1,4,'2018-07-13 03:31:56','2018-07-13 03:32:56'),(2,4,'2018-07-13 03:31:56','2018-07-13 03:32:56'),(1,2,'2018-07-13 03:31:57','2018-07-13 03:32:57'),(2,2,'2018-07-13 03:31:57','2018-07-13 03:32:57'),(1,3,'2018-07-13 03:31:58','2018-07-13 03:32:58'),(2,3,'2018-07-13 03:31:58','2018-07-13 03:32:58'),(1,5,'2018-07-13 03:32:35','2018-07-13 03:33:35'),(2,5,'2018-07-13 03:32:35','2018-07-13 03:33:35'),(1,1,'2018-07-13 03:32:44','2018-07-13 03:33:44'),(2,1,'2018-07-13 03:32:44','2018-07-13 03:33:44'),(1,4,'2018-07-13 03:32:56','2018-07-13 03:33:56'),(2,4,'2018-07-13 03:32:56','2018-07-13 03:33:56'),(1,2,'2018-07-13 03:32:57','2018-07-13 03:33:57'),(2,2,'2018-07-13 03:32:57','2018-07-13 03:33:57'),(1,3,'2018-07-13 03:32:58','2018-07-13 03:33:58'),(2,3,'2018-07-13 03:32:58','2018-07-13 03:33:58'),(1,5,'2018-07-13 03:33:35','2018-07-13 03:34:35'),(2,5,'2018-07-13 03:33:35','2018-07-13 03:34:35'),(1,1,'2018-07-13 03:33:44','2018-07-13 03:34:44'),(2,1,'2018-07-13 03:33:44','2018-07-13 03:34:44'),(1,4,'2018-07-13 03:33:56','2018-07-13 03:34:56'),(2,4,'2018-07-13 03:33:56','2018-07-13 03:34:56'),(1,2,'2018-07-13 03:33:57','2018-07-13 03:34:57'),(2,2,'2018-07-13 03:33:57','2018-07-13 03:34:57'),(1,3,'2018-07-13 03:33:58','2018-07-13 03:34:58'),(2,3,'2018-07-13 03:33:58','2018-07-13 03:34:58'),(1,5,'2018-07-13 03:34:35','2018-07-13 03:35:35'),(2,5,'2018-07-13 03:34:35','2018-07-13 03:35:35'),(1,1,'2018-07-13 03:34:44','2018-07-13 03:35:44'),(2,1,'2018-07-13 03:34:44','2018-07-13 03:35:44'),(1,4,'2018-07-13 03:34:56','2018-07-13 03:35:56'),(2,4,'2018-07-13 03:34:56','2018-07-13 03:35:56'),(1,2,'2018-07-13 03:34:57','2018-07-13 03:35:57'),(2,2,'2018-07-13 03:34:57','2018-07-13 03:35:57'),(1,3,'2018-07-13 03:34:58','2018-07-13 03:35:58'),(2,3,'2018-07-13 03:34:58','2018-07-13 03:35:58'),(1,5,'2018-07-13 03:35:35','2018-07-13 03:36:35'),(2,5,'2018-07-13 03:35:35','2018-07-13 03:36:35'),(1,1,'2018-07-13 03:35:44','2018-07-13 03:36:44'),(2,1,'2018-07-13 03:35:44','2018-07-13 03:36:44'),(1,4,'2018-07-13 03:35:56','2018-07-13 03:36:56'),(2,4,'2018-07-13 03:35:56','2018-07-13 03:36:56'),(1,2,'2018-07-13 03:35:57','2018-07-13 03:36:57'),(2,2,'2018-07-13 03:35:57','2018-07-13 03:36:57'),(1,3,'2018-07-13 03:35:58','2018-07-13 03:36:58'),(2,3,'2018-07-13 03:35:58','2018-07-13 03:36:58'),(1,5,'2018-07-13 03:36:35','2018-07-13 03:37:35'),(2,5,'2018-07-13 03:36:35','2018-07-13 03:37:35'),(1,1,'2018-07-13 03:36:44','2018-07-13 03:37:44'),(2,1,'2018-07-13 03:36:44','2018-07-13 03:37:44'),(1,4,'2018-07-13 03:36:56','2018-07-13 03:37:56'),(2,4,'2018-07-13 03:36:56','2018-07-13 03:37:56'),(1,2,'2018-07-13 03:36:57','2018-07-13 03:37:57'),(2,2,'2018-07-13 03:36:57','2018-07-13 03:37:57'),(1,3,'2018-07-13 03:36:58','2018-07-13 03:37:58'),(2,3,'2018-07-13 03:36:58','2018-07-13 03:37:58'),(1,5,'2018-07-13 03:37:35','2018-07-13 03:38:35'),(2,5,'2018-07-13 03:37:35','2018-07-13 03:38:35'),(1,1,'2018-07-13 03:37:44',NULL),(2,1,'2018-07-13 03:37:44',NULL),(1,4,'2018-07-13 03:37:56',NULL),(2,4,'2018-07-13 03:37:56',NULL),(1,2,'2018-07-13 03:37:57',NULL),(2,2,'2018-07-13 03:37:57',NULL),(1,3,'2018-07-13 03:37:58',NULL),(2,3,'2018-07-13 03:37:58',NULL),(1,5,'2018-07-13 03:38:35',NULL),(2,5,'2018-07-13 03:38:35',NULL),(3,7,'2018-07-13 03:52:53','2018-07-13 03:53:53'),(3,6,'2018-07-13 03:52:54','2018-07-13 03:53:54'),(3,8,'2018-07-13 03:53:00','2018-07-13 03:54:00'),(3,9,'2018-07-13 03:53:07','2018-07-13 03:54:07'),(3,7,'2018-07-13 03:53:53','2018-07-13 03:54:53'),(3,6,'2018-07-13 03:53:54','2018-07-13 03:54:54'),(3,8,'2018-07-13 03:54:00','2018-07-13 03:55:00'),(3,9,'2018-07-13 03:54:07','2018-07-13 03:55:07'),(3,7,'2018-07-13 03:54:53','2018-07-13 03:55:53'),(3,6,'2018-07-13 03:54:54','2018-07-13 03:55:54'),(3,8,'2018-07-13 03:55:00','2018-07-13 03:56:00'),(3,9,'2018-07-13 03:55:07','2018-07-13 03:56:07'),(3,7,'2018-07-13 03:55:53','2018-07-13 03:56:53'),(3,6,'2018-07-13 03:55:54','2018-07-13 03:56:54'),(3,8,'2018-07-13 03:56:00','2018-07-13 03:57:00'),(3,9,'2018-07-13 03:56:07','2018-07-13 03:57:07'),(3,7,'2018-07-13 03:56:53','2018-07-13 03:57:53'),(3,6,'2018-07-13 03:56:54','2018-07-13 03:57:54'),(3,8,'2018-07-13 03:57:00','2018-07-13 03:58:00'),(3,9,'2018-07-13 03:57:07','2018-07-13 03:58:07'),(3,7,'2018-07-13 03:57:53','2018-07-13 03:58:53'),(3,6,'2018-07-13 03:57:54','2018-07-13 03:58:54'),(3,8,'2018-07-13 03:58:00','2018-07-13 03:59:00'),(3,9,'2018-07-13 03:58:07','2018-07-13 03:59:07'),(3,7,'2018-07-13 03:58:53','2018-07-13 03:59:53'),(3,6,'2018-07-13 03:58:54','2018-07-13 03:59:54'),(3,8,'2018-07-13 03:59:00','2018-07-13 04:00:00'),(3,9,'2018-07-13 03:59:07','2018-07-13 04:00:07'),(3,7,'2018-07-13 03:59:53','2018-07-13 04:00:53'),(3,6,'2018-07-13 03:59:54','2018-07-13 04:00:54'),(3,8,'2018-07-13 04:00:00','2018-07-13 04:01:00'),(3,9,'2018-07-13 04:00:07','2018-07-13 04:01:07'),(3,7,'2018-07-13 04:00:53','2018-07-13 04:01:53'),(3,6,'2018-07-13 04:00:54','2018-07-13 04:01:54'),(3,8,'2018-07-13 04:01:00','2018-07-13 04:02:00'),(3,9,'2018-07-13 04:01:07','2018-07-13 04:02:07'),(3,7,'2018-07-13 04:01:53','2018-07-13 04:02:53'),(3,6,'2018-07-13 04:01:54','2018-07-13 04:02:54'),(3,8,'2018-07-13 04:02:00','2018-07-13 04:03:00'),(3,9,'2018-07-13 04:02:07','2018-07-13 04:03:07'),(3,7,'2018-07-13 04:02:53','2018-07-13 04:03:53'),(3,6,'2018-07-13 04:02:54','2018-07-13 04:03:54'),(3,8,'2018-07-13 04:03:00','2018-07-13 04:04:00'),(3,9,'2018-07-13 04:03:07','2018-07-13 04:04:07'),(3,7,'2018-07-13 04:03:53','2018-07-13 04:04:53'),(3,6,'2018-07-13 04:03:54','2018-07-13 04:04:54'),(3,8,'2018-07-13 04:04:00','2018-07-13 04:05:00'),(3,9,'2018-07-13 04:04:07','2018-07-13 04:05:07'),(3,7,'2018-07-13 04:04:53','2018-07-13 04:05:53'),(3,6,'2018-07-13 04:04:54','2018-07-13 04:05:54'),(3,8,'2018-07-13 04:05:00','2018-07-13 04:06:00'),(3,9,'2018-07-13 04:05:07','2018-07-13 04:06:07'),(3,7,'2018-07-13 04:05:53','2018-07-13 04:06:53'),(3,6,'2018-07-13 04:05:54','2018-07-13 04:06:54'),(3,8,'2018-07-13 04:06:00','2018-07-13 04:07:00'),(3,9,'2018-07-13 04:06:07','2018-07-13 04:07:07'),(3,7,'2018-07-13 04:06:53','2018-07-13 04:07:53'),(3,6,'2018-07-13 04:06:54','2018-07-13 04:07:54'),(3,8,'2018-07-13 04:07:00','2018-07-13 04:08:00'),(3,9,'2018-07-13 04:07:07','2018-07-13 04:08:07'),(3,7,'2018-07-13 04:07:53','2018-07-13 04:08:53'),(3,6,'2018-07-13 04:07:54','2018-07-13 04:08:54'),(3,8,'2018-07-13 04:08:00','2018-07-13 04:09:00'),(3,9,'2018-07-13 04:08:07','2018-07-13 04:09:07'),(3,7,'2018-07-13 04:08:53','2018-07-13 04:09:53'),(3,6,'2018-07-13 04:08:54','2018-07-13 04:09:54'),(3,8,'2018-07-13 04:09:00','2018-07-13 04:10:00'),(3,9,'2018-07-13 04:09:07','2018-07-13 04:10:07'),(3,7,'2018-07-13 04:09:53','2018-07-13 04:10:53'),(3,6,'2018-07-13 04:09:54','2018-07-13 04:10:54'),(3,8,'2018-07-13 04:10:00','2018-07-13 04:11:00'),(3,9,'2018-07-13 04:10:07','2018-07-13 04:11:07'),(3,7,'2018-07-13 04:10:53','2018-07-13 04:11:53'),(3,6,'2018-07-13 04:10:54','2018-07-13 04:11:54'),(3,8,'2018-07-13 04:11:00','2018-07-13 04:12:00'),(3,9,'2018-07-13 04:11:07','2018-07-13 04:12:07'),(3,7,'2018-07-13 04:11:53','2018-07-13 04:12:53'),(3,6,'2018-07-13 04:11:54','2018-07-13 04:12:54'),(3,8,'2018-07-13 04:12:00','2018-07-13 04:13:00'),(3,9,'2018-07-13 04:12:07','2018-07-13 04:13:07'),(3,7,'2018-07-13 04:12:53','2018-07-13 04:13:53'),(3,6,'2018-07-13 04:12:54','2018-07-13 04:13:54'),(3,8,'2018-07-13 04:13:00','2018-07-13 04:14:00'),(3,9,'2018-07-13 04:13:07','2018-07-13 04:14:07'),(3,7,'2018-07-13 04:13:53','2018-07-13 04:14:53'),(3,6,'2018-07-13 04:13:54','2018-07-13 04:14:54'),(3,8,'2018-07-13 04:14:00','2018-07-13 04:15:00'),(3,9,'2018-07-13 04:14:07','2018-07-13 04:15:07'),(3,7,'2018-07-13 04:14:53','2018-07-13 04:15:53'),(3,6,'2018-07-13 04:14:54','2018-07-13 04:15:54'),(3,8,'2018-07-13 04:15:00','2018-07-13 04:16:00'),(3,9,'2018-07-13 04:15:07','2018-07-13 04:16:07'),(3,7,'2018-07-13 04:15:53','2018-07-13 04:16:53'),(3,6,'2018-07-13 04:15:54','2018-07-13 04:16:54'),(3,8,'2018-07-13 04:16:00','2018-07-13 04:17:00'),(3,9,'2018-07-13 04:16:07','2018-07-13 04:17:07'),(3,7,'2018-07-13 04:16:53','2018-07-13 04:17:53'),(3,6,'2018-07-13 04:16:54','2018-07-13 04:17:54'),(3,8,'2018-07-13 04:17:00','2018-07-13 04:18:00'),(3,9,'2018-07-13 04:17:07','2018-07-13 04:18:07'),(3,7,'2018-07-13 04:17:53',NULL),(3,6,'2018-07-13 04:17:54',NULL),(3,8,'2018-07-13 04:18:00',NULL),(3,9,'2018-07-13 04:18:07',NULL),(1,10,'2018-07-16 22:55:04','2018-07-16 22:56:34'),(7,10,'2018-07-16 22:55:04','2018-07-16 22:56:34'),(1,11,'2018-07-16 22:56:26','2018-07-16 22:57:56'),(7,11,'2018-07-16 22:56:26','2018-07-16 22:57:56'),(1,10,'2018-07-16 22:56:34','2018-07-16 22:58:04'),(7,10,'2018-07-16 22:56:34','2018-07-16 22:58:04'),(1,11,'2018-07-16 22:57:56','2018-07-16 22:59:26'),(7,11,'2018-07-16 22:57:56','2018-07-16 22:59:26'),(1,10,'2018-07-16 22:58:04','2018-07-16 22:59:34'),(7,10,'2018-07-16 22:58:04','2018-07-16 22:59:34'),(1,11,'2018-07-16 22:59:26','2018-07-16 23:00:56'),(7,11,'2018-07-16 22:59:26','2018-07-16 23:00:56'),(1,10,'2018-07-16 22:59:34','2018-07-16 23:01:04'),(7,10,'2018-07-16 22:59:34','2018-07-16 23:01:04'),(1,11,'2018-07-16 23:00:56','2018-07-16 23:02:26'),(7,11,'2018-07-16 23:00:56','2018-07-16 23:02:26'),(1,10,'2018-07-16 23:01:04','2018-07-16 23:02:34'),(7,10,'2018-07-16 23:01:04','2018-07-16 23:02:34'),(1,11,'2018-07-16 23:02:26','2018-07-16 23:03:56'),(7,11,'2018-07-16 23:02:26','2018-07-16 23:03:56'),(1,10,'2018-07-16 23:02:34','2018-07-16 23:04:04'),(7,10,'2018-07-16 23:02:34','2018-07-16 23:04:04'),(1,11,'2018-07-16 23:03:56','2018-07-16 23:05:26'),(7,11,'2018-07-16 23:03:56','2018-07-16 23:05:26'),(1,10,'2018-07-16 23:04:04','2018-07-16 23:05:34'),(7,10,'2018-07-16 23:04:04','2018-07-16 23:05:34'),(3,12,'2018-07-16 23:04:12','2018-07-16 23:05:12'),(3,13,'2018-07-16 23:04:19','2018-07-16 23:05:19'),(3,12,'2018-07-16 23:05:12','2018-07-16 23:06:12'),(3,13,'2018-07-16 23:05:19','2018-07-16 23:06:19'),(1,11,'2018-07-16 23:05:26','2018-07-16 23:06:56'),(7,11,'2018-07-16 23:05:26','2018-07-16 23:06:56'),(1,10,'2018-07-16 23:05:34','2018-07-16 23:07:04'),(7,10,'2018-07-16 23:05:34','2018-07-16 23:07:04'),(3,12,'2018-07-16 23:06:12','2018-07-16 23:07:12'),(3,13,'2018-07-16 23:06:19','2018-07-16 23:07:19'),(1,11,'2018-07-16 23:06:56','2018-07-16 23:08:26'),(7,11,'2018-07-16 23:06:56','2018-07-16 23:08:26'),(1,10,'2018-07-16 23:07:04','2018-07-16 23:08:34'),(7,10,'2018-07-16 23:07:04','2018-07-16 23:08:34'),(3,12,'2018-07-16 23:07:12','2018-07-16 23:08:12'),(3,13,'2018-07-16 23:07:19','2018-07-16 23:08:19'),(3,12,'2018-07-16 23:08:12','2018-07-16 23:09:12'),(3,13,'2018-07-16 23:08:19','2018-07-16 23:09:19'),(1,11,'2018-07-16 23:08:26','2018-07-16 23:09:56'),(7,11,'2018-07-16 23:08:26','2018-07-16 23:09:56'),(1,10,'2018-07-16 23:08:34','2018-07-16 23:10:04'),(7,10,'2018-07-16 23:08:34','2018-07-16 23:10:04'),(3,12,'2018-07-16 23:09:12','2018-07-16 23:10:12'),(3,13,'2018-07-16 23:09:19','2018-07-16 23:10:19'),(1,11,'2018-07-16 23:09:56','2018-07-16 23:11:26'),(7,11,'2018-07-16 23:09:56','2018-07-16 23:11:26'),(1,10,'2018-07-16 23:10:04','2018-07-16 23:11:34'),(7,10,'2018-07-16 23:10:04','2018-07-16 23:11:34'),(3,12,'2018-07-16 23:10:12','2018-07-16 23:11:12'),(3,13,'2018-07-16 23:10:19','2018-07-16 23:11:19'),(1,11,'2018-07-16 23:11:26','2018-07-16 23:12:56'),(7,11,'2018-07-16 23:11:26','2018-07-16 23:12:56'),(1,10,'2018-07-16 23:11:34','2018-07-16 23:13:04'),(7,10,'2018-07-16 23:11:34','2018-07-16 23:13:04'),(3,12,'2018-07-16 23:11:12','2018-07-16 23:12:12'),(3,13,'2018-07-16 23:11:19','2018-07-16 23:12:19'),(3,12,'2018-07-16 23:12:12','2018-07-16 23:13:12'),(3,13,'2018-07-16 23:12:19','2018-07-16 23:13:19'),(1,11,'2018-07-16 23:12:56','2018-07-16 23:14:26'),(7,11,'2018-07-16 23:12:56','2018-07-16 23:14:26'),(1,10,'2018-07-16 23:13:04','2018-07-16 23:14:34'),(7,10,'2018-07-16 23:13:04','2018-07-16 23:14:34'),(3,12,'2018-07-16 23:13:12','2018-07-16 23:14:12'),(3,13,'2018-07-16 23:13:19','2018-07-16 23:14:19'),(1,11,'2018-07-16 23:14:26','2018-07-16 23:15:56'),(7,11,'2018-07-16 23:14:26','2018-07-16 23:15:56'),(1,10,'2018-07-16 23:14:34','2018-07-16 23:16:04'),(7,10,'2018-07-16 23:14:34','2018-07-16 23:16:04'),(3,12,'2018-07-16 23:14:12','2018-07-16 23:15:12'),(3,13,'2018-07-16 23:14:19','2018-07-16 23:15:19'),(1,11,'2018-07-16 23:15:56','2018-07-16 23:16:41'),(7,11,'2018-07-16 23:15:56','2018-07-16 23:16:41'),(1,10,'2018-07-16 23:16:04','2018-07-16 23:16:49'),(7,10,'2018-07-16 23:16:04','2018-07-16 23:16:49'),(3,12,'2018-07-16 23:15:12','2018-07-16 23:16:12'),(3,13,'2018-07-16 23:15:19','2018-07-16 23:16:19'),(3,12,'2018-07-16 23:16:12','2018-07-16 23:16:42'),(3,13,'2018-07-16 23:16:19','2018-07-16 23:16:49'),(1,14,'2018-07-17 16:24:02','2018-07-17 16:25:02'),(2,14,'2018-07-17 16:24:02','2018-07-17 16:25:02'),(1,15,'2018-07-17 16:24:53','2018-07-17 16:25:53'),(2,15,'2018-07-17 16:24:53','2018-07-17 16:25:53'),(1,16,'2018-07-17 16:24:59','2018-07-17 16:25:59'),(2,16,'2018-07-17 16:24:59','2018-07-17 16:25:59'),(1,14,'2018-07-17 16:25:02','2018-07-17 16:26:02'),(2,14,'2018-07-17 16:25:02','2018-07-17 16:26:02'),(1,17,'2018-07-17 16:25:04','2018-07-17 16:26:04'),(2,17,'2018-07-17 16:25:04','2018-07-17 16:26:04'),(1,18,'2018-07-17 16:25:25','2018-07-17 16:26:25'),(2,18,'2018-07-17 16:25:25','2018-07-17 16:26:25'),(1,15,'2018-07-17 16:25:53','2018-07-17 16:26:53'),(2,15,'2018-07-17 16:25:53','2018-07-17 16:26:53'),(1,16,'2018-07-17 16:25:59','2018-07-17 16:26:59'),(2,16,'2018-07-17 16:25:59','2018-07-17 16:26:59'),(1,14,'2018-07-17 16:26:02','2018-07-17 16:27:02'),(2,14,'2018-07-17 16:26:02','2018-07-17 16:27:02'),(1,17,'2018-07-17 16:26:04','2018-07-17 16:27:04'),(2,17,'2018-07-17 16:26:04','2018-07-17 16:27:04'),(1,18,'2018-07-17 16:26:25','2018-07-17 16:27:25'),(2,18,'2018-07-17 16:26:25','2018-07-17 16:27:25'),(1,15,'2018-07-17 16:26:53','2018-07-17 16:27:53'),(2,15,'2018-07-17 16:26:53','2018-07-17 16:27:53'),(1,16,'2018-07-17 16:26:59','2018-07-17 16:27:59'),(2,16,'2018-07-17 16:26:59','2018-07-17 16:27:59'),(1,14,'2018-07-17 16:27:02','2018-07-17 16:28:02'),(2,14,'2018-07-17 16:27:02','2018-07-17 16:28:02'),(1,17,'2018-07-17 16:27:04','2018-07-17 16:28:04'),(2,17,'2018-07-17 16:27:04','2018-07-17 16:28:04'),(1,18,'2018-07-17 16:27:25','2018-07-17 16:28:25'),(2,18,'2018-07-17 16:27:25','2018-07-17 16:28:25'),(2,16,'2018-07-17 16:32:49','2018-07-17 16:33:49'),(1,16,'2018-07-17 16:32:49','2018-07-17 16:33:49'),(2,16,'2018-07-17 16:30:49','2018-07-17 16:31:49'),(1,16,'2018-07-17 16:30:49','2018-07-17 16:31:49'),(2,14,'2018-07-17 16:32:52','2018-07-17 16:33:52'),(1,14,'2018-07-17 16:32:52','2018-07-17 16:33:52'),(3,19,'2018-07-17 16:32:25','2018-07-17 16:33:25'),(2,16,'2018-07-17 16:31:49','2018-07-17 16:32:49'),(3,19,'2018-07-17 16:28:16','2018-07-17 16:29:16'),(1,16,'2018-07-17 16:31:49','2018-07-17 16:32:49'),(3,19,'2018-07-17 16:31:25','2018-07-17 16:32:25'),(1,15,'2018-07-17 16:32:52','2018-07-17 16:33:52'),(2,15,'2018-07-17 16:32:52','2018-07-17 16:33:52'),(1,17,'2018-07-17 16:32:52','2018-07-17 16:33:52'),(2,17,'2018-07-17 16:32:52','2018-07-17 16:33:52'),(1,18,'2018-07-17 16:32:52','2018-07-17 16:33:52'),(2,18,'2018-07-17 16:32:52','2018-07-17 16:33:52'),(1,16,'2018-07-17 16:33:49','2018-07-17 16:34:49'),(2,16,'2018-07-17 16:33:49','2018-07-17 16:34:49'),(1,14,'2018-07-17 16:33:52','2018-07-17 16:34:52'),(2,14,'2018-07-17 16:33:52','2018-07-17 16:34:52'),(1,15,'2018-07-17 16:33:52','2018-07-17 16:34:52'),(2,15,'2018-07-17 16:33:52','2018-07-17 16:34:52'),(1,17,'2018-07-17 16:33:52','2018-07-17 16:34:52'),(2,17,'2018-07-17 16:33:52','2018-07-17 16:34:52'),(1,18,'2018-07-17 16:33:52','2018-07-17 16:34:52'),(2,18,'2018-07-17 16:33:52','2018-07-17 16:34:52'),(1,16,'2018-07-17 16:34:49','2018-07-17 16:35:49'),(2,16,'2018-07-17 16:34:49','2018-07-17 16:35:49'),(1,14,'2018-07-17 16:34:52','2018-07-17 16:35:52'),(2,14,'2018-07-17 16:34:52','2018-07-17 16:35:52'),(1,15,'2018-07-17 16:34:52','2018-07-17 16:35:52'),(2,15,'2018-07-17 16:34:52','2018-07-17 16:35:52'),(1,17,'2018-07-17 16:34:52','2018-07-17 16:35:52'),(2,17,'2018-07-17 16:34:52','2018-07-17 16:35:52'),(1,18,'2018-07-17 16:34:52','2018-07-17 16:35:52'),(2,18,'2018-07-17 16:34:52','2018-07-17 16:35:52'),(3,19,'2018-07-17 16:35:45','2018-07-17 16:36:45'),(1,16,'2018-07-17 16:35:49','2018-07-17 16:36:49'),(2,16,'2018-07-17 16:35:49','2018-07-17 16:36:49'),(1,14,'2018-07-17 16:35:52','2018-07-17 16:36:52'),(2,14,'2018-07-17 16:35:52','2018-07-17 16:36:52'),(1,15,'2018-07-17 16:35:52','2018-07-17 16:36:52'),(2,15,'2018-07-17 16:35:52','2018-07-17 16:36:52'),(1,17,'2018-07-17 16:35:52','2018-07-17 16:36:52'),(2,17,'2018-07-17 16:35:52','2018-07-17 16:36:52'),(1,18,'2018-07-17 16:35:52','2018-07-17 16:36:52'),(2,18,'2018-07-17 16:35:52','2018-07-17 16:36:52'),(3,19,'2018-07-17 16:36:45','2018-07-17 16:37:45'),(1,16,'2018-07-17 16:36:49','2018-07-17 16:37:49'),(2,16,'2018-07-17 16:36:49','2018-07-17 16:37:49'),(1,14,'2018-07-17 16:36:52','2018-07-17 16:37:52'),(2,14,'2018-07-17 16:36:52','2018-07-17 16:37:52'),(1,15,'2018-07-17 16:36:52','2018-07-17 16:37:52'),(2,15,'2018-07-17 16:36:52','2018-07-17 16:37:52'),(1,17,'2018-07-17 16:36:52','2018-07-17 16:37:52'),(2,17,'2018-07-17 16:36:52','2018-07-17 16:37:52'),(1,18,'2018-07-17 16:36:52','2018-07-17 16:37:52'),(2,18,'2018-07-17 16:36:52','2018-07-17 16:37:52'),(3,19,'2018-07-17 16:37:45','2018-07-17 16:38:45'),(1,16,'2018-07-17 16:37:49','2018-07-17 16:38:49'),(2,16,'2018-07-17 16:37:49','2018-07-17 16:38:49'),(1,14,'2018-07-17 16:37:52','2018-07-17 16:38:52'),(2,14,'2018-07-17 16:37:52','2018-07-17 16:38:52'),(1,15,'2018-07-17 16:37:52','2018-07-17 16:38:52'),(2,15,'2018-07-17 16:37:52','2018-07-17 16:38:52'),(1,17,'2018-07-17 16:37:52','2018-07-17 16:38:52'),(2,17,'2018-07-17 16:37:52','2018-07-17 16:38:52'),(1,18,'2018-07-17 16:37:52','2018-07-17 16:38:52'),(2,18,'2018-07-17 16:37:52','2018-07-17 16:38:52'),(3,19,'2018-07-17 16:38:45','2018-07-17 16:39:45'),(1,16,'2018-07-17 16:38:49','2018-07-17 16:39:49'),(2,16,'2018-07-17 16:38:49','2018-07-17 16:39:49'),(1,14,'2018-07-17 16:38:52','2018-07-17 16:39:52'),(2,14,'2018-07-17 16:38:52','2018-07-17 16:39:52'),(1,15,'2018-07-17 16:38:52','2018-07-17 16:39:52'),(2,15,'2018-07-17 16:38:52','2018-07-17 16:39:52'),(1,17,'2018-07-17 16:38:52','2018-07-17 16:39:52'),(2,17,'2018-07-17 16:38:52','2018-07-17 16:39:52'),(1,18,'2018-07-17 16:38:52','2018-07-17 16:39:52'),(2,18,'2018-07-17 16:38:52','2018-07-17 16:39:52'),(1,16,'2018-07-17 16:40:49','2018-07-17 16:41:49'),(1,16,'2018-07-17 16:39:49','2018-07-17 16:40:49'),(2,16,'2018-07-17 16:39:49','2018-07-17 16:40:49'),(1,14,'2018-07-17 16:39:52','2018-07-17 16:40:52'),(2,14,'2018-07-17 16:39:52','2018-07-17 16:40:52'),(1,15,'2018-07-17 16:39:52','2018-07-17 16:40:52'),(2,15,'2018-07-17 16:39:52','2018-07-17 16:40:52'),(1,17,'2018-07-17 16:39:52','2018-07-17 16:40:52'),(2,17,'2018-07-17 16:39:52','2018-07-17 16:40:52'),(1,18,'2018-07-17 16:39:52','2018-07-17 16:40:52'),(2,18,'2018-07-17 16:39:52','2018-07-17 16:40:52'),(2,16,'2018-07-17 16:40:49','2018-07-17 16:41:49'),(1,14,'2018-07-17 16:40:52','2018-07-17 16:41:52'),(2,14,'2018-07-17 16:40:52','2018-07-17 16:41:52'),(1,15,'2018-07-17 16:40:52','2018-07-17 16:41:52'),(2,15,'2018-07-17 16:40:52','2018-07-17 16:41:52'),(1,17,'2018-07-17 16:40:52','2018-07-17 16:41:52'),(2,17,'2018-07-17 16:40:52','2018-07-17 16:41:52'),(1,18,'2018-07-17 16:40:52','2018-07-17 16:41:52'),(2,18,'2018-07-17 16:40:52','2018-07-17 16:41:52'),(1,16,'2018-07-17 16:41:49','2018-07-17 16:42:49'),(2,16,'2018-07-17 16:41:49','2018-07-17 16:42:49'),(1,14,'2018-07-17 16:41:52','2018-07-17 16:42:52'),(2,14,'2018-07-17 16:41:52','2018-07-17 16:42:52'),(1,15,'2018-07-17 16:41:52','2018-07-17 16:42:52'),(2,15,'2018-07-17 16:41:52','2018-07-17 16:42:52'),(1,17,'2018-07-17 16:41:52','2018-07-17 16:42:52'),(2,17,'2018-07-17 16:41:52','2018-07-17 16:42:52'),(1,18,'2018-07-17 16:41:52','2018-07-17 16:42:52'),(2,18,'2018-07-17 16:41:52','2018-07-17 16:42:52'),(1,16,'2018-07-17 16:42:49','2018-07-17 16:43:49'),(2,16,'2018-07-17 16:42:49','2018-07-17 16:43:49'),(1,14,'2018-07-17 16:42:52','2018-07-17 16:43:52'),(2,14,'2018-07-17 16:42:52','2018-07-17 16:43:52'),(1,15,'2018-07-17 16:42:52','2018-07-17 16:43:52'),(2,15,'2018-07-17 16:42:52','2018-07-17 16:43:52'),(1,17,'2018-07-17 16:42:52','2018-07-17 16:43:52'),(2,17,'2018-07-17 16:42:52','2018-07-17 16:43:52'),(1,18,'2018-07-17 16:42:52','2018-07-17 16:43:52'),(2,18,'2018-07-17 16:42:52','2018-07-17 16:43:52'),(1,16,'2018-07-17 16:43:49','2018-07-17 16:44:49'),(2,16,'2018-07-17 16:43:49','2018-07-17 16:44:49'),(1,14,'2018-07-17 16:43:52','2018-07-17 16:44:52'),(2,14,'2018-07-17 16:43:52','2018-07-17 16:44:52'),(1,15,'2018-07-17 16:43:52','2018-07-17 16:44:52'),(2,15,'2018-07-17 16:43:52','2018-07-17 16:44:52'),(1,17,'2018-07-17 16:43:52','2018-07-17 16:44:52'),(2,17,'2018-07-17 16:43:52','2018-07-17 16:44:52'),(1,18,'2018-07-17 16:43:52','2018-07-17 16:44:52'),(2,18,'2018-07-17 16:43:52','2018-07-17 16:44:52'),(1,16,'2018-07-17 16:44:49',NULL),(2,16,'2018-07-17 16:44:49',NULL),(1,14,'2018-07-17 16:44:52',NULL),(2,14,'2018-07-17 16:44:52',NULL),(1,15,'2018-07-17 16:44:52',NULL),(2,15,'2018-07-17 16:44:52',NULL),(1,17,'2018-07-17 16:44:52',NULL),(2,17,'2018-07-17 16:44:52',NULL),(1,18,'2018-07-17 16:44:52',NULL),(2,18,'2018-07-17 16:44:52',NULL),(1,20,'2018-07-17 18:19:09','2018-07-17 18:19:39'),(2,20,'2018-07-17 18:19:09','2018-07-17 18:19:39'),(1,21,'2018-07-17 18:19:36','2018-07-17 18:20:06'),(2,21,'2018-07-17 18:19:36','2018-07-17 18:20:06'),(1,20,'2018-07-17 18:19:39','2018-07-17 18:20:09'),(2,20,'2018-07-17 18:19:39','2018-07-17 18:20:09'),(1,22,'2018-07-17 18:20:01','2018-07-17 18:20:31'),(2,22,'2018-07-17 18:20:01','2018-07-17 18:20:31'),(1,21,'2018-07-17 18:20:06','2018-07-17 18:20:36'),(2,21,'2018-07-17 18:20:06','2018-07-17 18:20:36'),(1,20,'2018-07-17 18:20:09','2018-07-17 18:20:39'),(2,20,'2018-07-17 18:20:09','2018-07-17 18:20:39'),(1,23,'2018-07-17 18:20:13','2018-07-17 18:20:43'),(2,23,'2018-07-17 18:20:13','2018-07-17 18:20:43'),(1,22,'2018-07-17 18:20:31','2018-07-17 18:21:01'),(2,22,'2018-07-17 18:20:31','2018-07-17 18:21:01'),(1,21,'2018-07-17 18:20:36','2018-07-17 18:21:06'),(2,21,'2018-07-17 18:20:36','2018-07-17 18:21:06'),(1,20,'2018-07-17 18:20:39','2018-07-17 18:21:09'),(2,20,'2018-07-17 18:20:39','2018-07-17 18:21:09'),(1,23,'2018-07-17 18:20:43','2018-07-17 18:21:13'),(2,23,'2018-07-17 18:20:43','2018-07-17 18:21:13'),(1,24,'2018-07-17 18:20:50','2018-07-17 18:21:20'),(2,24,'2018-07-17 18:20:50','2018-07-17 18:21:20'),(1,22,'2018-07-17 18:21:01','2018-07-17 18:21:31'),(2,22,'2018-07-17 18:21:01','2018-07-17 18:21:31'),(1,21,'2018-07-17 18:21:06','2018-07-17 18:21:36'),(2,21,'2018-07-17 18:21:06','2018-07-17 18:21:36'),(1,20,'2018-07-17 18:21:09','2018-07-17 18:21:39'),(2,20,'2018-07-17 18:21:09','2018-07-17 18:21:39'),(1,23,'2018-07-17 18:21:13','2018-07-17 18:21:43'),(2,23,'2018-07-17 18:21:13','2018-07-17 18:21:43'),(1,24,'2018-07-17 18:21:20','2018-07-17 18:21:50'),(2,24,'2018-07-17 18:21:20','2018-07-17 18:21:50'),(1,22,'2018-07-17 18:21:31','2018-07-17 18:22:01'),(2,22,'2018-07-17 18:21:31','2018-07-17 18:22:01'),(1,21,'2018-07-17 18:21:36','2018-07-17 18:22:06'),(2,21,'2018-07-17 18:21:36','2018-07-17 18:22:06'),(1,20,'2018-07-17 18:21:39','2018-07-17 18:22:09'),(2,20,'2018-07-17 18:21:39','2018-07-17 18:22:09'),(1,23,'2018-07-17 18:21:43','2018-07-17 18:22:13'),(2,23,'2018-07-17 18:21:43','2018-07-17 18:22:13'),(1,24,'2018-07-17 18:21:50','2018-07-17 18:22:20'),(2,24,'2018-07-17 18:21:50','2018-07-17 18:22:20'),(1,22,'2018-07-17 18:22:01','2018-07-17 18:22:31'),(2,22,'2018-07-17 18:22:01','2018-07-17 18:22:31'),(1,21,'2018-07-17 18:22:06','2018-07-17 18:22:36'),(2,21,'2018-07-17 18:22:06','2018-07-17 18:22:36'),(1,20,'2018-07-17 18:22:09','2018-07-17 18:22:39'),(2,20,'2018-07-17 18:22:09','2018-07-17 18:22:39'),(1,23,'2018-07-17 18:22:13','2018-07-17 18:22:43'),(2,23,'2018-07-17 18:22:13','2018-07-17 18:22:43'),(1,24,'2018-07-17 18:22:20','2018-07-17 18:22:50'),(2,24,'2018-07-17 18:22:20','2018-07-17 18:22:50'),(1,25,'2018-07-17 18:22:22','2018-07-17 18:22:52'),(2,25,'2018-07-17 18:22:22','2018-07-17 18:22:52'),(1,22,'2018-07-17 18:22:31','2018-07-17 18:23:01'),(2,22,'2018-07-17 18:22:31','2018-07-17 18:23:01'),(1,21,'2018-07-17 18:22:36','2018-07-17 18:23:06'),(2,21,'2018-07-17 18:22:36','2018-07-17 18:23:06'),(1,20,'2018-07-17 18:22:39','2018-07-17 18:23:09'),(2,20,'2018-07-17 18:22:39','2018-07-17 18:23:09'),(1,23,'2018-07-17 18:22:43','2018-07-17 18:23:13'),(2,23,'2018-07-17 18:22:43','2018-07-17 18:23:13'),(1,24,'2018-07-17 18:22:50','2018-07-17 18:23:20'),(2,24,'2018-07-17 18:22:50','2018-07-17 18:23:20'),(1,25,'2018-07-17 18:22:52','2018-07-17 18:23:22'),(2,25,'2018-07-17 18:22:52','2018-07-17 18:23:22'),(1,22,'2018-07-17 18:23:01','2018-07-17 18:23:31'),(2,22,'2018-07-17 18:23:01','2018-07-17 18:23:31'),(1,21,'2018-07-17 18:23:06','2018-07-17 18:23:36'),(2,21,'2018-07-17 18:23:06','2018-07-17 18:23:36'),(1,20,'2018-07-17 18:23:09','2018-07-17 18:23:39'),(2,20,'2018-07-17 18:23:09','2018-07-17 18:23:39'),(1,23,'2018-07-17 18:23:13','2018-07-17 18:23:43'),(2,23,'2018-07-17 18:23:13','2018-07-17 18:23:43'),(1,24,'2018-07-17 18:23:20','2018-07-17 18:23:50'),(2,24,'2018-07-17 18:23:20','2018-07-17 18:23:50'),(1,25,'2018-07-17 18:23:22','2018-07-17 18:23:52'),(2,25,'2018-07-17 18:23:22','2018-07-17 18:23:52'),(1,22,'2018-07-17 18:23:31','2018-07-17 18:24:01'),(2,22,'2018-07-17 18:23:31','2018-07-17 18:24:01'),(1,21,'2018-07-17 18:23:36','2018-07-17 18:24:06'),(2,21,'2018-07-17 18:23:36','2018-07-17 18:24:06'),(1,20,'2018-07-17 18:23:39','2018-07-17 18:24:09'),(2,20,'2018-07-17 18:23:39','2018-07-17 18:24:09'),(1,23,'2018-07-17 18:23:43','2018-07-17 18:24:13'),(2,23,'2018-07-17 18:23:43','2018-07-17 18:24:13'),(1,24,'2018-07-17 18:23:50','2018-07-17 18:24:20'),(2,24,'2018-07-17 18:23:50','2018-07-17 18:24:20'),(1,25,'2018-07-17 18:23:52','2018-07-17 18:24:22'),(2,25,'2018-07-17 18:23:52','2018-07-17 18:24:22'),(1,22,'2018-07-17 18:24:01','2018-07-17 18:24:31'),(2,22,'2018-07-17 18:24:01','2018-07-17 18:24:31'),(1,26,'2018-07-17 18:24:04','2018-07-17 18:24:34'),(2,26,'2018-07-17 18:24:04','2018-07-17 18:24:34'),(1,21,'2018-07-17 18:24:06','2018-07-17 18:24:36'),(2,21,'2018-07-17 18:24:06','2018-07-17 18:24:36'),(1,20,'2018-07-17 18:24:09','2018-07-17 18:24:39'),(2,20,'2018-07-17 18:24:09','2018-07-17 18:24:39'),(1,23,'2018-07-17 18:24:13','2018-07-17 18:24:43'),(2,23,'2018-07-17 18:24:13','2018-07-17 18:24:43'),(1,24,'2018-07-17 18:24:20','2018-07-17 18:24:50'),(2,24,'2018-07-17 18:24:20','2018-07-17 18:24:50'),(1,25,'2018-07-17 18:24:22','2018-07-17 18:24:52'),(2,25,'2018-07-17 18:24:22','2018-07-17 18:24:52'),(1,22,'2018-07-17 18:24:31','2018-07-17 18:25:01'),(2,22,'2018-07-17 18:24:31','2018-07-17 18:25:01'),(1,26,'2018-07-17 18:24:34','2018-07-17 18:25:04'),(2,26,'2018-07-17 18:24:34','2018-07-17 18:25:04'),(1,21,'2018-07-17 18:24:36','2018-07-17 18:25:06'),(2,21,'2018-07-17 18:24:36','2018-07-17 18:25:06'),(1,20,'2018-07-17 18:24:39','2018-07-17 18:25:09'),(2,20,'2018-07-17 18:24:39','2018-07-17 18:25:09'),(1,23,'2018-07-17 18:24:43','2018-07-17 18:25:13'),(2,23,'2018-07-17 18:24:43','2018-07-17 18:25:13'),(1,24,'2018-07-17 18:24:50','2018-07-17 18:25:20'),(2,24,'2018-07-17 18:24:50','2018-07-17 18:25:20'),(1,25,'2018-07-17 18:24:52','2018-07-17 18:25:22'),(2,25,'2018-07-17 18:24:52','2018-07-17 18:25:22'),(1,22,'2018-07-17 18:25:01','2018-07-17 18:25:31'),(2,22,'2018-07-17 18:25:01','2018-07-17 18:25:31'),(1,26,'2018-07-17 18:25:04','2018-07-17 18:25:34'),(2,26,'2018-07-17 18:25:04','2018-07-17 18:25:34'),(1,21,'2018-07-17 18:25:06','2018-07-17 18:25:36'),(2,21,'2018-07-17 18:25:06','2018-07-17 18:25:36'),(1,20,'2018-07-17 18:25:09','2018-07-17 18:25:39'),(2,20,'2018-07-17 18:25:09','2018-07-17 18:25:39'),(1,23,'2018-07-17 18:25:13','2018-07-17 18:25:43'),(2,23,'2018-07-17 18:25:13','2018-07-17 18:25:43'),(1,24,'2018-07-17 18:25:20','2018-07-17 18:25:50'),(2,24,'2018-07-17 18:25:20','2018-07-17 18:25:50'),(1,25,'2018-07-17 18:25:22','2018-07-17 18:25:52'),(2,25,'2018-07-17 18:25:22','2018-07-17 18:25:52'),(1,22,'2018-07-17 18:25:31','2018-07-17 18:26:01'),(2,22,'2018-07-17 18:25:31','2018-07-17 18:26:01'),(1,26,'2018-07-17 18:25:34','2018-07-17 18:26:04'),(2,26,'2018-07-17 18:25:34','2018-07-17 18:26:04'),(1,21,'2018-07-17 18:25:36','2018-07-17 18:26:06'),(2,21,'2018-07-17 18:25:36','2018-07-17 18:26:06'),(1,20,'2018-07-17 18:25:39','2018-07-17 18:26:09'),(2,20,'2018-07-17 18:25:39','2018-07-17 18:26:09'),(1,23,'2018-07-17 18:25:43','2018-07-17 18:26:13'),(2,23,'2018-07-17 18:25:43','2018-07-17 18:26:13'),(1,24,'2018-07-17 18:25:50','2018-07-17 18:26:20'),(2,24,'2018-07-17 18:25:50','2018-07-17 18:26:20'),(1,25,'2018-07-17 18:25:52','2018-07-17 18:26:22'),(2,25,'2018-07-17 18:25:52','2018-07-17 18:26:22'),(1,22,'2018-07-17 18:26:01','2018-07-17 18:26:31'),(2,22,'2018-07-17 18:26:01','2018-07-17 18:26:31'),(1,26,'2018-07-17 18:26:04','2018-07-17 18:26:34'),(2,26,'2018-07-17 18:26:04','2018-07-17 18:26:34'),(1,21,'2018-07-17 18:26:06','2018-07-17 18:26:36'),(2,21,'2018-07-17 18:26:06','2018-07-17 18:26:36'),(1,20,'2018-07-17 18:26:09','2018-07-17 18:26:39'),(2,20,'2018-07-17 18:26:09','2018-07-17 18:26:39'),(1,23,'2018-07-17 18:26:13','2018-07-17 18:26:43'),(2,23,'2018-07-17 18:26:13','2018-07-17 18:26:43'),(1,24,'2018-07-17 18:26:20','2018-07-17 18:26:50'),(2,24,'2018-07-17 18:26:20','2018-07-17 18:26:50'),(1,25,'2018-07-17 18:26:22','2018-07-17 18:26:52'),(2,25,'2018-07-17 18:26:22','2018-07-17 18:26:52'),(1,22,'2018-07-17 18:26:31','2018-07-17 18:27:01'),(2,22,'2018-07-17 18:26:31','2018-07-17 18:27:01'),(1,26,'2018-07-17 18:26:34','2018-07-17 18:27:04'),(2,26,'2018-07-17 18:26:34','2018-07-17 18:27:04'),(1,21,'2018-07-17 18:26:36','2018-07-17 18:27:06'),(2,21,'2018-07-17 18:26:36','2018-07-17 18:27:06'),(1,20,'2018-07-17 18:26:39','2018-07-17 18:27:09'),(2,20,'2018-07-17 18:26:39','2018-07-17 18:27:09'),(1,23,'2018-07-17 18:26:43','2018-07-17 18:27:13'),(2,23,'2018-07-17 18:26:43','2018-07-17 18:27:13'),(1,24,'2018-07-17 18:26:50','2018-07-17 18:27:20'),(2,24,'2018-07-17 18:26:50','2018-07-17 18:27:20'),(1,25,'2018-07-17 18:26:52','2018-07-17 18:27:22'),(2,25,'2018-07-17 18:26:52','2018-07-17 18:27:22'),(1,22,'2018-07-17 18:27:01','2018-07-17 18:27:31'),(2,22,'2018-07-17 18:27:01','2018-07-17 18:27:31'),(1,26,'2018-07-17 18:27:04','2018-07-17 18:27:34'),(2,26,'2018-07-17 18:27:04','2018-07-17 18:27:34'),(1,21,'2018-07-17 18:27:06','2018-07-17 18:27:36'),(2,21,'2018-07-17 18:27:06','2018-07-17 18:27:36'),(1,20,'2018-07-17 18:27:09','2018-07-17 18:27:39'),(2,20,'2018-07-17 18:27:09','2018-07-17 18:27:39'),(1,23,'2018-07-17 18:27:13','2018-07-17 18:27:43'),(2,23,'2018-07-17 18:27:13','2018-07-17 18:27:43'),(1,24,'2018-07-17 18:27:20','2018-07-17 18:27:50'),(2,24,'2018-07-17 18:27:20','2018-07-17 18:27:50'),(1,25,'2018-07-17 18:27:22','2018-07-17 18:27:52'),(2,25,'2018-07-17 18:27:22','2018-07-17 18:27:52'),(1,22,'2018-07-17 18:27:31','2018-07-17 18:28:01'),(2,22,'2018-07-17 18:27:31','2018-07-17 18:28:01'),(1,26,'2018-07-17 18:27:34','2018-07-17 18:28:04'),(2,26,'2018-07-17 18:27:34','2018-07-17 18:28:04'),(1,21,'2018-07-17 18:27:36','2018-07-17 18:28:06'),(2,21,'2018-07-17 18:27:36','2018-07-17 18:28:06'),(1,20,'2018-07-17 18:27:39','2018-07-17 18:28:09'),(2,20,'2018-07-17 18:27:39','2018-07-17 18:28:09'),(1,23,'2018-07-17 18:27:43','2018-07-17 18:28:13'),(2,23,'2018-07-17 18:27:43','2018-07-17 18:28:13'),(1,24,'2018-07-17 18:27:50',NULL),(2,24,'2018-07-17 18:27:50',NULL),(1,25,'2018-07-17 18:27:52',NULL),(2,25,'2018-07-17 18:27:52',NULL),(1,22,'2018-07-17 18:28:01',NULL),(2,22,'2018-07-17 18:28:01',NULL),(1,26,'2018-07-17 18:28:04',NULL),(2,26,'2018-07-17 18:28:04',NULL),(1,21,'2018-07-17 18:28:06',NULL),(2,21,'2018-07-17 18:28:06',NULL),(1,20,'2018-07-17 18:28:09',NULL),(2,20,'2018-07-17 18:28:09',NULL),(1,23,'2018-07-17 18:28:13',NULL),(2,23,'2018-07-17 18:28:13',NULL),(3,27,'2018-07-17 18:29:20','2018-07-17 18:29:50'),(3,28,'2018-07-17 18:29:31','2018-07-17 18:30:01'),(3,29,'2018-07-17 18:29:32','2018-07-17 18:30:02'),(3,30,'2018-07-17 18:29:39','2018-07-17 18:30:09'),(3,27,'2018-07-17 18:29:50','2018-07-17 18:30:20'),(3,28,'2018-07-17 18:30:01','2018-07-17 18:30:31'),(3,29,'2018-07-17 18:30:02','2018-07-17 18:30:32'),(3,30,'2018-07-17 18:30:09','2018-07-17 18:30:39'),(3,27,'2018-07-17 18:30:20','2018-07-17 18:30:50'),(3,28,'2018-07-17 18:30:31','2018-07-17 18:31:01'),(3,29,'2018-07-17 18:30:32','2018-07-17 18:31:02'),(3,30,'2018-07-17 18:30:39','2018-07-17 18:31:09'),(3,27,'2018-07-17 18:30:50','2018-07-17 18:31:20'),(3,28,'2018-07-17 18:31:01','2018-07-17 18:31:31'),(3,29,'2018-07-17 18:31:02','2018-07-17 18:31:32'),(3,30,'2018-07-17 18:31:09','2018-07-17 18:31:39'),(3,27,'2018-07-17 18:31:20','2018-07-17 18:31:50'),(3,28,'2018-07-17 18:31:31','2018-07-17 18:32:01'),(3,29,'2018-07-17 18:31:32','2018-07-17 18:32:02'),(3,30,'2018-07-17 18:31:39','2018-07-17 18:32:09'),(3,27,'2018-07-17 18:31:50','2018-07-17 18:32:20'),(3,28,'2018-07-17 18:32:01','2018-07-17 18:32:31'),(3,29,'2018-07-17 18:32:02','2018-07-17 18:32:32'),(3,30,'2018-07-17 18:32:09','2018-07-17 18:32:39'),(3,27,'2018-07-17 18:32:20','2018-07-17 18:32:50'),(3,28,'2018-07-17 18:32:31','2018-07-17 18:33:01'),(3,29,'2018-07-17 18:32:32','2018-07-17 18:33:02'),(3,30,'2018-07-17 18:32:39','2018-07-17 18:33:09'),(3,27,'2018-07-17 18:32:50','2018-07-17 18:33:20'),(3,28,'2018-07-17 18:33:01','2018-07-17 18:33:31'),(3,29,'2018-07-17 18:33:02','2018-07-17 18:33:32'),(3,30,'2018-07-17 18:33:09','2018-07-17 18:33:39'),(3,27,'2018-07-17 18:33:20','2018-07-17 18:33:50'),(3,28,'2018-07-17 18:33:31','2018-07-17 18:34:01'),(3,29,'2018-07-17 18:33:32','2018-07-17 18:34:02'),(3,30,'2018-07-17 18:33:39','2018-07-17 18:34:09'),(3,27,'2018-07-17 18:33:50','2018-07-17 18:34:20'),(3,28,'2018-07-17 18:34:01','2018-07-17 18:34:31'),(3,29,'2018-07-17 18:34:02','2018-07-17 18:34:32'),(3,30,'2018-07-17 18:34:09','2018-07-17 18:34:39'),(3,27,'2018-07-17 18:34:20','2018-07-17 18:34:50'),(3,28,'2018-07-17 18:34:31','2018-07-17 18:35:01'),(3,29,'2018-07-17 18:34:32','2018-07-17 18:35:02'),(3,30,'2018-07-17 18:34:39','2018-07-17 18:35:09'),(3,27,'2018-07-17 18:34:50','2018-07-17 18:35:20'),(3,28,'2018-07-17 18:35:01','2018-07-17 18:35:31'),(3,29,'2018-07-17 18:35:02','2018-07-17 18:35:32'),(3,30,'2018-07-17 18:35:09','2018-07-17 18:35:39'),(3,27,'2018-07-17 18:35:20','2018-07-17 18:35:50'),(3,28,'2018-07-17 18:35:31','2018-07-17 18:36:01'),(3,29,'2018-07-17 18:35:32','2018-07-17 18:36:02'),(3,30,'2018-07-17 18:35:39','2018-07-17 18:36:09'),(3,27,'2018-07-17 18:35:50','2018-07-17 18:36:20'),(3,28,'2018-07-17 18:36:01','2018-07-17 18:36:31'),(3,29,'2018-07-17 18:36:02','2018-07-17 18:36:32'),(3,30,'2018-07-17 18:36:09','2018-07-17 18:36:39'),(3,27,'2018-07-17 18:36:20','2018-07-17 18:36:50'),(3,28,'2018-07-17 18:36:31','2018-07-17 18:37:01'),(3,29,'2018-07-17 18:36:32','2018-07-17 18:37:02'),(3,30,'2018-07-17 18:36:39','2018-07-17 18:37:09'),(3,27,'2018-07-17 18:36:50','2018-07-17 18:37:20'),(3,28,'2018-07-17 18:37:01','2018-07-17 18:37:31'),(3,29,'2018-07-17 18:37:02','2018-07-17 18:37:32'),(3,30,'2018-07-17 18:37:09','2018-07-17 18:37:39'),(3,27,'2018-07-17 18:37:20','2018-07-17 18:37:50'),(3,28,'2018-07-17 18:37:31','2018-07-17 18:38:01'),(3,29,'2018-07-17 18:37:32','2018-07-17 18:38:02'),(3,30,'2018-07-17 18:37:39','2018-07-17 18:38:09'),(3,27,'2018-07-17 18:37:50','2018-07-17 18:38:20'),(3,28,'2018-07-17 18:38:01','2018-07-17 18:38:31'),(3,29,'2018-07-17 18:38:02','2018-07-17 18:38:32'),(3,30,'2018-07-17 18:38:09','2018-07-17 18:38:39'),(3,27,'2018-07-17 18:38:20','2018-07-17 18:38:50'),(3,28,'2018-07-17 18:38:31','2018-07-17 18:39:01'),(3,29,'2018-07-17 18:38:32','2018-07-17 18:39:02'),(3,30,'2018-07-17 18:38:39','2018-07-17 18:39:09'),(3,27,'2018-07-17 18:38:50','2018-07-17 18:39:20'),(3,28,'2018-07-17 18:39:01','2018-07-17 18:39:31'),(3,29,'2018-07-17 18:39:02','2018-07-17 18:39:32'),(3,30,'2018-07-17 18:39:09','2018-07-17 18:39:39'),(3,27,'2018-07-17 18:39:20','2018-07-17 18:39:50'),(3,28,'2018-07-17 18:39:31','2018-07-17 18:40:01'),(3,29,'2018-07-17 18:39:32','2018-07-17 18:40:02'),(3,30,'2018-07-17 18:39:39','2018-07-17 18:40:09'),(3,27,'2018-07-17 18:39:50','2018-07-17 18:40:20'),(3,28,'2018-07-17 18:40:01','2018-07-17 18:40:31'),(3,29,'2018-07-17 18:40:02','2018-07-17 18:40:32'),(3,30,'2018-07-17 18:40:09','2018-07-17 18:40:39'),(3,27,'2018-07-17 18:40:20','2018-07-17 18:40:50'),(3,28,'2018-07-17 18:40:31','2018-07-17 18:41:01'),(3,29,'2018-07-17 18:40:32','2018-07-17 18:41:02'),(3,30,'2018-07-17 18:40:39','2018-07-17 18:41:09'),(3,27,'2018-07-17 18:40:50','2018-07-17 18:41:20'),(3,28,'2018-07-17 18:41:01','2018-07-17 18:41:31'),(3,29,'2018-07-17 18:41:02','2018-07-17 18:41:32'),(3,30,'2018-07-17 18:41:09','2018-07-17 18:41:39'),(3,27,'2018-07-17 18:41:20','2018-07-17 18:41:50'),(3,28,'2018-07-17 18:41:31','2018-07-17 18:42:01'),(3,29,'2018-07-17 18:41:32','2018-07-17 18:42:02'),(3,30,'2018-07-17 18:41:39','2018-07-17 18:42:09'),(3,27,'2018-07-17 18:41:50',NULL),(3,28,'2018-07-17 18:42:01',NULL),(3,29,'2018-07-17 18:42:02',NULL),(3,30,'2018-07-17 18:42:09',NULL),(1,31,'2018-07-17 18:48:01','2018-07-17 18:48:46'),(7,31,'2018-07-17 18:48:01','2018-07-17 18:48:46'),(1,31,'2018-07-17 18:48:46',NULL),(7,31,'2018-07-17 18:48:46',NULL),(1,32,'2018-07-23 22:31:31','2018-07-23 22:32:01'),(2,32,'2018-07-23 22:31:31','2018-07-23 22:32:01'),(1,33,'2018-07-23 22:31:35','2018-07-23 22:32:05'),(2,33,'2018-07-23 22:31:35','2018-07-23 22:32:05'),(1,34,'2018-07-23 22:31:39','2018-07-23 22:32:09'),(2,34,'2018-07-23 22:31:39','2018-07-23 22:32:09'),(1,35,'2018-07-23 22:31:43','2018-07-23 22:32:13'),(2,35,'2018-07-23 22:31:43','2018-07-23 22:32:13'),(1,32,'2018-07-23 22:32:01','2018-07-23 22:32:31'),(2,32,'2018-07-23 22:32:01','2018-07-23 22:32:31'),(1,33,'2018-07-23 22:32:05','2018-07-23 22:32:35'),(2,33,'2018-07-23 22:32:05','2018-07-23 22:32:35'),(1,34,'2018-07-23 22:32:09','2018-07-23 22:32:39'),(2,34,'2018-07-23 22:32:09','2018-07-23 22:32:39'),(1,35,'2018-07-23 22:32:13','2018-07-23 22:32:43'),(2,35,'2018-07-23 22:32:13','2018-07-23 22:32:43'),(3,36,'2018-07-23 22:32:16','2018-07-23 22:32:46'),(1,32,'2018-07-23 22:32:31','2018-07-23 22:33:01'),(2,32,'2018-07-23 22:32:31','2018-07-23 22:33:01'),(1,33,'2018-07-23 22:32:35','2018-07-23 22:33:05'),(2,33,'2018-07-23 22:32:35','2018-07-23 22:33:05'),(1,34,'2018-07-23 22:32:39','2018-07-23 22:33:09'),(2,34,'2018-07-23 22:32:39','2018-07-23 22:33:09'),(1,35,'2018-07-23 22:32:43','2018-07-23 22:33:13'),(2,35,'2018-07-23 22:32:43','2018-07-23 22:33:13'),(1,32,'2018-07-23 22:33:01','2018-07-23 22:33:31'),(2,32,'2018-07-23 22:33:01','2018-07-23 22:33:31'),(1,33,'2018-07-23 22:33:05','2018-07-23 22:33:35'),(2,33,'2018-07-23 22:33:05','2018-07-23 22:33:35'),(1,34,'2018-07-23 22:33:09','2018-07-23 22:33:39'),(2,34,'2018-07-23 22:33:09','2018-07-23 22:33:39'),(1,35,'2018-07-23 22:33:13','2018-07-23 22:33:43'),(2,35,'2018-07-23 22:33:13','2018-07-23 22:33:43'),(1,32,'2018-07-23 22:33:31','2018-07-23 22:34:01'),(2,32,'2018-07-23 22:33:31','2018-07-23 22:34:01'),(2,34,'2018-07-23 22:34:09','2018-07-23 22:34:39'),(1,34,'2018-07-23 22:34:09','2018-07-23 22:34:39'),(1,34,'2018-07-23 22:33:39','2018-07-23 22:34:09'),(2,34,'2018-07-23 22:33:39','2018-07-23 22:34:09'),(2,32,'2018-07-23 22:34:01','2018-07-23 22:34:31'),(1,32,'2018-07-23 22:34:01','2018-07-23 22:34:31'),(1,32,'2018-07-23 22:34:31','2018-07-23 22:35:01'),(2,32,'2018-07-23 22:34:31','2018-07-23 22:35:01'),(1,34,'2018-07-23 22:34:39','2018-07-23 22:35:09'),(2,34,'2018-07-23 22:34:39','2018-07-23 22:35:09'),(1,32,'2018-07-23 22:35:01','2018-07-23 22:35:31'),(2,32,'2018-07-23 22:35:01','2018-07-23 22:35:31'),(1,34,'2018-07-23 22:35:09','2018-07-23 22:35:39'),(2,34,'2018-07-23 22:35:09','2018-07-23 22:35:39'),(1,32,'2018-07-23 22:35:31','2018-07-23 22:36:01'),(2,32,'2018-07-23 22:35:31','2018-07-23 22:36:01'),(1,34,'2018-07-23 22:35:39','2018-07-23 22:36:09'),(2,34,'2018-07-23 22:35:39','2018-07-23 22:36:09'),(1,32,'2018-07-23 22:36:01','2018-07-23 22:36:31'),(2,32,'2018-07-23 22:36:01','2018-07-23 22:36:31'),(1,34,'2018-07-23 22:36:09','2018-07-23 22:36:39'),(2,34,'2018-07-23 22:36:09','2018-07-23 22:36:39'),(1,32,'2018-07-23 22:36:31','2018-07-23 22:37:01'),(2,32,'2018-07-23 22:36:31','2018-07-23 22:37:01'),(1,34,'2018-07-23 22:36:39','2018-07-23 22:37:09'),(2,34,'2018-07-23 22:36:39','2018-07-23 22:37:09'),(1,32,'2018-07-23 22:37:01','2018-07-23 22:37:31'),(2,32,'2018-07-23 22:37:01','2018-07-23 22:37:31'),(1,34,'2018-07-23 22:37:09','2018-07-23 22:37:39'),(2,34,'2018-07-23 22:37:09','2018-07-23 22:37:39'),(1,32,'2018-07-23 22:37:31','2018-07-23 22:38:01'),(2,32,'2018-07-23 22:37:31','2018-07-23 22:38:01'),(1,34,'2018-07-23 22:37:39','2018-07-23 22:38:09'),(2,34,'2018-07-23 22:37:39','2018-07-23 22:38:09'),(1,32,'2018-07-23 22:38:01','2018-07-23 22:38:31'),(2,32,'2018-07-23 22:38:01','2018-07-23 22:38:31'),(1,34,'2018-07-23 22:38:09','2018-07-23 22:38:39'),(2,34,'2018-07-23 22:38:09','2018-07-23 22:38:39'),(1,32,'2018-07-23 22:38:31','2018-07-23 22:39:01'),(2,32,'2018-07-23 22:38:31','2018-07-23 22:39:01'),(1,34,'2018-07-23 22:38:39','2018-07-23 22:39:09'),(2,34,'2018-07-23 22:38:39','2018-07-23 22:39:09'),(1,32,'2018-07-23 22:39:01','2018-07-23 22:39:31'),(2,32,'2018-07-23 22:39:01','2018-07-23 22:39:31'),(1,34,'2018-07-23 22:39:09','2018-07-23 22:39:39'),(2,34,'2018-07-23 22:39:09','2018-07-23 22:39:39'),(1,32,'2018-07-23 22:39:31','2018-07-23 22:40:01'),(2,32,'2018-07-23 22:39:31','2018-07-23 22:40:01'),(1,34,'2018-07-23 22:39:39','2018-07-23 22:40:09'),(2,34,'2018-07-23 22:39:39','2018-07-23 22:40:09'),(1,32,'2018-07-23 22:40:01','2018-07-23 22:40:31'),(2,32,'2018-07-23 22:40:01','2018-07-23 22:40:31'),(1,34,'2018-07-23 22:40:09','2018-07-23 22:40:39'),(2,34,'2018-07-23 22:40:09','2018-07-23 22:40:39'),(1,32,'2018-07-23 22:40:31','2018-07-23 22:41:01'),(2,32,'2018-07-23 22:40:31','2018-07-23 22:41:01'),(1,34,'2018-07-23 22:40:39','2018-07-23 22:41:09'),(2,34,'2018-07-23 22:40:39','2018-07-23 22:41:09'),(1,32,'2018-07-23 22:41:01','2018-07-23 22:41:31'),(2,32,'2018-07-23 22:41:01','2018-07-23 22:41:31'),(1,34,'2018-07-23 22:41:09','2018-07-23 22:41:39'),(2,34,'2018-07-23 22:41:09','2018-07-23 22:41:39'),(1,32,'2018-07-23 22:41:31','2018-07-23 22:42:01'),(2,32,'2018-07-23 22:41:31','2018-07-23 22:42:01'),(1,34,'2018-07-23 22:41:39','2018-07-23 22:42:09'),(2,34,'2018-07-23 22:41:39','2018-07-23 22:42:09'),(1,32,'2018-07-23 22:42:01','2018-07-23 22:42:31'),(2,32,'2018-07-23 22:42:01','2018-07-23 22:42:31'),(1,34,'2018-07-23 22:42:09','2018-07-23 22:42:39'),(2,34,'2018-07-23 22:42:09','2018-07-23 22:42:39'),(1,32,'2018-07-23 22:42:31','2018-07-23 22:43:01'),(2,32,'2018-07-23 22:42:31','2018-07-23 22:43:01'),(1,34,'2018-07-23 22:42:39','2018-07-23 22:43:09'),(2,34,'2018-07-23 22:42:39','2018-07-23 22:43:09'),(1,32,'2018-07-23 22:43:01','2018-07-23 22:43:31'),(2,32,'2018-07-23 22:43:01','2018-07-23 22:43:31'),(1,34,'2018-07-23 22:43:09','2018-07-23 22:43:39'),(2,34,'2018-07-23 22:43:09','2018-07-23 22:43:39'),(1,32,'2018-07-23 22:43:31','2018-07-23 22:44:01'),(2,32,'2018-07-23 22:43:31','2018-07-23 22:44:01'),(1,34,'2018-07-23 22:43:39','2018-07-23 22:44:09'),(2,34,'2018-07-23 22:43:39','2018-07-23 22:44:09'),(1,32,'2018-07-23 22:44:01','2018-07-23 22:44:31'),(2,32,'2018-07-23 22:44:01','2018-07-23 22:44:31'),(1,34,'2018-07-23 22:44:09','2018-07-23 22:44:39'),(2,34,'2018-07-23 22:44:09','2018-07-23 22:44:39'),(1,32,'2018-07-23 22:44:31','2018-07-23 22:45:01'),(2,32,'2018-07-23 22:44:31','2018-07-23 22:45:01'),(1,34,'2018-07-23 22:44:39','2018-07-23 22:45:09'),(2,34,'2018-07-23 22:44:39','2018-07-23 22:45:09'),(1,32,'2018-07-23 22:45:01','2018-07-23 22:45:31'),(2,32,'2018-07-23 22:45:01','2018-07-23 22:45:31'),(1,34,'2018-07-23 22:45:09','2018-07-23 22:45:39'),(2,34,'2018-07-23 22:45:09','2018-07-23 22:45:39'),(1,32,'2018-07-23 22:45:31','2018-07-23 22:46:01'),(2,32,'2018-07-23 22:45:31','2018-07-23 22:46:01'),(1,34,'2018-07-23 22:45:39','2018-07-23 22:46:09'),(2,34,'2018-07-23 22:45:39','2018-07-23 22:46:09'),(1,32,'2018-07-23 22:46:01','2018-07-23 22:46:31'),(2,32,'2018-07-23 22:46:01','2018-07-23 22:46:31'),(1,34,'2018-07-23 22:46:09','2018-07-23 22:46:39'),(2,34,'2018-07-23 22:46:09','2018-07-23 22:46:39'),(1,32,'2018-07-23 22:46:31','2018-07-23 22:47:01'),(2,32,'2018-07-23 22:46:31','2018-07-23 22:47:01'),(1,34,'2018-07-23 22:46:39','2018-07-23 22:47:09'),(2,34,'2018-07-23 22:46:39','2018-07-23 22:47:09'),(1,32,'2018-07-23 22:47:01','2018-07-23 22:47:31'),(2,32,'2018-07-23 22:47:01','2018-07-23 22:47:31'),(1,34,'2018-07-23 22:47:09','2018-07-23 22:47:39'),(2,34,'2018-07-23 22:47:09','2018-07-23 22:47:39'),(1,32,'2018-07-23 22:47:31','2018-07-23 22:48:01'),(2,32,'2018-07-23 22:47:31','2018-07-23 22:48:01'),(1,34,'2018-07-23 22:47:39','2018-07-23 22:48:09'),(2,34,'2018-07-23 22:47:39','2018-07-23 22:48:09'),(1,32,'2018-07-23 22:48:01','2018-07-23 22:48:31'),(2,32,'2018-07-23 22:48:01','2018-07-23 22:48:31'),(1,34,'2018-07-23 22:48:09','2018-07-23 22:48:39'),(2,34,'2018-07-23 22:48:09','2018-07-23 22:48:39'),(1,32,'2018-07-23 22:48:31','2018-07-23 22:49:01'),(2,32,'2018-07-23 22:48:31','2018-07-23 22:49:01'),(1,34,'2018-07-23 22:48:39','2018-07-23 22:49:09'),(2,34,'2018-07-23 22:48:39','2018-07-23 22:49:09'),(1,32,'2018-07-23 22:49:01','2018-07-23 22:49:31'),(2,32,'2018-07-23 22:49:01','2018-07-23 22:49:31'),(1,34,'2018-07-23 22:49:09','2018-07-23 22:49:39'),(2,34,'2018-07-23 22:49:09','2018-07-23 22:49:39'),(1,33,'2018-07-23 22:49:25','2018-07-23 22:49:55'),(2,33,'2018-07-23 22:49:25','2018-07-23 22:49:55'),(1,35,'2018-07-23 22:49:27','2018-07-23 22:49:57'),(2,35,'2018-07-23 22:49:27','2018-07-23 22:49:57'),(1,32,'2018-07-23 22:49:31','2018-07-23 22:50:01'),(2,32,'2018-07-23 22:49:31','2018-07-23 22:50:01'),(1,34,'2018-07-23 22:49:39','2018-07-23 22:50:09'),(2,34,'2018-07-23 22:49:39','2018-07-23 22:50:09'),(1,33,'2018-07-23 22:49:55','2018-07-23 22:50:25'),(2,33,'2018-07-23 22:49:55','2018-07-23 22:50:25'),(1,35,'2018-07-23 22:49:57','2018-07-23 22:50:27'),(2,35,'2018-07-23 22:49:57','2018-07-23 22:50:27'),(1,32,'2018-07-23 22:50:01','2018-07-23 22:50:31'),(2,32,'2018-07-23 22:50:01','2018-07-23 22:50:31'),(1,34,'2018-07-23 22:50:09','2018-07-23 22:50:39'),(2,34,'2018-07-23 22:50:09','2018-07-23 22:50:39'),(1,33,'2018-07-23 22:50:25','2018-07-23 22:50:55'),(2,33,'2018-07-23 22:50:25','2018-07-23 22:50:55'),(1,35,'2018-07-23 22:50:27','2018-07-23 22:50:57'),(2,35,'2018-07-23 22:50:27','2018-07-23 22:50:57'),(1,32,'2018-07-23 22:50:31','2018-07-23 22:51:01'),(2,32,'2018-07-23 22:50:31','2018-07-23 22:51:01'),(1,34,'2018-07-23 22:50:39','2018-07-23 22:51:09'),(2,34,'2018-07-23 22:50:39','2018-07-23 22:51:09'),(1,33,'2018-07-23 22:50:55','2018-07-23 22:51:25'),(2,33,'2018-07-23 22:50:55','2018-07-23 22:51:25'),(1,35,'2018-07-23 22:50:57','2018-07-23 22:51:27'),(2,35,'2018-07-23 22:50:57','2018-07-23 22:51:27'),(1,32,'2018-07-23 22:51:01','2018-07-23 22:51:31'),(2,32,'2018-07-23 22:51:01','2018-07-23 22:51:31'),(1,34,'2018-07-23 22:51:09','2018-07-23 22:51:39'),(2,34,'2018-07-23 22:51:09','2018-07-23 22:51:39'),(1,33,'2018-07-23 22:51:25','2018-07-23 22:51:55'),(2,33,'2018-07-23 22:51:25','2018-07-23 22:51:55'),(1,35,'2018-07-23 22:51:27','2018-07-23 22:51:57'),(2,35,'2018-07-23 22:51:27','2018-07-23 22:51:57'),(1,32,'2018-07-23 22:51:31','2018-07-23 22:52:01'),(2,32,'2018-07-23 22:51:31','2018-07-23 22:52:01'),(1,34,'2018-07-23 22:51:39','2018-07-23 22:52:09'),(2,34,'2018-07-23 22:51:39','2018-07-23 22:52:09'),(1,33,'2018-07-23 22:51:55','2018-07-23 22:52:25'),(2,33,'2018-07-23 22:51:55','2018-07-23 22:52:25'),(7,11,'2018-07-16 23:17:26','2018-07-16 23:18:11'),(1,11,'2018-07-16 23:17:26','2018-07-16 23:18:11'),(3,13,'2018-07-16 23:16:49','2018-07-16 23:17:19'),(3,12,'2018-07-16 23:16:42','2018-07-16 23:17:12'),(7,10,'2018-07-16 23:16:49','2018-07-16 23:17:34'),(1,10,'2018-07-16 23:16:49','2018-07-16 23:17:34'),(7,11,'2018-07-16 23:16:41','2018-07-16 23:17:26'),(1,11,'2018-07-16 23:16:41','2018-07-16 23:17:26'),(3,12,'2018-07-16 23:17:12','2018-07-16 23:17:42'),(3,13,'2018-07-16 23:17:19','2018-07-16 23:17:49'),(1,10,'2018-07-16 23:17:34','2018-07-16 23:18:19'),(7,10,'2018-07-16 23:17:34','2018-07-16 23:18:19'),(3,12,'2018-07-16 23:17:42','2018-07-16 23:18:12'),(3,13,'2018-07-16 23:17:49','2018-07-16 23:18:19'),(1,11,'2018-07-16 23:18:11','2018-07-16 23:18:56'),(7,11,'2018-07-16 23:18:11','2018-07-16 23:18:56'),(1,10,'2018-07-16 23:18:19','2018-07-16 23:19:04'),(7,10,'2018-07-16 23:18:19','2018-07-16 23:19:04'),(3,12,'2018-07-16 23:18:12','2018-07-16 23:18:42'),(3,13,'2018-07-16 23:18:19','2018-07-16 23:18:49'),(1,11,'2018-07-16 23:18:56','2018-07-16 23:19:41'),(7,11,'2018-07-16 23:18:56','2018-07-16 23:19:41'),(1,10,'2018-07-16 23:19:04','2018-07-16 23:19:49'),(7,10,'2018-07-16 23:19:04','2018-07-16 23:19:49'),(3,12,'2018-07-16 23:18:42','2018-07-16 23:19:12'),(3,13,'2018-07-16 23:18:49','2018-07-16 23:19:19'),(1,11,'2018-07-16 23:19:41','2018-07-16 23:20:26'),(7,11,'2018-07-16 23:19:41','2018-07-16 23:20:26'),(1,10,'2018-07-16 23:19:49','2018-07-16 23:20:34'),(7,10,'2018-07-16 23:19:49','2018-07-16 23:20:34'),(3,12,'2018-07-16 23:19:12','2018-07-16 23:19:42'),(3,13,'2018-07-16 23:19:19','2018-07-16 23:19:49'),(1,11,'2018-07-16 23:20:26','2018-07-16 23:21:11'),(7,11,'2018-07-16 23:20:26','2018-07-16 23:21:11'),(1,10,'2018-07-16 23:20:34','2018-07-16 23:21:19'),(7,10,'2018-07-16 23:20:34','2018-07-16 23:21:19'),(3,12,'2018-07-16 23:19:42','2018-07-16 23:20:12'),(3,13,'2018-07-16 23:19:49','2018-07-16 23:20:19'),(1,11,'2018-07-16 23:21:11','2018-07-16 23:21:56'),(7,11,'2018-07-16 23:21:11','2018-07-16 23:21:56'),(1,10,'2018-07-16 23:21:19','2018-07-16 23:22:04'),(7,10,'2018-07-16 23:21:19','2018-07-16 23:22:04'),(3,12,'2018-07-16 23:20:12','2018-07-16 23:20:42'),(3,13,'2018-07-16 23:20:19','2018-07-16 23:20:49'),(1,11,'2018-07-16 23:21:56','2018-07-16 23:22:41'),(7,11,'2018-07-16 23:21:56','2018-07-16 23:22:41'),(1,10,'2018-07-16 23:22:04','2018-07-16 23:22:49'),(7,10,'2018-07-16 23:22:04','2018-07-16 23:22:49'),(3,12,'2018-07-16 23:20:42','2018-07-16 23:21:12'),(3,13,'2018-07-16 23:20:49','2018-07-16 23:21:19'),(1,11,'2018-07-16 23:22:41','2018-07-16 23:23:26'),(7,11,'2018-07-16 23:22:41','2018-07-16 23:23:26'),(1,10,'2018-07-16 23:22:49','2018-07-16 23:23:34'),(7,10,'2018-07-16 23:22:49','2018-07-16 23:23:34'),(3,12,'2018-07-16 23:21:12','2018-07-16 23:21:42'),(3,13,'2018-07-16 23:21:19','2018-07-16 23:21:49'),(1,11,'2018-07-16 23:23:26','2018-07-16 23:24:11'),(7,11,'2018-07-16 23:23:26','2018-07-16 23:24:11'),(1,10,'2018-07-16 23:23:34','2018-07-16 23:24:19'),(7,10,'2018-07-16 23:23:34','2018-07-16 23:24:19'),(3,12,'2018-07-16 23:21:42','2018-07-16 23:22:12'),(3,13,'2018-07-16 23:21:49','2018-07-16 23:22:19'),(1,11,'2018-07-16 23:24:11','2018-07-16 23:24:56'),(7,11,'2018-07-16 23:24:11','2018-07-16 23:24:56'),(3,13,'2018-07-16 23:22:49','2018-07-16 23:23:19'),(3,12,'2018-07-16 23:22:42','2018-07-16 23:23:12'),(3,12,'2018-07-16 23:22:12','2018-07-16 23:22:42'),(3,13,'2018-07-16 23:22:19','2018-07-16 23:22:49'),(3,13,'2018-07-16 23:23:19','2018-07-16 23:23:49'),(3,12,'2018-07-16 23:23:12','2018-07-16 23:23:42'),(3,12,'2018-07-16 23:23:42','2018-07-16 23:24:12'),(3,13,'2018-07-16 23:23:49','2018-07-16 23:24:19'),(3,12,'2018-07-16 23:24:12','2018-07-16 23:24:42'),(3,13,'2018-07-16 23:24:19','2018-07-16 23:24:49'),(3,12,'2018-07-16 23:24:42','2018-07-16 23:25:12'),(3,13,'2018-07-16 23:24:49','2018-07-16 23:25:19'),(3,12,'2018-07-16 23:25:12','2018-07-16 23:25:42'),(3,13,'2018-07-16 23:25:19','2018-07-16 23:25:49'),(3,12,'2018-07-16 23:25:42','2018-07-16 23:26:12'),(3,13,'2018-07-16 23:25:49','2018-07-16 23:26:19'),(3,12,'2018-07-16 23:26:12','2018-07-16 23:26:42'),(3,13,'2018-07-16 23:26:19','2018-07-16 23:26:49'),(3,12,'2018-07-16 23:26:42','2018-07-16 23:27:12'),(3,13,'2018-07-16 23:26:49','2018-07-16 23:27:19'),(3,12,'2018-07-16 23:27:12','2018-07-16 23:27:42'),(3,13,'2018-07-16 23:27:19','2018-07-16 23:27:49'),(3,12,'2018-07-16 23:27:42','2018-07-16 23:28:12'),(3,13,'2018-07-16 23:27:49','2018-07-16 23:28:19'),(3,12,'2018-07-16 23:28:12','2018-07-16 23:28:42'),(3,13,'2018-07-16 23:28:19','2018-07-16 23:28:49'),(3,12,'2018-07-16 23:28:42','2018-07-16 23:29:12'),(3,13,'2018-07-16 23:28:49','2018-07-16 23:29:19'),(3,12,'2018-07-16 23:29:12','2018-07-16 23:29:42'),(3,13,'2018-07-16 23:29:19','2018-07-16 23:29:49'),(3,12,'2018-07-16 23:29:42','2018-07-16 23:30:12'),(3,13,'2018-07-16 23:29:49','2018-07-16 23:30:19'),(3,12,'2018-07-16 23:30:12','2018-07-16 23:30:42'),(3,13,'2018-07-16 23:30:19','2018-07-16 23:30:49'),(3,12,'2018-07-16 23:30:42','2018-07-16 23:31:12'),(3,13,'2018-07-16 23:30:49','2018-07-16 23:31:19'),(3,12,'2018-07-16 23:31:12','2018-07-16 23:31:42'),(3,13,'2018-07-16 23:31:19','2018-07-16 23:31:49'),(3,12,'2018-07-16 23:31:42','2018-07-16 23:32:12'),(3,13,'2018-07-16 23:31:49','2018-07-16 23:32:19'),(3,12,'2018-07-16 23:32:12','2018-07-16 23:32:42'),(3,13,'2018-07-16 23:32:19','2018-07-16 23:32:49'),(3,12,'2018-07-16 23:32:42','2018-07-16 23:33:12'),(3,13,'2018-07-16 23:32:49','2018-07-16 23:33:19'),(3,12,'2018-07-16 23:33:12','2018-07-16 23:33:42'),(3,13,'2018-07-16 23:33:19','2018-07-16 23:33:49'),(3,12,'2018-07-16 23:33:42','2018-07-16 23:34:12'),(3,13,'2018-07-16 23:33:49','2018-07-16 23:34:19'),(3,12,'2018-07-16 23:34:12','2018-07-16 23:34:42'),(3,13,'2018-07-16 23:34:19','2018-07-16 23:34:49'),(3,12,'2018-07-16 23:34:42','2018-07-16 23:35:12'),(3,13,'2018-07-16 23:34:49','2018-07-16 23:35:19'),(2,37,'2018-07-24 21:18:26','2018-07-24 21:18:56'),(1,37,'2018-07-24 21:18:26','2018-07-24 21:18:56'),(1,38,'2018-07-24 21:18:30','2018-07-24 21:19:00'),(2,38,'2018-07-24 21:18:30','2018-07-24 21:19:00'),(1,37,'2018-07-24 21:18:56','2018-07-24 21:19:26'),(2,37,'2018-07-24 21:18:56','2018-07-24 21:19:26'),(1,38,'2018-07-24 21:19:00','2018-07-24 21:19:30'),(2,38,'2018-07-24 21:19:00','2018-07-24 21:19:30'),(3,39,'2018-07-24 21:19:03','2018-07-24 21:19:33'),(1,40,'2018-07-24 21:19:24','2018-07-24 21:19:54'),(2,40,'2018-07-24 21:19:24','2018-07-24 21:19:54'),(1,37,'2018-07-24 21:19:26','2018-07-24 21:19:56'),(2,37,'2018-07-24 21:19:26','2018-07-24 21:19:56'),(1,41,'2018-07-24 21:19:29','2018-07-24 21:19:59'),(2,41,'2018-07-24 21:19:29','2018-07-24 21:19:59'),(1,38,'2018-07-24 21:19:30','2018-07-24 21:20:00'),(2,38,'2018-07-24 21:19:30','2018-07-24 21:20:00'),(3,39,'2018-07-24 21:19:33','2018-07-24 21:20:03'),(1,40,'2018-07-24 21:19:54','2018-07-24 21:20:24'),(2,40,'2018-07-24 21:19:54','2018-07-24 21:20:24'),(1,37,'2018-07-24 21:19:56','2018-07-24 21:20:26'),(2,37,'2018-07-24 21:19:56','2018-07-24 21:20:26'),(1,41,'2018-07-24 21:19:59','2018-07-24 21:20:29'),(2,41,'2018-07-24 21:19:59','2018-07-24 21:20:29'),(1,38,'2018-07-24 21:20:00','2018-07-24 21:20:30'),(2,38,'2018-07-24 21:20:00','2018-07-24 21:20:30'),(1,40,'2018-07-24 21:20:24','2018-07-24 21:20:54'),(2,40,'2018-07-24 21:20:24','2018-07-24 21:20:54'),(1,37,'2018-07-24 21:20:26','2018-07-24 21:20:56'),(2,37,'2018-07-24 21:20:26','2018-07-24 21:20:56'),(1,41,'2018-07-24 21:20:29','2018-07-24 21:20:59'),(2,41,'2018-07-24 21:20:29','2018-07-24 21:20:59'),(1,38,'2018-07-24 21:20:30','2018-07-24 21:21:00'),(2,38,'2018-07-24 21:20:30','2018-07-24 21:21:00'),(1,40,'2018-07-24 21:20:54','2018-07-24 21:21:24'),(2,40,'2018-07-24 21:20:54','2018-07-24 21:21:24'),(1,37,'2018-07-24 21:20:56','2018-07-24 21:21:26'),(2,37,'2018-07-24 21:20:56','2018-07-24 21:21:26'),(1,41,'2018-07-24 21:20:59','2018-07-24 21:21:29'),(2,41,'2018-07-24 21:20:59','2018-07-24 21:21:29'),(1,38,'2018-07-24 21:21:00','2018-07-24 21:21:30'),(2,38,'2018-07-24 21:21:00','2018-07-24 21:21:30'),(1,42,'2018-07-24 21:21:19','2018-07-24 21:21:49'),(2,42,'2018-07-24 21:21:19','2018-07-24 21:21:49'),(1,40,'2018-07-24 21:21:24','2018-07-24 21:21:54'),(2,40,'2018-07-24 21:21:24','2018-07-24 21:21:54'),(1,37,'2018-07-24 21:21:26','2018-07-24 21:21:56'),(2,37,'2018-07-24 21:21:26','2018-07-24 21:21:56'),(1,41,'2018-07-24 21:21:29','2018-07-24 21:21:59'),(2,41,'2018-07-24 21:21:29','2018-07-24 21:21:59'),(1,38,'2018-07-24 21:21:30','2018-07-24 21:22:00'),(2,38,'2018-07-24 21:21:30','2018-07-24 21:22:00'),(1,42,'2018-07-24 21:21:49','2018-07-24 21:22:19'),(2,42,'2018-07-24 21:21:49','2018-07-24 21:22:19'),(1,40,'2018-07-24 21:21:54','2018-07-24 21:22:24'),(2,40,'2018-07-24 21:21:54','2018-07-24 21:22:24'),(1,37,'2018-07-24 21:21:56','2018-07-24 21:22:26'),(2,37,'2018-07-24 21:21:56','2018-07-24 21:22:26'),(1,41,'2018-07-24 21:21:59','2018-07-24 21:22:29'),(2,41,'2018-07-24 21:21:59','2018-07-24 21:22:29'),(1,38,'2018-07-24 21:22:00','2018-07-24 21:22:30'),(2,38,'2018-07-24 21:22:00','2018-07-24 21:22:30'),(1,42,'2018-07-24 21:22:19','2018-07-24 21:22:49'),(2,42,'2018-07-24 21:22:19','2018-07-24 21:22:49'),(1,43,'2018-07-24 21:24:25','2018-07-24 21:24:55'),(2,43,'2018-07-24 21:24:25','2018-07-24 21:24:55'),(1,44,'2018-07-24 21:24:40','2018-07-24 21:25:10'),(2,44,'2018-07-24 21:24:40','2018-07-24 21:25:10'),(1,43,'2018-07-24 21:24:55','2018-07-24 21:25:25'),(2,43,'2018-07-24 21:24:55','2018-07-24 21:25:25'),(1,44,'2018-07-24 21:25:10','2018-07-24 21:25:40'),(2,44,'2018-07-24 21:25:10','2018-07-24 21:25:40'),(1,45,'2018-07-24 21:25:14','2018-07-24 21:25:44'),(2,45,'2018-07-24 21:25:14','2018-07-24 21:25:44'),(1,46,'2018-07-24 21:25:15','2018-07-24 21:25:45'),(2,46,'2018-07-24 21:25:15','2018-07-24 21:25:45'),(1,47,'2018-07-24 21:25:25','2018-07-24 21:25:55'),(2,47,'2018-07-24 21:25:25','2018-07-24 21:25:55'),(1,43,'2018-07-24 21:25:25','2018-07-24 21:25:55'),(2,43,'2018-07-24 21:25:25','2018-07-24 21:25:55'),(1,40,'2018-07-24 21:22:24','2018-07-24 21:22:54'),(2,40,'2018-07-24 21:22:24','2018-07-24 21:22:54'),(1,37,'2018-07-24 21:22:26','2018-07-24 21:22:56'),(2,37,'2018-07-24 21:22:26','2018-07-24 21:22:56'),(1,41,'2018-07-24 21:22:29','2018-07-24 21:22:59'),(2,41,'2018-07-24 21:22:29','2018-07-24 21:22:59'),(1,38,'2018-07-24 21:22:30','2018-07-24 21:23:00'),(2,38,'2018-07-24 21:22:30','2018-07-24 21:23:00'),(1,42,'2018-07-24 21:22:49','2018-07-24 21:23:19'),(2,42,'2018-07-24 21:22:49','2018-07-24 21:23:19'),(1,40,'2018-07-24 21:22:54','2018-07-24 21:23:24'),(2,40,'2018-07-24 21:22:54','2018-07-24 21:23:24'),(1,37,'2018-07-24 21:22:56','2018-07-24 21:23:26'),(2,37,'2018-07-24 21:22:56','2018-07-24 21:23:26'),(1,41,'2018-07-24 21:22:59','2018-07-24 21:23:29'),(2,41,'2018-07-24 21:22:59','2018-07-24 21:23:29'),(1,38,'2018-07-24 21:23:00','2018-07-24 21:23:30'),(2,38,'2018-07-24 21:23:00','2018-07-24 21:23:30'),(1,42,'2018-07-24 21:23:19','2018-07-24 21:23:49'),(2,42,'2018-07-24 21:23:19','2018-07-24 21:23:49'),(1,40,'2018-07-24 21:23:24','2018-07-24 21:23:54'),(2,40,'2018-07-24 21:23:24','2018-07-24 21:23:54'),(1,37,'2018-07-24 21:23:26','2018-07-24 21:23:56'),(2,37,'2018-07-24 21:23:26','2018-07-24 21:23:56'),(1,41,'2018-07-24 21:23:29','2018-07-24 21:23:59'),(2,41,'2018-07-24 21:23:29','2018-07-24 21:23:59'),(1,38,'2018-07-24 21:23:30','2018-07-24 21:24:00'),(2,38,'2018-07-24 21:23:30','2018-07-24 21:24:00'),(1,42,'2018-07-24 21:23:49','2018-07-24 21:24:19'),(2,42,'2018-07-24 21:23:49','2018-07-24 21:24:19'),(1,40,'2018-07-24 21:23:54','2018-07-24 21:24:24'),(2,40,'2018-07-24 21:23:54','2018-07-24 21:24:24'),(1,37,'2018-07-24 21:23:56','2018-07-24 21:24:26'),(2,37,'2018-07-24 21:23:56','2018-07-24 21:24:26'),(1,41,'2018-07-24 21:23:59','2018-07-24 21:24:29'),(2,41,'2018-07-24 21:23:59','2018-07-24 21:24:29'),(1,38,'2018-07-24 21:24:00','2018-07-24 21:24:30'),(2,38,'2018-07-24 21:24:00','2018-07-24 21:24:30'),(1,42,'2018-07-24 21:24:19','2018-07-24 21:24:49'),(2,42,'2018-07-24 21:24:19','2018-07-24 21:24:49'),(1,40,'2018-07-24 21:24:24','2018-07-24 21:24:54'),(2,40,'2018-07-24 21:24:24','2018-07-24 21:24:54'),(1,37,'2018-07-24 21:24:26','2018-07-24 21:24:56'),(2,37,'2018-07-24 21:24:26','2018-07-24 21:24:56'),(1,41,'2018-07-24 21:24:29','2018-07-24 21:24:59'),(2,41,'2018-07-24 21:24:29','2018-07-24 21:24:59'),(1,38,'2018-07-24 21:24:30','2018-07-24 21:25:00'),(2,38,'2018-07-24 21:24:30','2018-07-24 21:25:00'),(1,42,'2018-07-24 21:24:49','2018-07-24 21:25:19'),(2,42,'2018-07-24 21:24:49','2018-07-24 21:25:19'),(1,40,'2018-07-24 21:24:54','2018-07-24 21:25:24'),(2,40,'2018-07-24 21:24:54','2018-07-24 21:25:24'),(1,37,'2018-07-24 21:24:56','2018-07-24 21:25:26'),(2,37,'2018-07-24 21:24:56','2018-07-24 21:25:26'),(1,41,'2018-07-24 21:24:59','2018-07-24 21:25:29'),(2,41,'2018-07-24 21:24:59','2018-07-24 21:25:29'),(1,38,'2018-07-24 21:25:00','2018-07-24 21:25:30'),(2,38,'2018-07-24 21:25:00','2018-07-24 21:25:30'),(1,42,'2018-07-24 21:25:19','2018-07-24 21:25:49'),(2,42,'2018-07-24 21:25:19','2018-07-24 21:25:49'),(1,40,'2018-07-24 21:25:24','2018-07-24 21:25:54'),(2,40,'2018-07-24 21:25:24','2018-07-24 21:25:54'),(1,37,'2018-07-24 21:25:26','2018-07-24 21:25:56'),(2,37,'2018-07-24 21:25:26','2018-07-24 21:25:56'),(1,41,'2018-07-24 21:25:29','2018-07-24 21:25:59'),(2,41,'2018-07-24 21:25:29','2018-07-24 21:25:59'),(1,38,'2018-07-24 21:25:30','2018-07-24 21:26:00'),(2,38,'2018-07-24 21:25:30','2018-07-24 21:26:00'),(1,44,'2018-07-24 21:25:41','2018-07-24 21:26:11'),(2,44,'2018-07-24 21:25:41','2018-07-24 21:26:11'),(1,45,'2018-07-24 21:25:44','2018-07-24 21:26:14'),(2,45,'2018-07-24 21:25:44','2018-07-24 21:26:14'),(1,46,'2018-07-24 21:25:45','2018-07-24 21:26:15'),(2,46,'2018-07-24 21:25:45','2018-07-24 21:26:15'),(1,42,'2018-07-24 21:25:49','2018-07-24 21:26:19'),(2,42,'2018-07-24 21:25:49','2018-07-24 21:26:19'),(1,40,'2018-07-24 21:25:54','2018-07-24 21:26:24'),(2,40,'2018-07-24 21:25:54','2018-07-24 21:26:24'),(1,47,'2018-07-24 21:25:55','2018-07-24 21:26:25'),(2,47,'2018-07-24 21:25:55','2018-07-24 21:26:25'),(1,43,'2018-07-24 21:25:55','2018-07-24 21:26:25'),(2,43,'2018-07-24 21:25:55','2018-07-24 21:26:25'),(1,37,'2018-07-24 21:25:56','2018-07-24 21:26:26'),(2,37,'2018-07-24 21:25:56','2018-07-24 21:26:26'),(1,41,'2018-07-24 21:25:59','2018-07-24 21:26:29'),(2,41,'2018-07-24 21:25:59','2018-07-24 21:26:29'),(1,38,'2018-07-24 21:26:00','2018-07-24 21:26:30'),(2,38,'2018-07-24 21:26:00','2018-07-24 21:26:30'),(1,44,'2018-07-24 21:26:11','2018-07-24 21:26:41'),(2,44,'2018-07-24 21:26:11','2018-07-24 21:26:41'),(1,45,'2018-07-24 21:26:14','2018-07-24 21:26:44'),(2,45,'2018-07-24 21:26:14','2018-07-24 21:26:44'),(1,46,'2018-07-24 21:26:15','2018-07-24 21:26:45'),(2,46,'2018-07-24 21:26:15','2018-07-24 21:26:45'),(1,42,'2018-07-24 21:26:19','2018-07-24 21:26:49'),(2,42,'2018-07-24 21:26:19','2018-07-24 21:26:49'),(1,40,'2018-07-24 21:26:24','2018-07-24 21:26:54'),(2,40,'2018-07-24 21:26:24','2018-07-24 21:26:54'),(1,47,'2018-07-24 21:26:25','2018-07-24 21:26:55'),(2,47,'2018-07-24 21:26:25','2018-07-24 21:26:55'),(1,43,'2018-07-24 21:26:25','2018-07-24 21:26:55'),(2,43,'2018-07-24 21:26:25','2018-07-24 21:26:55'),(1,37,'2018-07-24 21:26:26','2018-07-24 21:26:56'),(2,37,'2018-07-24 21:26:26','2018-07-24 21:26:56'),(1,41,'2018-07-24 21:26:29','2018-07-24 21:26:59'),(2,41,'2018-07-24 21:26:29','2018-07-24 21:26:59'),(1,38,'2018-07-24 21:26:30','2018-07-24 21:27:00'),(2,38,'2018-07-24 21:26:30','2018-07-24 21:27:00'),(1,44,'2018-07-24 21:26:41','2018-07-24 21:27:11'),(2,44,'2018-07-24 21:26:41','2018-07-24 21:27:11'),(1,45,'2018-07-24 21:26:44','2018-07-24 21:27:14'),(2,45,'2018-07-24 21:26:44','2018-07-24 21:27:14'),(1,46,'2018-07-24 21:26:45','2018-07-24 21:27:15'),(2,46,'2018-07-24 21:26:45','2018-07-24 21:27:15'),(1,42,'2018-07-24 21:26:49','2018-07-24 21:27:19'),(2,42,'2018-07-24 21:26:49','2018-07-24 21:27:19'),(1,48,'2018-07-24 21:26:52','2018-07-24 21:27:22'),(2,48,'2018-07-24 21:26:52','2018-07-24 21:27:22'),(1,49,'2018-07-24 21:26:53','2018-07-24 21:27:23'),(2,49,'2018-07-24 21:26:53','2018-07-24 21:27:23'),(1,40,'2018-07-24 21:26:54','2018-07-24 21:27:24'),(2,40,'2018-07-24 21:26:54','2018-07-24 21:27:24'),(1,47,'2018-07-24 21:26:55','2018-07-24 21:27:25'),(2,47,'2018-07-24 21:26:55','2018-07-24 21:27:25'),(1,43,'2018-07-24 21:26:55','2018-07-24 21:27:25'),(2,43,'2018-07-24 21:26:55','2018-07-24 21:27:25'),(1,37,'2018-07-24 21:26:56','2018-07-24 21:27:26'),(2,37,'2018-07-24 21:26:56','2018-07-24 21:27:26'),(1,41,'2018-07-24 21:26:59','2018-07-24 21:27:29'),(2,41,'2018-07-24 21:26:59','2018-07-24 21:27:29'),(1,38,'2018-07-24 21:27:00','2018-07-24 21:27:30'),(2,38,'2018-07-24 21:27:00','2018-07-24 21:27:30'),(1,44,'2018-07-24 21:27:11','2018-07-24 21:27:41'),(2,44,'2018-07-24 21:27:11','2018-07-24 21:27:41'),(1,45,'2018-07-24 21:27:14','2018-07-24 21:27:44'),(2,45,'2018-07-24 21:27:14','2018-07-24 21:27:44'),(1,46,'2018-07-24 21:27:15','2018-07-24 21:27:45'),(2,46,'2018-07-24 21:27:15','2018-07-24 21:27:45'),(1,50,'2018-07-24 21:27:17','2018-07-24 21:27:47'),(2,50,'2018-07-24 21:27:17','2018-07-24 21:27:47'),(1,42,'2018-07-24 21:27:19','2018-07-24 21:27:49'),(2,42,'2018-07-24 21:27:19','2018-07-24 21:27:49'),(1,48,'2018-07-24 21:27:22','2018-07-24 21:27:52'),(2,48,'2018-07-24 21:27:22','2018-07-24 21:27:52'),(1,49,'2018-07-24 21:27:23','2018-07-24 21:27:53'),(2,49,'2018-07-24 21:27:23','2018-07-24 21:27:53'),(1,40,'2018-07-24 21:27:24','2018-07-24 21:27:54'),(2,40,'2018-07-24 21:27:24','2018-07-24 21:27:54'),(1,47,'2018-07-24 21:27:25','2018-07-24 21:27:55'),(2,47,'2018-07-24 21:27:25','2018-07-24 21:27:55'),(1,43,'2018-07-24 21:27:25','2018-07-24 21:27:55'),(2,43,'2018-07-24 21:27:25','2018-07-24 21:27:55'),(1,37,'2018-07-24 21:27:26','2018-07-24 21:27:56'),(2,37,'2018-07-24 21:27:26','2018-07-24 21:27:56'),(1,41,'2018-07-24 21:27:29','2018-07-24 21:27:59'),(2,41,'2018-07-24 21:27:29','2018-07-24 21:27:59'),(1,38,'2018-07-24 21:27:30','2018-07-24 21:28:00'),(2,38,'2018-07-24 21:27:30','2018-07-24 21:28:00'),(1,51,'2018-07-24 21:27:38','2018-07-24 21:28:08'),(2,51,'2018-07-24 21:27:38','2018-07-24 21:28:08'),(1,44,'2018-07-24 21:27:41','2018-07-24 21:28:11'),(2,44,'2018-07-24 21:27:41','2018-07-24 21:28:11'),(1,45,'2018-07-24 21:27:44','2018-07-24 21:28:14'),(2,45,'2018-07-24 21:27:44','2018-07-24 21:28:14'),(1,46,'2018-07-24 21:27:45','2018-07-24 21:28:15'),(2,46,'2018-07-24 21:27:45','2018-07-24 21:28:15'),(1,47,'2018-07-24 21:27:55','2018-07-24 21:28:25'),(2,47,'2018-07-24 21:27:55','2018-07-24 21:28:25'),(1,43,'2018-07-24 21:27:55','2018-07-24 21:28:25'),(2,43,'2018-07-24 21:27:55','2018-07-24 21:28:25'),(1,51,'2018-07-24 21:28:08','2018-07-24 21:28:38'),(2,51,'2018-07-24 21:28:08','2018-07-24 21:28:38'),(1,44,'2018-07-24 21:28:11','2018-07-24 21:28:41'),(2,44,'2018-07-24 21:28:11','2018-07-24 21:28:41'),(1,45,'2018-07-24 21:28:14','2018-07-24 21:28:44'),(2,45,'2018-07-24 21:28:14','2018-07-24 21:28:44'),(1,46,'2018-07-24 21:28:15','2018-07-24 21:28:45'),(2,46,'2018-07-24 21:28:15','2018-07-24 21:28:45'),(1,47,'2018-07-24 21:28:25','2018-07-24 21:28:55'),(2,47,'2018-07-24 21:28:25','2018-07-24 21:28:55'),(1,43,'2018-07-24 21:28:25','2018-07-24 21:28:55'),(2,43,'2018-07-24 21:28:25','2018-07-24 21:28:55'),(1,51,'2018-07-24 21:28:38','2018-07-24 21:29:08'),(2,51,'2018-07-24 21:28:38','2018-07-24 21:29:08'),(1,44,'2018-07-24 21:28:41','2018-07-24 21:29:11'),(2,44,'2018-07-24 21:28:41','2018-07-24 21:29:11'),(1,45,'2018-07-24 21:28:44','2018-07-24 21:29:14'),(2,45,'2018-07-24 21:28:44','2018-07-24 21:29:14'),(1,46,'2018-07-24 21:28:45','2018-07-24 21:29:15'),(2,46,'2018-07-24 21:28:45','2018-07-24 21:29:15'),(1,47,'2018-07-24 21:28:55','2018-07-24 21:29:25'),(2,47,'2018-07-24 21:28:55','2018-07-24 21:29:25'),(1,43,'2018-07-24 21:28:55','2018-07-24 21:29:25'),(2,43,'2018-07-24 21:28:55','2018-07-24 21:29:25'),(1,52,'2018-07-24 21:29:07','2018-07-24 21:29:37'),(2,52,'2018-07-24 21:29:07','2018-07-24 21:29:37'),(1,51,'2018-07-24 21:29:08','2018-07-24 21:29:38'),(2,51,'2018-07-24 21:29:08','2018-07-24 21:29:38'),(1,44,'2018-07-24 21:29:11','2018-07-24 21:29:41'),(2,44,'2018-07-24 21:29:11','2018-07-24 21:29:41'),(1,45,'2018-07-24 21:29:14','2018-07-24 21:29:44'),(2,45,'2018-07-24 21:29:14','2018-07-24 21:29:44'),(1,46,'2018-07-24 21:29:15','2018-07-24 21:29:45'),(2,46,'2018-07-24 21:29:15','2018-07-24 21:29:45'),(1,47,'2018-07-24 21:29:25','2018-07-24 21:29:55'),(2,47,'2018-07-24 21:29:25','2018-07-24 21:29:55'),(1,43,'2018-07-24 21:29:25','2018-07-24 21:29:55'),(2,43,'2018-07-24 21:29:25','2018-07-24 21:29:55'),(1,52,'2018-07-24 21:29:37','2018-07-24 21:30:07'),(2,52,'2018-07-24 21:29:37','2018-07-24 21:30:07'),(1,51,'2018-07-24 21:29:38','2018-07-24 21:30:08'),(2,51,'2018-07-24 21:29:38','2018-07-24 21:30:08'),(1,44,'2018-07-24 21:29:41','2018-07-24 21:30:11'),(2,44,'2018-07-24 21:29:41','2018-07-24 21:30:11'),(1,45,'2018-07-24 21:29:44','2018-07-24 21:30:14'),(2,45,'2018-07-24 21:29:44','2018-07-24 21:30:14'),(1,46,'2018-07-24 21:29:45','2018-07-24 21:30:15'),(2,46,'2018-07-24 21:29:45','2018-07-24 21:30:15'),(1,47,'2018-07-24 21:29:55','2018-07-24 21:30:25'),(2,47,'2018-07-24 21:29:55','2018-07-24 21:30:25'),(1,43,'2018-07-24 21:29:55','2018-07-24 21:30:25'),(2,43,'2018-07-24 21:29:55','2018-07-24 21:30:25'),(1,52,'2018-07-24 21:30:07','2018-07-24 21:30:37'),(2,52,'2018-07-24 21:30:07','2018-07-24 21:30:37'),(1,51,'2018-07-24 21:30:08','2018-07-24 21:30:38'),(2,51,'2018-07-24 21:30:08','2018-07-24 21:30:38'),(1,44,'2018-07-24 21:30:11','2018-07-24 21:30:41'),(2,44,'2018-07-24 21:30:11','2018-07-24 21:30:41'),(1,45,'2018-07-24 21:30:14','2018-07-24 21:30:44'),(2,45,'2018-07-24 21:30:14','2018-07-24 21:30:44'),(1,46,'2018-07-24 21:30:15','2018-07-24 21:30:45'),(2,46,'2018-07-24 21:30:15','2018-07-24 21:30:45'),(1,47,'2018-07-24 21:30:25','2018-07-24 21:30:55'),(2,47,'2018-07-24 21:30:25','2018-07-24 21:30:55'),(1,43,'2018-07-24 21:30:25','2018-07-24 21:30:55'),(2,43,'2018-07-24 21:30:25','2018-07-24 21:30:55'),(1,52,'2018-07-24 21:30:37','2018-07-24 21:31:07'),(2,52,'2018-07-24 21:30:37','2018-07-24 21:31:07'),(1,51,'2018-07-24 21:30:38','2018-07-24 21:31:08'),(2,51,'2018-07-24 21:30:38','2018-07-24 21:31:08'),(1,44,'2018-07-24 21:30:41','2018-07-24 21:31:11'),(2,44,'2018-07-24 21:30:41','2018-07-24 21:31:11'),(1,45,'2018-07-24 21:30:44','2018-07-24 21:31:14'),(2,45,'2018-07-24 21:30:44','2018-07-24 21:31:14'),(1,46,'2018-07-24 21:30:45','2018-07-24 21:31:15'),(2,46,'2018-07-24 21:30:45','2018-07-24 21:31:15'),(1,53,'2018-07-24 21:30:56','2018-07-24 21:31:26'),(2,53,'2018-07-24 21:30:56','2018-07-24 21:31:26'),(1,47,'2018-07-24 21:30:55','2018-07-24 21:31:25'),(2,47,'2018-07-24 21:30:55','2018-07-24 21:31:25'),(1,43,'2018-07-24 21:30:55','2018-07-24 21:31:25'),(2,43,'2018-07-24 21:30:55','2018-07-24 21:31:25'),(1,50,'2018-07-24 21:27:47','2018-07-24 21:28:17'),(2,50,'2018-07-24 21:27:47','2018-07-24 21:28:17'),(1,42,'2018-07-24 21:27:49','2018-07-24 21:28:19'),(2,42,'2018-07-24 21:27:49','2018-07-24 21:28:19'),(1,48,'2018-07-24 21:27:52','2018-07-24 21:28:22'),(2,48,'2018-07-24 21:27:52','2018-07-24 21:28:22'),(1,49,'2018-07-24 21:27:53','2018-07-24 21:28:23'),(2,49,'2018-07-24 21:27:53','2018-07-24 21:28:23'),(1,40,'2018-07-24 21:27:54','2018-07-24 21:28:24'),(2,40,'2018-07-24 21:27:54','2018-07-24 21:28:24'),(1,37,'2018-07-24 21:27:56','2018-07-24 21:28:26'),(2,37,'2018-07-24 21:27:56','2018-07-24 21:28:26'),(1,41,'2018-07-24 21:27:59','2018-07-24 21:28:29'),(2,41,'2018-07-24 21:27:59','2018-07-24 21:28:29'),(1,38,'2018-07-24 21:28:00','2018-07-24 21:28:30'),(2,38,'2018-07-24 21:28:00','2018-07-24 21:28:30'),(1,50,'2018-07-24 21:28:17','2018-07-24 21:28:47'),(2,50,'2018-07-24 21:28:17','2018-07-24 21:28:47'),(1,42,'2018-07-24 21:28:19','2018-07-24 21:28:49'),(2,42,'2018-07-24 21:28:19','2018-07-24 21:28:49'),(1,48,'2018-07-24 21:28:22','2018-07-24 21:28:52'),(2,48,'2018-07-24 21:28:22','2018-07-24 21:28:52'),(1,49,'2018-07-24 21:28:23','2018-07-24 21:28:53'),(2,49,'2018-07-24 21:28:23','2018-07-24 21:28:53'),(3,55,'2018-07-24 21:33:18','2018-07-24 21:33:48'),(3,57,'2018-07-24 21:33:16','2018-07-24 21:33:46'),(3,56,'2018-07-24 21:33:16','2018-07-24 21:33:46'),(3,54,'2018-07-24 21:33:00','2018-07-24 21:33:30'),(3,55,'2018-07-24 21:32:48','2018-07-24 21:33:18'),(3,57,'2018-07-24 21:32:46','2018-07-24 21:33:16'),(3,56,'2018-07-24 21:32:46','2018-07-24 21:33:16'),(3,54,'2018-07-24 21:32:30','2018-07-24 21:33:00'),(3,55,'2018-07-24 21:32:18','2018-07-24 21:32:48'),(3,57,'2018-07-24 21:32:16','2018-07-24 21:32:46'),(3,56,'2018-07-24 21:32:16','2018-07-24 21:32:46'),(3,54,'2018-07-24 21:32:00','2018-07-24 21:32:30'),(3,55,'2018-07-24 21:31:48','2018-07-24 21:32:18'),(3,56,'2018-07-24 21:31:46','2018-07-24 21:32:16'),(3,57,'2018-07-24 21:31:46','2018-07-24 21:32:16'),(3,54,'2018-07-24 21:31:30','2018-07-24 21:32:00'),(3,54,'2018-07-24 21:33:30','2018-07-24 21:34:00'),(3,56,'2018-07-24 21:33:46','2018-07-24 21:34:16'),(3,57,'2018-07-24 21:33:46','2018-07-24 21:34:16'),(1,52,'2018-07-24 21:31:07','2018-07-24 21:31:37'),(2,52,'2018-07-24 21:31:07','2018-07-24 21:31:37'),(1,51,'2018-07-24 21:31:08','2018-07-24 21:31:38'),(2,51,'2018-07-24 21:31:08','2018-07-24 21:31:38'),(1,44,'2018-07-24 21:31:11','2018-07-24 21:31:41'),(2,44,'2018-07-24 21:31:11','2018-07-24 21:31:41'),(1,45,'2018-07-24 21:31:14','2018-07-24 21:31:44'),(2,45,'2018-07-24 21:31:14','2018-07-24 21:31:44'),(1,46,'2018-07-24 21:31:15','2018-07-24 21:31:45'),(2,46,'2018-07-24 21:31:15','2018-07-24 21:31:45'),(1,47,'2018-07-24 21:31:25','2018-07-24 21:31:55'),(2,47,'2018-07-24 21:31:25','2018-07-24 21:31:55'),(1,43,'2018-07-24 21:31:25','2018-07-24 21:31:55'),(2,43,'2018-07-24 21:31:25','2018-07-24 21:31:55'),(1,53,'2018-07-24 21:31:26','2018-07-24 21:31:56'),(2,53,'2018-07-24 21:31:26','2018-07-24 21:31:56'),(1,52,'2018-07-24 21:31:37','2018-07-24 21:32:07'),(2,52,'2018-07-24 21:31:37','2018-07-24 21:32:07'),(1,51,'2018-07-24 21:31:38','2018-07-24 21:32:08'),(2,51,'2018-07-24 21:31:38','2018-07-24 21:32:08'),(1,44,'2018-07-24 21:31:41','2018-07-24 21:32:11'),(2,44,'2018-07-24 21:31:41','2018-07-24 21:32:11'),(1,45,'2018-07-24 21:31:44','2018-07-24 21:32:14'),(2,45,'2018-07-24 21:31:44','2018-07-24 21:32:14'),(1,46,'2018-07-24 21:31:45','2018-07-24 21:32:15'),(2,46,'2018-07-24 21:31:45','2018-07-24 21:32:15'),(1,47,'2018-07-24 21:31:55','2018-07-24 21:32:25'),(2,47,'2018-07-24 21:31:55','2018-07-24 21:32:25'),(1,43,'2018-07-24 21:31:55','2018-07-24 21:32:25'),(2,43,'2018-07-24 21:31:55','2018-07-24 21:32:25'),(1,53,'2018-07-24 21:31:56','2018-07-24 21:32:26'),(2,53,'2018-07-24 21:31:56','2018-07-24 21:32:26'),(1,52,'2018-07-24 21:32:07','2018-07-24 21:32:37'),(2,52,'2018-07-24 21:32:07','2018-07-24 21:32:37'),(1,51,'2018-07-24 21:32:08','2018-07-24 21:32:38'),(2,51,'2018-07-24 21:32:08','2018-07-24 21:32:38'),(1,44,'2018-07-24 21:32:11','2018-07-24 21:32:41'),(2,44,'2018-07-24 21:32:11','2018-07-24 21:32:41'),(1,45,'2018-07-24 21:32:14','2018-07-24 21:32:44'),(2,45,'2018-07-24 21:32:14','2018-07-24 21:32:44'),(1,46,'2018-07-24 21:32:15','2018-07-24 21:32:45'),(2,46,'2018-07-24 21:32:15','2018-07-24 21:32:45'),(1,47,'2018-07-24 21:32:25','2018-07-24 21:32:55'),(2,47,'2018-07-24 21:32:25','2018-07-24 21:32:55'),(1,43,'2018-07-24 21:32:25','2018-07-24 21:32:55'),(2,43,'2018-07-24 21:32:25','2018-07-24 21:32:55'),(1,53,'2018-07-24 21:32:26','2018-07-24 21:32:56'),(2,53,'2018-07-24 21:32:26','2018-07-24 21:32:56'),(3,54,'2018-07-24 21:35:00','2018-07-24 21:35:30'),(3,60,'2018-07-24 21:34:55','2018-07-24 21:35:25'),(3,59,'2018-07-24 21:34:50','2018-07-24 21:35:20'),(3,55,'2018-07-24 21:34:48','2018-07-24 21:35:18'),(3,57,'2018-07-24 21:34:46','2018-07-24 21:35:16'),(3,56,'2018-07-24 21:34:46','2018-07-24 21:35:16'),(3,54,'2018-07-24 21:34:30','2018-07-24 21:35:00'),(3,55,'2018-07-24 21:34:18','2018-07-24 21:34:48'),(3,57,'2018-07-24 21:34:16','2018-07-24 21:34:46'),(3,56,'2018-07-24 21:34:16','2018-07-24 21:34:46'),(3,54,'2018-07-24 21:34:00','2018-07-24 21:34:30'),(3,55,'2018-07-24 21:33:48','2018-07-24 21:34:18'),(3,62,'2018-07-24 21:34:35','2018-07-24 21:35:05'),(3,61,'2018-07-24 21:34:30','2018-07-24 21:35:00'),(3,60,'2018-07-24 21:34:25','2018-07-24 21:34:55'),(3,59,'2018-07-24 21:34:20','2018-07-24 21:34:50'),(3,61,'2018-07-24 21:35:00','2018-07-24 21:35:30'),(3,62,'2018-07-24 21:35:05','2018-07-24 21:35:35'),(3,56,'2018-07-24 21:35:16','2018-07-24 21:35:46'),(3,57,'2018-07-24 21:35:16','2018-07-24 21:35:46'),(3,55,'2018-07-24 21:35:18','2018-07-24 21:35:48'),(3,59,'2018-07-24 21:35:20','2018-07-24 21:35:50'),(3,60,'2018-07-24 21:35:25','2018-07-24 21:35:55'),(3,54,'2018-07-24 21:35:30','2018-07-24 21:36:00'),(3,61,'2018-07-24 21:35:30','2018-07-24 21:36:00'),(3,62,'2018-07-24 21:35:35','2018-07-24 21:36:05'),(3,56,'2018-07-24 21:35:46','2018-07-24 21:36:16'),(3,57,'2018-07-24 21:35:46','2018-07-24 21:36:16'),(3,55,'2018-07-24 21:35:48','2018-07-24 21:36:18'),(3,59,'2018-07-24 21:35:50','2018-07-24 21:36:20'),(3,60,'2018-07-24 21:35:55','2018-07-24 21:36:25'),(3,61,'2018-07-24 21:36:00','2018-07-24 21:36:30'),(3,54,'2018-07-24 21:36:00','2018-07-24 21:36:30'),(3,62,'2018-07-24 21:36:05','2018-07-24 21:36:35'),(3,56,'2018-07-24 21:36:16','2018-07-24 21:36:46'),(3,57,'2018-07-24 21:36:16','2018-07-24 21:36:46'),(3,55,'2018-07-24 21:36:18','2018-07-24 21:36:48'),(3,59,'2018-07-24 21:36:20','2018-07-24 21:36:50'),(3,60,'2018-07-24 21:36:25','2018-07-24 21:36:55'),(3,54,'2018-07-24 21:36:30','2018-07-24 21:37:00'),(3,61,'2018-07-24 21:36:30','2018-07-24 21:37:00'),(3,62,'2018-07-24 21:36:35','2018-07-24 21:37:05'),(3,56,'2018-07-24 21:36:46','2018-07-24 21:37:16'),(3,57,'2018-07-24 21:36:46','2018-07-24 21:37:16'),(3,55,'2018-07-24 21:36:48','2018-07-24 21:37:18'),(3,59,'2018-07-24 21:36:50','2018-07-24 21:37:20'),(3,60,'2018-07-24 21:36:55','2018-07-24 21:37:25'),(3,54,'2018-07-24 21:37:00','2018-07-24 21:37:30'),(3,61,'2018-07-24 21:37:00','2018-07-24 21:37:30'),(3,62,'2018-07-24 21:37:05','2018-07-24 21:37:35'),(3,56,'2018-07-24 21:37:16','2018-07-24 21:37:46'),(3,57,'2018-07-24 21:37:16','2018-07-24 21:37:46'),(3,55,'2018-07-24 21:37:18','2018-07-24 21:37:48'),(3,59,'2018-07-24 21:37:20','2018-07-24 21:37:50'),(3,60,'2018-07-24 21:37:25','2018-07-24 21:37:55'),(3,54,'2018-07-24 21:37:30','2018-07-24 21:38:00'),(3,61,'2018-07-24 21:37:30','2018-07-24 21:38:00'),(3,62,'2018-07-24 21:37:35','2018-07-24 21:38:05'),(3,56,'2018-07-24 21:37:46','2018-07-24 21:38:16'),(3,57,'2018-07-24 21:37:46','2018-07-24 21:38:16'),(3,55,'2018-07-24 21:37:48','2018-07-24 21:38:18'),(3,59,'2018-07-24 21:37:50','2018-07-24 21:38:20'),(3,60,'2018-07-24 21:37:55','2018-07-24 21:38:25'),(3,61,'2018-07-24 21:38:00','2018-07-24 21:38:30'),(3,62,'2018-07-24 21:38:05','2018-07-24 21:38:35'),(3,59,'2018-07-24 21:38:20','2018-07-24 21:38:50'),(3,60,'2018-07-24 21:38:25','2018-07-24 21:38:55'),(3,61,'2018-07-24 21:38:30','2018-07-24 21:39:00'),(3,62,'2018-07-24 21:38:35','2018-07-24 21:39:05'),(3,59,'2018-07-24 21:38:50','2018-07-24 21:39:20'),(3,60,'2018-07-24 21:38:55','2018-07-24 21:39:25'),(3,61,'2018-07-24 21:39:00','2018-07-24 21:39:30'),(3,62,'2018-07-24 21:39:05','2018-07-24 21:39:35'),(3,59,'2018-07-24 21:39:20','2018-07-24 21:39:50'),(3,60,'2018-07-24 21:39:25','2018-07-24 21:39:55'),(3,61,'2018-07-24 21:39:30','2018-07-24 21:40:00'),(3,62,'2018-07-24 21:39:35','2018-07-24 21:40:05'),(3,59,'2018-07-24 21:39:50','2018-07-24 21:40:20'),(3,60,'2018-07-24 21:39:55','2018-07-24 21:40:25'),(3,61,'2018-07-24 21:40:00','2018-07-24 21:40:30'),(3,62,'2018-07-24 21:40:05','2018-07-24 21:40:35'),(3,59,'2018-07-24 21:40:20','2018-07-24 21:40:50'),(3,60,'2018-07-24 21:40:25','2018-07-24 21:40:55'),(3,61,'2018-07-24 21:40:30','2018-07-24 21:41:00'),(3,62,'2018-07-24 21:40:35','2018-07-24 21:41:05'),(3,59,'2018-07-24 21:40:50','2018-07-24 21:41:20'),(3,60,'2018-07-24 21:40:55','2018-07-24 21:41:25'),(3,61,'2018-07-24 21:41:00','2018-07-24 21:41:30'),(3,62,'2018-07-24 21:41:05','2018-07-24 21:41:35'),(3,59,'2018-07-24 21:41:20','2018-07-24 21:41:50'),(3,60,'2018-07-24 21:41:25','2018-07-24 21:41:55'),(3,54,'2018-07-24 21:38:00','2018-07-24 21:38:30'),(3,56,'2018-07-24 21:38:16','2018-07-24 21:38:46'),(3,57,'2018-07-24 21:38:16','2018-07-24 21:38:46'),(3,55,'2018-07-24 21:38:18','2018-07-24 21:38:48'),(3,54,'2018-07-24 21:38:30','2018-07-24 21:39:00'),(3,56,'2018-07-24 21:38:46','2018-07-24 21:39:16'),(3,57,'2018-07-24 21:38:46','2018-07-24 21:39:16'),(3,55,'2018-07-24 21:38:48','2018-07-24 21:39:18'),(3,54,'2018-07-24 21:39:00','2018-07-24 21:39:30'),(3,56,'2018-07-24 21:39:16','2018-07-24 21:39:46'),(3,57,'2018-07-24 21:39:16','2018-07-24 21:39:46'),(3,55,'2018-07-24 21:39:18','2018-07-24 21:39:48'),(3,54,'2018-07-24 21:39:30','2018-07-24 21:40:00'),(3,56,'2018-07-24 21:39:46','2018-07-24 21:40:16'),(3,57,'2018-07-24 21:39:46','2018-07-24 21:40:16'),(3,55,'2018-07-24 21:39:48','2018-07-24 21:40:18'),(3,54,'2018-07-24 21:40:00','2018-07-24 21:40:30'),(3,56,'2018-07-24 21:40:16','2018-07-24 21:40:46'),(3,57,'2018-07-24 21:40:16','2018-07-24 21:40:46'),(3,55,'2018-07-24 21:40:18','2018-07-24 21:40:48'),(3,54,'2018-07-24 21:40:30','2018-07-24 21:41:00'),(3,56,'2018-07-24 21:40:46','2018-07-24 21:41:16'),(3,57,'2018-07-24 21:40:46','2018-07-24 21:41:16'),(3,55,'2018-07-24 21:40:48','2018-07-24 21:41:18'),(3,54,'2018-07-24 21:41:00','2018-07-24 21:41:30'),(3,56,'2018-07-24 21:41:16','2018-07-24 21:41:46'),(3,57,'2018-07-24 21:41:16','2018-07-24 21:41:46'),(3,55,'2018-07-24 21:41:18','2018-07-24 21:41:48'),(3,54,'2018-07-24 21:41:30','2018-07-24 21:42:00'),(3,61,'2018-07-24 21:41:30','2018-07-24 21:42:00'),(3,62,'2018-07-24 21:41:35','2018-07-24 21:42:05'),(3,56,'2018-07-24 21:41:46','2018-07-24 21:42:16'),(3,57,'2018-07-24 21:41:46','2018-07-24 21:42:16'),(3,55,'2018-07-24 21:41:48','2018-07-24 21:42:18'),(3,59,'2018-07-24 21:41:50','2018-07-24 21:42:20'),(3,60,'2018-07-24 21:41:55','2018-07-24 21:42:25'),(3,54,'2018-07-24 21:42:00','2018-07-24 21:42:30'),(3,61,'2018-07-24 21:42:00','2018-07-24 21:42:30'),(3,62,'2018-07-24 21:42:05','2018-07-24 21:42:35'),(3,56,'2018-07-24 21:42:16','2018-07-24 21:42:46'),(3,57,'2018-07-24 21:42:16','2018-07-24 21:42:46'),(3,55,'2018-07-24 21:42:18','2018-07-24 21:42:48'),(3,59,'2018-07-24 21:42:20','2018-07-24 21:42:50'),(3,60,'2018-07-24 21:42:25','2018-07-24 21:42:55'),(3,54,'2018-07-24 21:42:30','2018-07-24 21:43:00'),(3,61,'2018-07-24 21:42:30','2018-07-24 21:43:00'),(3,62,'2018-07-24 21:42:35','2018-07-24 21:43:05'),(3,56,'2018-07-24 21:42:46','2018-07-24 21:43:16'),(3,57,'2018-07-24 21:42:46','2018-07-24 21:43:16'),(3,55,'2018-07-24 21:42:48','2018-07-24 21:43:18'),(3,59,'2018-07-24 21:42:50','2018-07-24 21:43:20'),(3,60,'2018-07-24 21:42:55','2018-07-24 21:43:25'),(3,61,'2018-07-24 21:43:00','2018-07-24 21:43:30'),(3,54,'2018-07-24 21:43:00','2018-07-24 21:43:30'),(3,62,'2018-07-24 21:43:05','2018-07-24 21:43:35'),(3,56,'2018-07-24 21:43:16','2018-07-24 21:43:46'),(3,57,'2018-07-24 21:43:16','2018-07-24 21:43:46'),(3,59,'2018-07-24 21:43:20','2018-07-24 21:43:50'),(3,60,'2018-07-24 21:43:25','2018-07-24 21:43:55'),(3,55,'2018-07-24 21:43:18','2018-07-24 21:43:48'),(3,61,'2018-07-24 21:43:30','2018-07-24 21:44:00'),(3,62,'2018-07-24 21:43:35','2018-07-24 21:44:05'),(3,54,'2018-07-24 21:43:30','2018-07-24 21:44:00'),(3,59,'2018-07-24 21:43:50','2018-07-24 21:44:20'),(3,56,'2018-07-24 21:43:46','2018-07-24 21:44:16'),(3,57,'2018-07-24 21:43:46','2018-07-24 21:44:16'),(3,55,'2018-07-24 21:43:48','2018-07-24 21:44:18'),(3,60,'2018-07-24 21:43:55','2018-07-24 21:44:25'),(3,61,'2018-07-24 21:44:00','2018-07-24 21:44:30'),(3,62,'2018-07-24 21:44:05','2018-07-24 21:44:35'),(3,62,'2018-07-24 21:44:35','2018-07-24 21:45:05'),(3,60,'2018-07-24 21:44:25','2018-07-24 21:44:55'),(3,61,'2018-07-24 21:44:30','2018-07-24 21:45:00'),(3,59,'2018-07-24 21:44:20','2018-07-24 21:44:50'),(3,59,'2018-07-24 21:44:50','2018-07-24 21:45:20'),(3,60,'2018-07-24 21:44:55','2018-07-24 21:45:25'),(3,61,'2018-07-24 21:45:00','2018-07-24 21:45:30'),(3,62,'2018-07-24 21:45:05','2018-07-24 21:45:35'),(1,86,'2018-07-24 22:51:07','2018-07-24 22:51:52'),(3,90,'2018-07-24 22:50:49','2018-07-24 22:51:19'),(3,59,'2018-07-24 21:45:20','2018-07-24 21:45:50'),(3,60,'2018-07-24 21:45:25','2018-07-24 21:45:55'),(3,61,'2018-07-24 21:45:30','2018-07-24 21:46:00'),(3,62,'2018-07-24 21:45:35','2018-07-24 21:46:05'),(3,59,'2018-07-24 21:45:50','2018-07-24 21:46:20'),(7,86,'2018-07-24 22:50:22','2018-07-24 22:51:07'),(1,86,'2018-07-24 22:50:22','2018-07-24 22:51:07'),(3,60,'2018-07-24 21:45:55','2018-07-24 21:46:25'),(3,61,'2018-07-24 21:46:00','2018-07-24 21:46:30'),(3,62,'2018-07-24 21:46:05','2018-07-24 21:46:35'),(3,90,'2018-07-24 22:50:19','2018-07-24 22:50:49'),(3,59,'2018-07-24 21:46:20','2018-07-24 21:46:50'),(3,60,'2018-07-24 21:46:25','2018-07-24 21:46:55'),(3,61,'2018-07-24 21:46:30','2018-07-24 21:47:00'),(3,62,'2018-07-24 21:46:35','2018-07-24 21:47:05'),(3,90,'2018-07-24 22:49:49','2018-07-24 22:50:19'),(7,86,'2018-07-24 22:49:37','2018-07-24 22:50:22'),(1,86,'2018-07-24 22:49:37','2018-07-24 22:50:22'),(3,87,'2018-07-24 22:49:20','2018-07-24 22:49:50'),(3,90,'2018-07-24 22:49:19','2018-07-24 22:49:49'),(7,86,'2018-07-24 22:48:52','2018-07-24 22:49:37'),(1,86,'2018-07-24 22:48:52','2018-07-24 22:49:37'),(3,87,'2018-07-24 22:48:50','2018-07-24 22:49:20'),(3,90,'2018-07-24 22:48:49','2018-07-24 22:49:19'),(1,83,'2018-07-24 22:27:20','2018-07-24 22:28:05'),(7,92,'2018-07-24 22:26:52','2018-07-24 22:27:37'),(3,87,'2018-07-24 22:48:20','2018-07-24 22:48:50'),(3,90,'2018-07-24 22:48:19','2018-07-24 22:48:49'),(7,86,'2018-07-24 22:48:07','2018-07-24 22:48:52'),(1,86,'2018-07-24 22:48:07','2018-07-24 22:48:52'),(1,92,'2018-07-24 22:26:52','2018-07-24 22:27:37'),(7,91,'2018-07-24 22:26:43','2018-07-24 22:27:28'),(1,91,'2018-07-24 22:26:43','2018-07-24 22:27:28'),(3,87,'2018-07-24 22:47:50','2018-07-24 22:48:20'),(3,90,'2018-07-24 22:47:49','2018-07-24 22:48:19'),(3,89,'2018-07-24 22:25:06','2018-07-24 22:25:36'),(3,93,'2018-07-24 22:25:02','2018-07-24 22:25:32'),(3,88,'2018-07-24 22:24:55','2018-07-24 22:25:25'),(7,86,'2018-07-24 22:47:22','2018-07-24 22:48:07'),(1,86,'2018-07-24 22:47:22','2018-07-24 22:48:07'),(7,83,'2018-07-24 22:26:35','2018-07-24 22:27:20'),(1,83,'2018-07-24 22:26:35','2018-07-24 22:27:20'),(7,92,'2018-07-24 22:26:07','2018-07-24 22:26:52'),(1,92,'2018-07-24 22:26:07','2018-07-24 22:26:52'),(7,91,'2018-07-24 22:25:58','2018-07-24 22:26:43'),(3,87,'2018-07-24 22:47:20','2018-07-24 22:47:50'),(3,90,'2018-07-24 22:47:19','2018-07-24 22:47:49'),(1,91,'2018-07-24 22:25:58','2018-07-24 22:26:43'),(3,89,'2018-07-24 22:24:36','2018-07-24 22:25:06'),(3,93,'2018-07-24 22:24:32','2018-07-24 22:25:02'),(3,87,'2018-07-24 22:46:50','2018-07-24 22:47:20'),(3,90,'2018-07-24 22:46:49','2018-07-24 22:47:19'),(7,86,'2018-07-24 22:46:37','2018-07-24 22:47:22'),(1,86,'2018-07-24 22:46:37','2018-07-24 22:47:22'),(3,87,'2018-07-24 22:46:20','2018-07-24 22:46:50'),(3,90,'2018-07-24 22:46:19','2018-07-24 22:46:49'),(7,86,'2018-07-24 22:45:52','2018-07-24 22:46:37'),(1,86,'2018-07-24 22:45:52','2018-07-24 22:46:37'),(3,88,'2018-07-24 22:24:25','2018-07-24 22:24:55'),(7,83,'2018-07-24 22:25:50','2018-07-24 22:26:35'),(1,83,'2018-07-24 22:25:50','2018-07-24 22:26:35'),(7,92,'2018-07-24 22:25:22','2018-07-24 22:26:07'),(1,92,'2018-07-24 22:25:22','2018-07-24 22:26:07'),(7,91,'2018-07-24 22:25:13','2018-07-24 22:25:58'),(3,87,'2018-07-24 22:45:50','2018-07-24 22:46:20'),(3,90,'2018-07-24 22:45:49','2018-07-24 22:46:19'),(3,87,'2018-07-24 22:45:20','2018-07-24 22:45:50'),(3,90,'2018-07-24 22:45:19','2018-07-24 22:45:49'),(7,86,'2018-07-24 22:45:07','2018-07-24 22:45:52'),(1,86,'2018-07-24 22:45:07','2018-07-24 22:45:52'),(1,91,'2018-07-24 22:25:13','2018-07-24 22:25:58'),(3,89,'2018-07-24 22:24:06','2018-07-24 22:24:36'),(3,93,'2018-07-24 22:24:02','2018-07-24 22:24:32'),(3,88,'2018-07-24 22:23:55','2018-07-24 22:24:25'),(7,83,'2018-07-24 22:25:05','2018-07-24 22:25:50'),(1,83,'2018-07-24 22:25:05','2018-07-24 22:25:50'),(3,87,'2018-07-24 22:44:50','2018-07-24 22:45:20'),(3,90,'2018-07-24 22:44:49','2018-07-24 22:45:19'),(7,86,'2018-07-24 22:44:22','2018-07-24 22:45:07'),(1,86,'2018-07-24 22:44:22','2018-07-24 22:45:07'),(3,87,'2018-07-24 22:44:20','2018-07-24 22:44:50'),(3,90,'2018-07-24 22:44:19','2018-07-24 22:44:49'),(7,92,'2018-07-24 22:24:37','2018-07-24 22:25:22'),(1,92,'2018-07-24 22:24:37','2018-07-24 22:25:22'),(3,87,'2018-07-24 22:43:50','2018-07-24 22:44:20'),(3,90,'2018-07-24 22:43:49','2018-07-24 22:44:19'),(7,91,'2018-07-24 22:24:28','2018-07-24 22:25:13'),(1,91,'2018-07-24 22:24:28','2018-07-24 22:25:13'),(3,89,'2018-07-24 22:23:36','2018-07-24 22:24:06'),(3,93,'2018-07-24 22:23:32','2018-07-24 22:24:02'),(3,88,'2018-07-24 22:23:25','2018-07-24 22:23:55'),(7,83,'2018-07-24 22:24:20','2018-07-24 22:25:05'),(1,83,'2018-07-24 22:24:20','2018-07-24 22:25:05'),(7,92,'2018-07-24 22:23:52','2018-07-24 22:24:37'),(1,92,'2018-07-24 22:23:52','2018-07-24 22:24:37'),(7,91,'2018-07-24 22:23:43','2018-07-24 22:24:28'),(1,91,'2018-07-24 22:23:43','2018-07-24 22:24:28'),(3,89,'2018-07-24 22:23:06','2018-07-24 22:23:36'),(3,93,'2018-07-24 22:23:02','2018-07-24 22:23:32'),(3,88,'2018-07-24 22:22:55','2018-07-24 22:23:25'),(7,83,'2018-07-24 22:23:35','2018-07-24 22:24:20'),(1,83,'2018-07-24 22:23:35','2018-07-24 22:24:20'),(7,92,'2018-07-24 22:23:07','2018-07-24 22:23:52'),(1,92,'2018-07-24 22:23:07','2018-07-24 22:23:52'),(7,91,'2018-07-24 22:22:58','2018-07-24 22:23:43'),(7,86,'2018-07-24 22:43:37','2018-07-24 22:44:22'),(1,86,'2018-07-24 22:43:37','2018-07-24 22:44:22'),(3,87,'2018-07-24 22:43:20','2018-07-24 22:43:50'),(3,90,'2018-07-24 22:43:19','2018-07-24 22:43:49'),(7,86,'2018-07-24 22:42:52','2018-07-24 22:43:37'),(1,86,'2018-07-24 22:42:52','2018-07-24 22:43:37'),(3,87,'2018-07-24 22:42:50','2018-07-24 22:43:20'),(3,90,'2018-07-24 22:42:49','2018-07-24 22:43:19'),(3,87,'2018-07-24 22:42:20','2018-07-24 22:42:50'),(3,90,'2018-07-24 22:42:19','2018-07-24 22:42:49'),(7,86,'2018-07-24 22:42:07','2018-07-24 22:42:52'),(1,86,'2018-07-24 22:42:07','2018-07-24 22:42:52'),(3,87,'2018-07-24 22:41:50','2018-07-24 22:42:20'),(3,90,'2018-07-24 22:41:49','2018-07-24 22:42:19'),(1,91,'2018-07-24 22:22:58','2018-07-24 22:23:43'),(3,89,'2018-07-24 22:22:36','2018-07-24 22:23:06'),(3,93,'2018-07-24 22:22:32','2018-07-24 22:23:02'),(3,88,'2018-07-24 22:22:25','2018-07-24 22:22:55'),(7,83,'2018-07-24 22:22:50','2018-07-24 22:23:35'),(1,83,'2018-07-24 22:22:50','2018-07-24 22:23:35'),(7,86,'2018-07-24 22:41:22','2018-07-24 22:42:07'),(1,86,'2018-07-24 22:41:22','2018-07-24 22:42:07'),(3,87,'2018-07-24 22:41:20','2018-07-24 22:41:50'),(3,90,'2018-07-24 22:41:19','2018-07-24 22:41:49'),(7,92,'2018-07-24 22:22:22','2018-07-24 22:23:07'),(1,92,'2018-07-24 22:22:22','2018-07-24 22:23:07'),(3,89,'2018-07-24 22:22:06','2018-07-24 22:22:36'),(3,87,'2018-07-24 22:40:50','2018-07-24 22:41:20'),(3,90,'2018-07-24 22:40:49','2018-07-24 22:41:19'),(3,93,'2018-07-24 22:22:02','2018-07-24 22:22:32'),(7,86,'2018-07-24 22:40:37','2018-07-24 22:41:22'),(1,86,'2018-07-24 22:40:37','2018-07-24 22:41:22'),(7,91,'2018-07-24 22:22:13','2018-07-24 22:22:58'),(1,91,'2018-07-24 22:22:13','2018-07-24 22:22:58'),(3,88,'2018-07-24 22:21:55','2018-07-24 22:22:25'),(7,83,'2018-07-24 22:22:05','2018-07-24 22:22:50'),(1,83,'2018-07-24 22:22:05','2018-07-24 22:22:50'),(3,89,'2018-07-24 22:21:36','2018-07-24 22:22:06'),(3,93,'2018-07-24 22:21:32','2018-07-24 22:22:02'),(3,88,'2018-07-24 22:21:25','2018-07-24 22:21:55'),(3,87,'2018-07-24 22:40:20','2018-07-24 22:40:50'),(3,90,'2018-07-24 22:40:19','2018-07-24 22:40:49'),(7,86,'2018-07-24 22:39:52','2018-07-24 22:40:37'),(1,86,'2018-07-24 22:39:52','2018-07-24 22:40:37'),(7,92,'2018-07-24 22:21:37','2018-07-24 22:22:22'),(1,92,'2018-07-24 22:21:37','2018-07-24 22:22:22'),(7,91,'2018-07-24 22:21:28','2018-07-24 22:22:13'),(3,87,'2018-07-24 22:39:50','2018-07-24 22:40:20'),(3,90,'2018-07-24 22:39:49','2018-07-24 22:40:19'),(3,87,'2018-07-24 22:39:20','2018-07-24 22:39:50'),(3,90,'2018-07-24 22:39:19','2018-07-24 22:39:49'),(1,91,'2018-07-24 22:21:28','2018-07-24 22:22:13'),(3,87,'2018-07-24 22:37:50','2018-07-24 22:38:20'),(7,86,'2018-07-24 22:39:07','2018-07-24 22:39:52'),(1,86,'2018-07-24 22:39:07','2018-07-24 22:39:52'),(3,90,'2018-07-24 22:37:49','2018-07-24 22:38:19'),(7,86,'2018-07-24 22:37:37','2018-07-24 22:38:22'),(1,86,'2018-07-24 22:37:37','2018-07-24 22:38:22'),(3,87,'2018-07-24 22:37:20','2018-07-24 22:37:50'),(3,90,'2018-07-24 22:37:19','2018-07-24 22:37:49'),(7,86,'2018-07-24 22:36:52','2018-07-24 22:37:37'),(1,86,'2018-07-24 22:36:52','2018-07-24 22:37:37'),(3,87,'2018-07-24 22:38:50','2018-07-24 22:39:20'),(3,90,'2018-07-24 22:38:49','2018-07-24 22:39:19'),(7,86,'2018-07-24 22:38:22','2018-07-24 22:39:07'),(3,90,'2018-07-24 22:38:19','2018-07-24 22:38:49'),(3,87,'2018-07-24 22:38:20','2018-07-24 22:38:50'),(1,86,'2018-07-24 22:38:22','2018-07-24 22:39:07'),(3,87,'2018-07-24 22:36:50','2018-07-24 22:37:20'),(3,90,'2018-07-24 22:36:49','2018-07-24 22:37:19'),(3,87,'2018-07-24 22:36:20','2018-07-24 22:36:50'),(3,89,'2018-07-24 22:35:36','2018-07-24 22:36:06'),(3,93,'2018-07-24 22:35:32','2018-07-24 22:36:02'),(3,90,'2018-07-24 22:36:19','2018-07-24 22:36:49'),(3,88,'2018-07-24 22:35:25','2018-07-24 22:35:55'),(3,89,'2018-07-24 22:35:06','2018-07-24 22:35:36'),(3,93,'2018-07-24 22:35:02','2018-07-24 22:35:32'),(3,88,'2018-07-24 22:34:55','2018-07-24 22:35:25'),(3,89,'2018-07-24 22:34:36','2018-07-24 22:35:06'),(3,93,'2018-07-24 22:34:32','2018-07-24 22:35:02'),(7,86,'2018-07-24 22:36:07','2018-07-24 22:36:52'),(1,86,'2018-07-24 22:36:07','2018-07-24 22:36:52'),(3,88,'2018-07-24 22:34:25','2018-07-24 22:34:55'),(3,89,'2018-07-24 22:34:06','2018-07-24 22:34:36'),(3,93,'2018-07-24 22:34:02','2018-07-24 22:34:32'),(3,88,'2018-07-24 22:33:55','2018-07-24 22:34:25'),(3,87,'2018-07-24 22:35:50','2018-07-24 22:36:20'),(3,89,'2018-07-24 22:33:36','2018-07-24 22:34:06'),(3,93,'2018-07-24 22:33:32','2018-07-24 22:34:02'),(3,90,'2018-07-24 22:35:49','2018-07-24 22:36:19'),(7,86,'2018-07-24 22:35:22','2018-07-24 22:36:07'),(1,86,'2018-07-24 22:35:22','2018-07-24 22:36:07'),(3,87,'2018-07-24 22:35:20','2018-07-24 22:35:50'),(3,90,'2018-07-24 22:35:19','2018-07-24 22:35:49'),(3,88,'2018-07-24 22:33:25','2018-07-24 22:33:55'),(3,89,'2018-07-24 22:33:06','2018-07-24 22:33:36'),(3,93,'2018-07-24 22:33:02','2018-07-24 22:33:32'),(3,88,'2018-07-24 22:32:55','2018-07-24 22:33:25'),(3,87,'2018-07-24 22:34:50','2018-07-24 22:35:20'),(3,90,'2018-07-24 22:34:49','2018-07-24 22:35:19'),(7,86,'2018-07-24 22:34:37','2018-07-24 22:35:22'),(3,89,'2018-07-24 22:32:36','2018-07-24 22:33:06'),(3,93,'2018-07-24 22:32:32','2018-07-24 22:33:02'),(3,88,'2018-07-24 22:32:25','2018-07-24 22:32:55'),(3,89,'2018-07-24 22:32:06','2018-07-24 22:32:36'),(1,86,'2018-07-24 22:34:37','2018-07-24 22:35:22'),(3,93,'2018-07-24 22:32:02','2018-07-24 22:32:32'),(3,88,'2018-07-24 22:31:55','2018-07-24 22:32:25'),(3,89,'2018-07-24 22:31:36','2018-07-24 22:32:06'),(3,93,'2018-07-24 22:31:32','2018-07-24 22:32:02'),(3,87,'2018-07-24 22:34:20','2018-07-24 22:34:50'),(3,88,'2018-07-24 22:31:25','2018-07-24 22:31:55'),(3,89,'2018-07-24 22:31:06','2018-07-24 22:31:36'),(3,93,'2018-07-24 22:31:02','2018-07-24 22:31:32'),(3,88,'2018-07-24 22:30:55','2018-07-24 22:31:25'),(3,90,'2018-07-24 22:34:19','2018-07-24 22:34:49'),(7,86,'2018-07-24 22:33:52','2018-07-24 22:34:37'),(1,86,'2018-07-24 22:33:52','2018-07-24 22:34:37'),(3,87,'2018-07-24 22:33:50','2018-07-24 22:34:20'),(3,90,'2018-07-24 22:33:49','2018-07-24 22:34:19'),(3,87,'2018-07-24 22:33:20','2018-07-24 22:33:50'),(3,90,'2018-07-24 22:33:19','2018-07-24 22:33:49'),(3,89,'2018-07-24 22:30:36','2018-07-24 22:31:06'),(3,93,'2018-07-24 22:30:32','2018-07-24 22:31:02'),(3,88,'2018-07-24 22:30:25','2018-07-24 22:30:55'),(3,89,'2018-07-24 22:30:06','2018-07-24 22:30:36'),(3,93,'2018-07-24 22:30:02','2018-07-24 22:30:32'),(3,88,'2018-07-24 22:29:55','2018-07-24 22:30:25'),(7,86,'2018-07-24 22:33:07','2018-07-24 22:33:52'),(1,86,'2018-07-24 22:33:07','2018-07-24 22:33:52'),(3,87,'2018-07-24 22:32:50','2018-07-24 22:33:20'),(3,93,'2018-07-24 22:29:32','2018-07-24 22:30:02'),(3,88,'2018-07-24 22:29:25','2018-07-24 22:29:55'),(3,89,'2018-07-24 22:28:36','2018-07-24 22:29:06'),(3,93,'2018-07-24 22:28:32','2018-07-24 22:29:02'),(3,88,'2018-07-24 22:28:25','2018-07-24 22:28:55'),(3,93,'2018-07-24 22:29:02','2018-07-24 22:29:32'),(3,90,'2018-07-24 22:32:49','2018-07-24 22:33:19'),(3,88,'2018-07-24 22:28:55','2018-07-24 22:29:25'),(3,89,'2018-07-24 22:29:36','2018-07-24 22:30:06'),(3,89,'2018-07-24 22:29:06','2018-07-24 22:29:36'),(7,91,'2018-07-24 22:31:13','2018-07-24 22:31:58'),(7,86,'2018-07-24 22:32:22','2018-07-24 22:33:07'),(1,86,'2018-07-24 22:32:22','2018-07-24 22:33:07'),(1,91,'2018-07-24 22:31:13','2018-07-24 22:31:58'),(3,89,'2018-07-24 22:28:06','2018-07-24 22:28:36'),(3,93,'2018-07-24 22:28:02','2018-07-24 22:28:32'),(3,88,'2018-07-24 22:27:55','2018-07-24 22:28:25'),(7,83,'2018-07-24 22:31:05','2018-07-24 22:31:50'),(1,83,'2018-07-24 22:31:05','2018-07-24 22:31:50'),(3,87,'2018-07-24 22:32:20','2018-07-24 22:32:50'),(7,92,'2018-07-24 22:30:37','2018-07-24 22:31:22'),(3,90,'2018-07-24 22:32:19','2018-07-24 22:32:49'),(3,87,'2018-07-24 22:31:50','2018-07-24 22:32:20'),(3,90,'2018-07-24 22:31:49','2018-07-24 22:32:19'),(7,86,'2018-07-24 22:31:37','2018-07-24 22:32:22'),(1,92,'2018-07-24 22:30:37','2018-07-24 22:31:22'),(7,91,'2018-07-24 22:30:28','2018-07-24 22:31:13'),(1,91,'2018-07-24 22:30:28','2018-07-24 22:31:13'),(3,89,'2018-07-24 22:27:36','2018-07-24 22:28:06'),(1,86,'2018-07-24 22:31:37','2018-07-24 22:32:22'),(3,87,'2018-07-24 22:31:20','2018-07-24 22:31:50'),(3,90,'2018-07-24 22:31:19','2018-07-24 22:31:49'),(7,86,'2018-07-24 22:30:52','2018-07-24 22:31:37'),(3,93,'2018-07-24 22:27:32','2018-07-24 22:28:02'),(3,88,'2018-07-24 22:27:25','2018-07-24 22:27:55'),(7,83,'2018-07-24 22:30:20','2018-07-24 22:31:05'),(1,83,'2018-07-24 22:30:20','2018-07-24 22:31:05'),(7,92,'2018-07-24 22:29:52','2018-07-24 22:30:37'),(1,92,'2018-07-24 22:29:52','2018-07-24 22:30:37'),(7,91,'2018-07-24 22:29:43','2018-07-24 22:30:28'),(1,91,'2018-07-24 22:29:43','2018-07-24 22:30:28'),(3,89,'2018-07-24 22:27:06','2018-07-24 22:27:36'),(3,93,'2018-07-24 22:27:02','2018-07-24 22:27:32'),(3,88,'2018-07-24 22:26:55','2018-07-24 22:27:25'),(1,86,'2018-07-24 22:30:52','2018-07-24 22:31:37'),(3,87,'2018-07-24 22:30:50','2018-07-24 22:31:20'),(3,90,'2018-07-24 22:30:49','2018-07-24 22:31:19'),(3,87,'2018-07-24 22:30:20','2018-07-24 22:30:50'),(7,83,'2018-07-24 22:29:35','2018-07-24 22:30:20'),(1,83,'2018-07-24 22:29:35','2018-07-24 22:30:20'),(3,90,'2018-07-24 22:30:19','2018-07-24 22:30:49'),(7,86,'2018-07-24 22:30:07','2018-07-24 22:30:52'),(1,86,'2018-07-24 22:30:07','2018-07-24 22:30:52'),(7,86,'2018-07-24 22:29:22','2018-07-24 22:30:07'),(1,86,'2018-07-24 22:29:22','2018-07-24 22:30:07'),(7,86,'2018-07-24 22:28:37','2018-07-24 22:29:22'),(7,92,'2018-07-24 22:29:07','2018-07-24 22:29:52'),(1,92,'2018-07-24 22:29:07','2018-07-24 22:29:52'),(7,91,'2018-07-24 22:28:58','2018-07-24 22:29:43'),(1,91,'2018-07-24 22:28:58','2018-07-24 22:29:43'),(3,89,'2018-07-24 22:26:36','2018-07-24 22:27:06'),(3,93,'2018-07-24 22:26:32','2018-07-24 22:27:02'),(3,88,'2018-07-24 22:26:25','2018-07-24 22:26:55'),(7,83,'2018-07-24 22:28:50','2018-07-24 22:29:35'),(1,86,'2018-07-24 22:28:37','2018-07-24 22:29:22'),(7,86,'2018-07-24 22:27:52','2018-07-24 22:28:37'),(1,86,'2018-07-24 22:27:52','2018-07-24 22:28:37'),(7,86,'2018-07-24 22:27:07','2018-07-24 22:27:52'),(1,86,'2018-07-24 22:27:07','2018-07-24 22:27:52'),(1,83,'2018-07-24 22:28:50','2018-07-24 22:29:35'),(7,92,'2018-07-24 22:28:22','2018-07-24 22:29:07'),(7,86,'2018-07-24 22:26:22','2018-07-24 22:27:07'),(1,86,'2018-07-24 22:26:22','2018-07-24 22:27:07'),(1,92,'2018-07-24 22:28:22','2018-07-24 22:29:07'),(7,91,'2018-07-24 22:28:13','2018-07-24 22:28:58'),(7,86,'2018-07-24 22:25:37','2018-07-24 22:26:22'),(1,86,'2018-07-24 22:25:37','2018-07-24 22:26:22'),(7,86,'2018-07-24 22:24:52','2018-07-24 22:25:37'),(1,91,'2018-07-24 22:28:13','2018-07-24 22:28:58'),(3,89,'2018-07-24 22:26:06','2018-07-24 22:26:36'),(3,93,'2018-07-24 22:26:02','2018-07-24 22:26:32'),(3,88,'2018-07-24 22:25:55','2018-07-24 22:26:25'),(1,86,'2018-07-24 22:24:52','2018-07-24 22:25:37'),(7,86,'2018-07-24 22:24:07','2018-07-24 22:24:52'),(1,86,'2018-07-24 22:24:07','2018-07-24 22:24:52'),(7,86,'2018-07-24 22:23:22','2018-07-24 22:24:07'),(1,86,'2018-07-24 22:23:22','2018-07-24 22:24:07'),(7,86,'2018-07-24 22:22:37','2018-07-24 22:23:22'),(1,86,'2018-07-24 22:22:37','2018-07-24 22:23:22'),(7,86,'2018-07-24 22:21:52','2018-07-24 22:22:37'),(7,83,'2018-07-24 22:28:05','2018-07-24 22:28:50'),(1,83,'2018-07-24 22:28:05','2018-07-24 22:28:50'),(7,92,'2018-07-24 22:27:37','2018-07-24 22:28:22'),(1,92,'2018-07-24 22:27:37','2018-07-24 22:28:22'),(1,86,'2018-07-24 22:21:52','2018-07-24 22:22:37'),(7,83,'2018-07-24 22:21:20','2018-07-24 22:22:05'),(1,83,'2018-07-24 22:21:20','2018-07-24 22:22:05'),(7,86,'2018-07-24 22:21:07','2018-07-24 22:21:52'),(1,86,'2018-07-24 22:21:07','2018-07-24 22:21:52'),(7,91,'2018-07-24 22:27:28','2018-07-24 22:28:13'),(1,91,'2018-07-24 22:27:28','2018-07-24 22:28:13'),(3,89,'2018-07-24 22:21:06','2018-07-24 22:21:36'),(3,93,'2018-07-24 22:21:02','2018-07-24 22:21:32'),(3,88,'2018-07-24 22:20:55','2018-07-24 22:21:25'),(7,92,'2018-07-24 22:20:52','2018-07-24 22:21:37'),(1,92,'2018-07-24 22:20:52','2018-07-24 22:21:37'),(3,89,'2018-07-24 22:25:36','2018-07-24 22:26:06'),(3,93,'2018-07-24 22:25:32','2018-07-24 22:26:02'),(3,88,'2018-07-24 22:25:25','2018-07-24 22:25:55'),(7,83,'2018-07-24 22:27:20','2018-07-24 22:28:05'),(7,91,'2018-07-24 22:20:43','2018-07-24 22:21:28'),(1,91,'2018-07-24 22:20:43','2018-07-24 22:21:28'),(3,89,'2018-07-24 22:20:36','2018-07-24 22:21:06'),(7,83,'2018-07-24 22:20:35','2018-07-24 22:21:20'),(1,83,'2018-07-24 22:20:35','2018-07-24 22:21:20'),(7,83,'2018-07-24 22:16:05','2018-07-24 22:16:50'),(1,83,'2018-07-24 22:16:05','2018-07-24 22:16:50'),(3,88,'2018-07-24 22:20:25','2018-07-24 22:20:55'),(7,86,'2018-07-24 22:20:22','2018-07-24 22:21:07'),(3,89,'2018-07-24 22:20:06','2018-07-24 22:20:36'),(3,88,'2018-07-24 22:19:55','2018-07-24 22:20:25'),(7,83,'2018-07-24 22:19:50','2018-07-24 22:20:35'),(1,83,'2018-07-24 22:19:50','2018-07-24 22:20:35'),(1,86,'2018-07-24 22:20:22','2018-07-24 22:21:07'),(3,90,'2018-07-24 22:19:39','2018-07-24 22:20:09'),(7,86,'2018-07-24 22:19:37','2018-07-24 22:20:22'),(1,86,'2018-07-24 22:19:37','2018-07-24 22:20:22'),(3,89,'2018-07-24 22:19:36','2018-07-24 22:20:06'),(3,87,'2018-07-24 22:19:28','2018-07-24 22:19:58'),(3,88,'2018-07-24 22:19:25','2018-07-24 22:19:55'),(3,90,'2018-07-24 22:19:09','2018-07-24 22:19:39'),(3,89,'2018-07-24 22:19:06','2018-07-24 22:19:36'),(7,83,'2018-07-24 22:19:05','2018-07-24 22:19:50'),(1,83,'2018-07-24 22:19:05','2018-07-24 22:19:50'),(3,87,'2018-07-24 22:18:58','2018-07-24 22:19:28'),(3,88,'2018-07-24 22:18:55','2018-07-24 22:19:25'),(7,86,'2018-07-24 22:18:52','2018-07-24 22:19:37'),(1,86,'2018-07-24 22:18:52','2018-07-24 22:19:37'),(7,83,'2018-07-24 22:17:35','2018-07-24 22:18:20'),(1,83,'2018-07-24 22:17:35','2018-07-24 22:18:20'),(3,89,'2018-07-24 22:18:36','2018-07-24 22:19:06'),(3,88,'2018-07-24 22:18:25','2018-07-24 22:18:55'),(7,83,'2018-07-24 22:18:20','2018-07-24 22:19:05'),(1,83,'2018-07-24 22:18:20','2018-07-24 22:19:05'),(7,83,'2018-07-24 22:16:50','2018-07-24 22:17:35'),(1,83,'2018-07-24 22:16:50','2018-07-24 22:17:35'),(7,86,'2018-07-24 22:18:07','2018-07-24 22:18:52'),(1,86,'2018-07-24 22:18:07','2018-07-24 22:18:52'),(1,86,'2018-07-24 22:51:52','2018-07-24 22:52:37'),(3,90,'2018-07-24 22:51:49','2018-07-24 22:52:19'),(3,90,'2018-07-24 22:51:19','2018-07-24 22:51:49'),(7,86,'2018-07-24 22:51:07','2018-07-24 22:51:52'),(7,86,'2018-07-24 22:51:52','2018-07-24 22:52:37'),(3,90,'2018-07-24 22:52:19','2018-07-24 22:52:49'),(1,86,'2018-07-24 22:52:37','2018-07-24 22:53:22'),(7,86,'2018-07-24 22:52:37','2018-07-24 22:53:22'),(3,90,'2018-07-24 22:52:49','2018-07-24 22:53:19'),(3,90,'2018-07-24 22:53:19','2018-07-24 22:53:49'),(1,86,'2018-07-24 22:53:22','2018-07-24 22:54:07'),(7,86,'2018-07-24 22:53:22','2018-07-24 22:54:07'),(3,90,'2018-07-24 22:53:49','2018-07-24 22:54:19'),(1,86,'2018-07-24 22:54:07','2018-07-24 22:54:52'),(7,86,'2018-07-24 22:54:07','2018-07-24 22:54:52'),(3,87,'2018-07-24 22:54:11','2018-07-24 22:54:41'),(3,90,'2018-07-24 22:54:19','2018-07-24 22:54:49'),(3,87,'2018-07-24 22:54:41','2018-07-24 22:55:11'),(3,90,'2018-07-24 22:54:49','2018-07-24 22:55:19'),(1,86,'2018-07-24 22:54:52','2018-07-24 22:55:37'),(7,86,'2018-07-24 22:54:52','2018-07-24 22:55:37'),(3,87,'2018-07-24 22:55:11','2018-07-24 22:55:41'),(3,90,'2018-07-24 22:55:19','2018-07-24 22:55:49'),(3,90,'2018-07-24 22:55:49','2018-07-24 22:56:19'),(3,87,'2018-07-24 22:55:41','2018-07-24 22:56:11'),(3,87,'2018-07-24 22:56:11','2018-07-24 22:56:41'),(2,96,'2018-07-24 22:59:47','2018-07-24 23:00:32'),(3,87,'2018-07-24 22:56:41',NULL),(5,96,'2018-07-24 22:59:47','2018-07-24 23:00:32'),(2,105,'2018-07-24 22:59:47','2018-07-24 23:00:32'),(5,105,'2018-07-24 22:59:47','2018-07-24 23:00:32'),(2,104,'2018-07-24 22:59:51','2018-07-24 23:00:36'),(5,104,'2018-07-24 22:59:51','2018-07-24 23:00:36'),(2,94,'2018-07-24 22:59:51','2018-07-24 23:00:36'),(5,94,'2018-07-24 22:59:51','2018-07-24 23:00:36'),(2,105,'2018-07-24 23:00:32','2018-07-24 23:01:17'),(5,105,'2018-07-24 23:00:32','2018-07-24 23:01:17'),(2,96,'2018-07-24 23:00:32','2018-07-24 23:01:17'),(5,96,'2018-07-24 23:00:32','2018-07-24 23:01:17'),(2,104,'2018-07-24 23:00:36','2018-07-24 23:01:21'),(5,104,'2018-07-24 23:00:36','2018-07-24 23:01:21'),(2,94,'2018-07-24 23:00:36','2018-07-24 23:01:21'),(5,94,'2018-07-24 23:00:36','2018-07-24 23:01:21'),(3,99,'2018-07-24 23:00:58','2018-07-24 23:01:28'),(3,102,'2018-07-24 23:00:58','2018-07-24 23:01:28'),(2,96,'2018-07-24 23:01:17','2018-07-24 23:02:02'),(5,96,'2018-07-24 23:01:17','2018-07-24 23:02:02'),(2,105,'2018-07-24 23:01:17','2018-07-24 23:02:02'),(5,105,'2018-07-24 23:01:17','2018-07-24 23:02:02'),(2,94,'2018-07-24 23:01:21','2018-07-24 23:02:06'),(5,94,'2018-07-24 23:01:21','2018-07-24 23:02:06'),(2,104,'2018-07-24 23:01:21','2018-07-24 23:02:06'),(5,104,'2018-07-24 23:01:21','2018-07-24 23:02:06'),(3,98,'2018-07-24 23:01:26','2018-07-24 23:01:56'),(3,101,'2018-07-24 23:01:26','2018-07-24 23:01:56'),(3,102,'2018-07-24 23:01:28','2018-07-24 23:01:58'),(3,99,'2018-07-24 23:01:28','2018-07-24 23:01:58'),(3,101,'2018-07-24 23:01:56','2018-07-24 23:02:26'),(3,98,'2018-07-24 23:01:56','2018-07-24 23:02:26'),(3,102,'2018-07-24 23:01:58','2018-07-24 23:02:28'),(3,99,'2018-07-24 23:01:58','2018-07-24 23:02:28'),(2,105,'2018-07-24 23:02:02','2018-07-24 23:02:47'),(5,105,'2018-07-24 23:02:02','2018-07-24 23:02:47'),(2,96,'2018-07-24 23:02:02','2018-07-24 23:02:47'),(5,96,'2018-07-24 23:02:02','2018-07-24 23:02:47'),(2,104,'2018-07-24 23:02:06','2018-07-24 23:02:51'),(5,104,'2018-07-24 23:02:06','2018-07-24 23:02:51'),(2,94,'2018-07-24 23:02:06','2018-07-24 23:02:51'),(5,94,'2018-07-24 23:02:06','2018-07-24 23:02:51'),(3,101,'2018-07-24 23:02:26','2018-07-24 23:02:56'),(3,98,'2018-07-24 23:02:26','2018-07-24 23:02:56'),(3,102,'2018-07-24 23:02:28','2018-07-24 23:02:58'),(3,99,'2018-07-24 23:02:28','2018-07-24 23:02:58'),(2,96,'2018-07-24 23:02:47','2018-07-24 23:03:32'),(5,96,'2018-07-24 23:02:47','2018-07-24 23:03:32'),(2,105,'2018-07-24 23:02:47','2018-07-24 23:03:32'),(5,105,'2018-07-24 23:02:47','2018-07-24 23:03:32'),(2,104,'2018-07-24 23:02:51','2018-07-24 23:03:36'),(5,104,'2018-07-24 23:02:51','2018-07-24 23:03:36'),(2,94,'2018-07-24 23:02:51','2018-07-24 23:03:36'),(5,94,'2018-07-24 23:02:51','2018-07-24 23:03:36'),(3,101,'2018-07-24 23:02:56','2018-07-24 23:03:26'),(3,102,'2018-07-24 23:02:58','2018-07-24 23:03:28'),(3,98,'2018-07-24 23:02:56','2018-07-24 23:03:26'),(3,99,'2018-07-24 23:02:58','2018-07-24 23:03:28'),(3,98,'2018-07-24 23:03:26','2018-07-24 23:03:56'),(3,101,'2018-07-24 23:03:26','2018-07-24 23:03:56'),(3,102,'2018-07-24 23:03:28','2018-07-24 23:03:58'),(2,105,'2018-07-24 23:03:32','2018-07-24 23:04:17'),(5,105,'2018-07-24 23:03:32','2018-07-24 23:04:17'),(2,104,'2018-07-24 23:03:36','2018-07-24 23:04:21'),(5,104,'2018-07-24 23:03:36','2018-07-24 23:04:21'),(2,96,'2018-07-24 23:03:32','2018-07-24 23:04:17'),(5,96,'2018-07-24 23:03:32','2018-07-24 23:04:17'),(2,94,'2018-07-24 23:03:36','2018-07-24 23:04:21'),(5,94,'2018-07-24 23:03:36','2018-07-24 23:04:21'),(3,99,'2018-07-24 23:03:28','2018-07-24 23:03:58'),(3,101,'2018-07-24 23:03:56','2018-07-24 23:04:26'),(3,102,'2018-07-24 23:03:58','2018-07-24 23:04:28'),(3,98,'2018-07-24 23:03:56','2018-07-24 23:04:26'),(3,99,'2018-07-24 23:03:58','2018-07-24 23:04:28'),(2,105,'2018-07-24 23:04:17','2018-07-24 23:05:02'),(5,105,'2018-07-24 23:04:17','2018-07-24 23:05:02'),(2,96,'2018-07-24 23:04:17','2018-07-24 23:05:02'),(5,96,'2018-07-24 23:04:17','2018-07-24 23:05:02'),(2,104,'2018-07-24 23:04:21','2018-07-24 23:05:06'),(5,104,'2018-07-24 23:04:21','2018-07-24 23:05:06'),(3,101,'2018-07-24 23:04:26','2018-07-24 23:04:56'),(3,102,'2018-07-24 23:04:28','2018-07-24 23:04:58'),(2,94,'2018-07-24 23:04:21','2018-07-24 23:05:06'),(5,94,'2018-07-24 23:04:21','2018-07-24 23:05:06'),(3,98,'2018-07-24 23:04:26','2018-07-24 23:04:56'),(3,99,'2018-07-24 23:04:28','2018-07-24 23:04:58'),(3,98,'2018-07-24 23:04:56','2018-07-24 23:05:26'),(3,101,'2018-07-24 23:04:56','2018-07-24 23:05:26'),(3,99,'2018-07-24 23:04:58','2018-07-24 23:05:28'),(3,102,'2018-07-24 23:04:58','2018-07-24 23:05:28'),(2,96,'2018-07-24 23:05:02','2018-07-24 23:05:47'),(5,96,'2018-07-24 23:05:02','2018-07-24 23:05:47'),(2,105,'2018-07-24 23:05:02','2018-07-24 23:05:47'),(5,105,'2018-07-24 23:05:02','2018-07-24 23:05:47'),(2,94,'2018-07-24 23:05:06','2018-07-24 23:05:51'),(5,94,'2018-07-24 23:05:06','2018-07-24 23:05:51'),(2,106,'2018-07-24 23:05:07','2018-07-24 23:05:52'),(5,106,'2018-07-24 23:05:07','2018-07-24 23:05:52'),(2,107,'2018-07-24 23:05:07','2018-07-24 23:05:52'),(5,107,'2018-07-24 23:05:07','2018-07-24 23:05:52'),(2,104,'2018-07-24 23:05:06','2018-07-24 23:05:51'),(5,104,'2018-07-24 23:05:06','2018-07-24 23:05:51'),(3,97,'2018-07-24 23:05:13','2018-07-24 23:05:43'),(3,103,'2018-07-24 23:05:14','2018-07-24 23:05:44'),(3,100,'2018-07-24 23:05:17','2018-07-24 23:05:47'),(3,95,'2018-07-24 23:05:18','2018-07-24 23:05:48'),(3,98,'2018-07-24 23:05:26','2018-07-24 23:05:56'),(3,101,'2018-07-24 23:05:26','2018-07-24 23:05:56'),(3,99,'2018-07-24 23:05:28','2018-07-24 23:05:58'),(3,102,'2018-07-24 23:05:28','2018-07-24 23:05:58'),(3,97,'2018-07-24 23:05:43','2018-07-24 23:06:13'),(3,103,'2018-07-24 23:05:44','2018-07-24 23:06:14'),(2,96,'2018-07-24 23:05:47','2018-07-24 23:06:32'),(5,96,'2018-07-24 23:05:47','2018-07-24 23:06:32'),(2,105,'2018-07-24 23:05:47','2018-07-24 23:06:32'),(5,105,'2018-07-24 23:05:47','2018-07-24 23:06:32'),(3,100,'2018-07-24 23:05:47','2018-07-24 23:06:17'),(3,95,'2018-07-24 23:05:48','2018-07-24 23:06:18'),(2,94,'2018-07-24 23:05:51','2018-07-24 23:06:36'),(5,94,'2018-07-24 23:05:51','2018-07-24 23:06:36'),(2,104,'2018-07-24 23:05:51','2018-07-24 23:06:36'),(5,104,'2018-07-24 23:05:51','2018-07-24 23:06:36'),(2,106,'2018-07-24 23:05:52','2018-07-24 23:06:37'),(5,106,'2018-07-24 23:05:52','2018-07-24 23:06:37'),(2,107,'2018-07-24 23:05:52','2018-07-24 23:06:37'),(5,107,'2018-07-24 23:05:52','2018-07-24 23:06:37'),(3,98,'2018-07-24 23:05:56','2018-07-24 23:06:26'),(3,101,'2018-07-24 23:05:56','2018-07-24 23:06:26'),(3,99,'2018-07-24 23:05:58','2018-07-24 23:06:28'),(3,102,'2018-07-24 23:05:58','2018-07-24 23:06:28'),(3,97,'2018-07-24 23:06:13','2018-07-24 23:06:43'),(3,103,'2018-07-24 23:06:14','2018-07-24 23:06:44'),(3,100,'2018-07-24 23:06:17','2018-07-24 23:06:47'),(3,95,'2018-07-24 23:06:18','2018-07-24 23:06:48'),(3,98,'2018-07-24 23:06:26','2018-07-24 23:06:56'),(3,101,'2018-07-24 23:06:26','2018-07-24 23:06:56'),(3,99,'2018-07-24 23:06:28','2018-07-24 23:06:58'),(3,102,'2018-07-24 23:06:28','2018-07-24 23:06:58'),(2,96,'2018-07-24 23:06:32','2018-07-24 23:07:17'),(5,96,'2018-07-24 23:06:32','2018-07-24 23:07:17'),(2,105,'2018-07-24 23:06:32','2018-07-24 23:07:17'),(5,105,'2018-07-24 23:06:32','2018-07-24 23:07:17'),(2,94,'2018-07-24 23:06:36','2018-07-24 23:07:21'),(5,94,'2018-07-24 23:06:36','2018-07-24 23:07:21'),(2,106,'2018-07-24 23:06:37','2018-07-24 23:07:22'),(5,106,'2018-07-24 23:06:37','2018-07-24 23:07:22'),(2,104,'2018-07-24 23:06:36','2018-07-24 23:07:21'),(5,104,'2018-07-24 23:06:36','2018-07-24 23:07:21'),(2,107,'2018-07-24 23:06:37','2018-07-24 23:07:22'),(5,107,'2018-07-24 23:06:37','2018-07-24 23:07:22'),(3,97,'2018-07-24 23:06:43','2018-07-24 23:07:13'),(3,103,'2018-07-24 23:06:44','2018-07-24 23:07:14'),(3,100,'2018-07-24 23:06:47','2018-07-24 23:07:17'),(3,95,'2018-07-24 23:06:48','2018-07-24 23:07:18'),(3,98,'2018-07-24 23:06:56','2018-07-24 23:07:26'),(3,101,'2018-07-24 23:06:56','2018-07-24 23:07:26'),(3,99,'2018-07-24 23:06:58','2018-07-24 23:07:28'),(3,102,'2018-07-24 23:06:58','2018-07-24 23:07:28'),(3,97,'2018-07-24 23:07:13','2018-07-24 23:07:43'),(3,103,'2018-07-24 23:07:14','2018-07-24 23:07:44'),(2,96,'2018-07-24 23:07:17','2018-07-24 23:08:02'),(5,96,'2018-07-24 23:07:17','2018-07-24 23:08:02'),(2,105,'2018-07-24 23:07:17','2018-07-24 23:08:02'),(5,105,'2018-07-24 23:07:17','2018-07-24 23:08:02'),(3,100,'2018-07-24 23:07:17','2018-07-24 23:07:47'),(3,95,'2018-07-24 23:07:18','2018-07-24 23:07:48'),(2,94,'2018-07-24 23:07:21','2018-07-24 23:08:06'),(5,94,'2018-07-24 23:07:21','2018-07-24 23:08:06'),(2,104,'2018-07-24 23:07:21','2018-07-24 23:08:06'),(5,104,'2018-07-24 23:07:21','2018-07-24 23:08:06'),(2,107,'2018-07-24 23:07:22','2018-07-24 23:08:07'),(5,107,'2018-07-24 23:07:22','2018-07-24 23:08:07'),(2,106,'2018-07-24 23:07:22','2018-07-24 23:08:07'),(5,106,'2018-07-24 23:07:22','2018-07-24 23:08:07'),(3,101,'2018-07-24 23:07:26','2018-07-24 23:07:56'),(3,98,'2018-07-24 23:07:26','2018-07-24 23:07:56'),(3,102,'2018-07-24 23:07:28','2018-07-24 23:07:58'),(3,99,'2018-07-24 23:07:28','2018-07-24 23:07:58'),(3,97,'2018-07-24 23:07:43','2018-07-24 23:08:13'),(3,103,'2018-07-24 23:07:44','2018-07-24 23:08:14'),(3,100,'2018-07-24 23:07:47','2018-07-24 23:08:17'),(2,109,'2018-07-24 23:07:48','2018-07-24 23:08:33'),(5,109,'2018-07-24 23:07:48','2018-07-24 23:08:33'),(2,108,'2018-07-24 23:07:48','2018-07-24 23:08:33'),(5,108,'2018-07-24 23:07:48','2018-07-24 23:08:33'),(3,95,'2018-07-24 23:07:48','2018-07-24 23:08:18'),(3,98,'2018-07-24 23:07:56','2018-07-24 23:08:26'),(3,101,'2018-07-24 23:07:56','2018-07-24 23:08:26'),(3,99,'2018-07-24 23:07:58','2018-07-24 23:08:28'),(3,102,'2018-07-24 23:07:58','2018-07-24 23:08:28'),(2,105,'2018-07-24 23:08:02','2018-07-24 23:08:47'),(5,105,'2018-07-24 23:08:02','2018-07-24 23:08:47'),(2,96,'2018-07-24 23:08:02','2018-07-24 23:08:47'),(5,96,'2018-07-24 23:08:02','2018-07-24 23:08:47'),(2,94,'2018-07-24 23:08:06','2018-07-24 23:08:51'),(5,94,'2018-07-24 23:08:06','2018-07-24 23:08:51'),(2,106,'2018-07-24 23:08:07','2018-07-24 23:08:52'),(5,106,'2018-07-24 23:08:07','2018-07-24 23:08:52'),(2,104,'2018-07-24 23:08:06','2018-07-24 23:08:51'),(5,104,'2018-07-24 23:08:06','2018-07-24 23:08:51'),(2,107,'2018-07-24 23:08:07','2018-07-24 23:08:52'),(5,107,'2018-07-24 23:08:07','2018-07-24 23:08:52'),(3,103,'2018-07-24 23:08:14','2018-07-24 23:08:44'),(3,100,'2018-07-24 23:08:17','2018-07-24 23:08:47'),(3,101,'2018-07-24 23:08:26','2018-07-24 23:08:56'),(3,102,'2018-07-24 23:08:28','2018-07-24 23:08:58'),(2,108,'2018-07-24 23:08:33','2018-07-24 23:09:18'),(5,108,'2018-07-24 23:08:33','2018-07-24 23:09:18'),(3,103,'2018-07-24 23:08:44','2018-07-24 23:09:14'),(2,105,'2018-07-24 23:08:47','2018-07-24 23:09:32'),(5,105,'2018-07-24 23:08:47','2018-07-24 23:09:32'),(3,100,'2018-07-24 23:08:47','2018-07-24 23:09:17'),(2,104,'2018-07-24 23:08:51','2018-07-24 23:09:36'),(5,104,'2018-07-24 23:08:51','2018-07-24 23:09:36'),(2,107,'2018-07-24 23:08:52','2018-07-24 23:09:37'),(5,107,'2018-07-24 23:08:52','2018-07-24 23:09:37'),(3,101,'2018-07-24 23:08:56','2018-07-24 23:09:26'),(3,102,'2018-07-24 23:08:58','2018-07-24 23:09:28'),(3,103,'2018-07-24 23:09:14','2018-07-24 23:09:44'),(3,100,'2018-07-24 23:09:17','2018-07-24 23:09:47'),(2,108,'2018-07-24 23:09:18','2018-07-24 23:10:03'),(5,108,'2018-07-24 23:09:18','2018-07-24 23:10:03'),(3,101,'2018-07-24 23:09:26','2018-07-24 23:09:56'),(3,102,'2018-07-24 23:09:28','2018-07-24 23:09:58'),(2,105,'2018-07-24 23:09:32','2018-07-24 23:10:17'),(5,105,'2018-07-24 23:09:32','2018-07-24 23:10:17'),(2,104,'2018-07-24 23:09:36','2018-07-24 23:10:21'),(5,104,'2018-07-24 23:09:36','2018-07-24 23:10:21'),(2,107,'2018-07-24 23:09:37','2018-07-24 23:10:22'),(5,107,'2018-07-24 23:09:37','2018-07-24 23:10:22'),(3,103,'2018-07-24 23:09:44','2018-07-24 23:10:14'),(3,100,'2018-07-24 23:09:47','2018-07-24 23:10:17'),(3,101,'2018-07-24 23:09:56','2018-07-24 23:10:26'),(3,102,'2018-07-24 23:09:58','2018-07-24 23:10:28'),(2,108,'2018-07-24 23:10:03','2018-07-24 23:10:48'),(5,108,'2018-07-24 23:10:03','2018-07-24 23:10:48'),(3,103,'2018-07-24 23:10:14','2018-07-24 23:10:44'),(2,105,'2018-07-24 23:10:17','2018-07-24 23:11:02'),(5,105,'2018-07-24 23:10:17','2018-07-24 23:11:02'),(3,100,'2018-07-24 23:10:17','2018-07-24 23:10:47'),(2,104,'2018-07-24 23:10:21','2018-07-24 23:11:06'),(5,104,'2018-07-24 23:10:21','2018-07-24 23:11:06'),(2,107,'2018-07-24 23:10:22','2018-07-24 23:11:07'),(5,107,'2018-07-24 23:10:22','2018-07-24 23:11:07'),(3,101,'2018-07-24 23:10:26','2018-07-24 23:10:56'),(3,102,'2018-07-24 23:10:28','2018-07-24 23:10:58'),(3,103,'2018-07-24 23:10:44','2018-07-24 23:11:14'),(3,100,'2018-07-24 23:10:47','2018-07-24 23:11:17'),(2,108,'2018-07-24 23:10:48','2018-07-24 23:11:33'),(5,108,'2018-07-24 23:10:48','2018-07-24 23:11:33'),(3,101,'2018-07-24 23:10:56','2018-07-24 23:11:26'),(3,102,'2018-07-24 23:10:58','2018-07-24 23:11:28'),(2,105,'2018-07-24 23:11:02','2018-07-24 23:11:47'),(5,105,'2018-07-24 23:11:02','2018-07-24 23:11:47'),(2,104,'2018-07-24 23:11:06','2018-07-24 23:11:51'),(5,104,'2018-07-24 23:11:06','2018-07-24 23:11:51'),(2,107,'2018-07-24 23:11:07','2018-07-24 23:11:52'),(5,107,'2018-07-24 23:11:07','2018-07-24 23:11:52'),(3,103,'2018-07-24 23:11:14','2018-07-24 23:11:44'),(3,100,'2018-07-24 23:11:17','2018-07-24 23:11:47'),(3,101,'2018-07-24 23:11:26','2018-07-24 23:11:56'),(3,102,'2018-07-24 23:11:28','2018-07-24 23:11:58'),(2,108,'2018-07-24 23:11:33','2018-07-24 23:12:18'),(5,108,'2018-07-24 23:11:33','2018-07-24 23:12:18'),(3,97,'2018-07-24 23:08:13','2018-07-24 23:08:43'),(3,95,'2018-07-24 23:08:18','2018-07-24 23:08:48'),(2,109,'2018-07-24 23:08:33','2018-07-24 23:09:18'),(5,109,'2018-07-24 23:08:33','2018-07-24 23:09:18'),(3,98,'2018-07-24 23:08:26','2018-07-24 23:08:56'),(3,99,'2018-07-24 23:08:28','2018-07-24 23:08:58'),(2,96,'2018-07-24 23:08:47','2018-07-24 23:09:32'),(5,96,'2018-07-24 23:08:47','2018-07-24 23:09:32'),(2,94,'2018-07-24 23:08:51','2018-07-24 23:09:36'),(5,94,'2018-07-24 23:08:51','2018-07-24 23:09:36'),(2,106,'2018-07-24 23:08:52','2018-07-24 23:09:37'),(5,106,'2018-07-24 23:08:52','2018-07-24 23:09:37'),(3,97,'2018-07-24 23:08:43','2018-07-24 23:09:13'),(3,95,'2018-07-24 23:08:48','2018-07-24 23:09:18'),(3,98,'2018-07-24 23:08:56','2018-07-24 23:09:26'),(3,99,'2018-07-24 23:08:58','2018-07-24 23:09:28'),(2,109,'2018-07-24 23:09:18','2018-07-24 23:10:03'),(5,109,'2018-07-24 23:09:18','2018-07-24 23:10:03'),(2,96,'2018-07-24 23:09:32','2018-07-24 23:10:17'),(5,96,'2018-07-24 23:09:32','2018-07-24 23:10:17'),(2,94,'2018-07-24 23:09:36','2018-07-24 23:10:21'),(5,94,'2018-07-24 23:09:36','2018-07-24 23:10:21'),(2,106,'2018-07-24 23:09:37','2018-07-24 23:10:22'),(5,106,'2018-07-24 23:09:37','2018-07-24 23:10:22'),(3,97,'2018-07-24 23:09:13','2018-07-24 23:09:43'),(3,95,'2018-07-24 23:09:18','2018-07-24 23:09:48'),(3,98,'2018-07-24 23:09:26','2018-07-24 23:09:56'),(3,99,'2018-07-24 23:09:28','2018-07-24 23:09:58'),(2,109,'2018-07-24 23:10:03','2018-07-24 23:10:48'),(5,109,'2018-07-24 23:10:03','2018-07-24 23:10:48'),(2,96,'2018-07-24 23:10:17','2018-07-24 23:11:02'),(5,96,'2018-07-24 23:10:17','2018-07-24 23:11:02'),(2,94,'2018-07-24 23:10:21','2018-07-24 23:11:06'),(5,94,'2018-07-24 23:10:21','2018-07-24 23:11:06'),(2,106,'2018-07-24 23:10:22','2018-07-24 23:11:07'),(5,106,'2018-07-24 23:10:22','2018-07-24 23:11:07'),(3,97,'2018-07-24 23:09:43','2018-07-24 23:10:13'),(3,95,'2018-07-24 23:09:48','2018-07-24 23:10:18'),(3,98,'2018-07-24 23:09:56','2018-07-24 23:10:26'),(3,99,'2018-07-24 23:09:58','2018-07-24 23:10:28'),(2,109,'2018-07-24 23:10:48','2018-07-24 23:11:33'),(5,109,'2018-07-24 23:10:48','2018-07-24 23:11:33'),(2,96,'2018-07-24 23:11:02','2018-07-24 23:11:47'),(5,96,'2018-07-24 23:11:02','2018-07-24 23:11:47'),(2,94,'2018-07-24 23:11:06','2018-07-24 23:11:51'),(5,94,'2018-07-24 23:11:06','2018-07-24 23:11:51'),(2,106,'2018-07-24 23:11:07','2018-07-24 23:11:52'),(5,106,'2018-07-24 23:11:07','2018-07-24 23:11:52'),(3,97,'2018-07-24 23:10:13','2018-07-24 23:10:43'),(3,95,'2018-07-24 23:10:18','2018-07-24 23:10:48'),(3,98,'2018-07-24 23:10:26','2018-07-24 23:10:56'),(3,99,'2018-07-24 23:10:28','2018-07-24 23:10:58'),(2,109,'2018-07-24 23:11:33','2018-07-24 23:12:18'),(5,109,'2018-07-24 23:11:33','2018-07-24 23:12:18'),(3,97,'2018-07-24 23:10:43','2018-07-24 23:11:13'),(3,95,'2018-07-24 23:10:48','2018-07-24 23:11:18'),(3,98,'2018-07-24 23:10:56','2018-07-24 23:11:26'),(3,99,'2018-07-24 23:10:58','2018-07-24 23:11:28'),(3,97,'2018-07-24 23:11:13','2018-07-24 23:11:43'),(3,95,'2018-07-24 23:11:18','2018-07-24 23:11:48'),(3,98,'2018-07-24 23:11:26','2018-07-24 23:11:56'),(3,99,'2018-07-24 23:11:28','2018-07-24 23:11:58'),(3,97,'2018-07-24 23:11:43','2018-07-24 23:12:13'),(3,103,'2018-07-24 23:11:44','2018-07-24 23:12:14'),(2,96,'2018-07-24 23:11:47','2018-07-24 23:12:32'),(5,96,'2018-07-24 23:11:47','2018-07-24 23:12:32'),(2,105,'2018-07-24 23:11:47','2018-07-24 23:12:32'),(5,105,'2018-07-24 23:11:47','2018-07-24 23:12:32'),(3,100,'2018-07-24 23:11:47','2018-07-24 23:12:17'),(3,95,'2018-07-24 23:11:48','2018-07-24 23:12:18'),(2,104,'2018-07-24 23:11:51','2018-07-24 23:12:36'),(5,104,'2018-07-24 23:11:51','2018-07-24 23:12:36'),(2,107,'2018-07-24 23:11:52','2018-07-24 23:12:37'),(5,107,'2018-07-24 23:11:52','2018-07-24 23:12:37'),(2,94,'2018-07-24 23:11:51','2018-07-24 23:12:36'),(5,94,'2018-07-24 23:11:51','2018-07-24 23:12:36'),(2,106,'2018-07-24 23:11:52','2018-07-24 23:12:37'),(5,106,'2018-07-24 23:11:52','2018-07-24 23:12:37'),(3,101,'2018-07-24 23:11:56','2018-07-24 23:12:26'),(3,98,'2018-07-24 23:11:56','2018-07-24 23:12:26'),(3,102,'2018-07-24 23:11:58','2018-07-24 23:12:28'),(3,99,'2018-07-24 23:11:58','2018-07-24 23:12:28'),(3,103,'2018-07-24 23:12:14','2018-07-24 23:12:44'),(3,100,'2018-07-24 23:12:17','2018-07-24 23:12:47'),(2,108,'2018-07-24 23:12:18','2018-07-24 23:13:03'),(5,108,'2018-07-24 23:12:18','2018-07-24 23:13:03'),(3,101,'2018-07-24 23:12:26','2018-07-24 23:12:56'),(3,102,'2018-07-24 23:12:28','2018-07-24 23:12:58'),(2,105,'2018-07-24 23:12:32','2018-07-24 23:13:17'),(5,105,'2018-07-24 23:12:32','2018-07-24 23:13:17'),(2,104,'2018-07-24 23:12:36','2018-07-24 23:13:21'),(5,104,'2018-07-24 23:12:36','2018-07-24 23:13:21'),(2,107,'2018-07-24 23:12:37','2018-07-24 23:13:22'),(5,107,'2018-07-24 23:12:37','2018-07-24 23:13:22'),(3,103,'2018-07-24 23:12:44','2018-07-24 23:13:14'),(3,100,'2018-07-24 23:12:47','2018-07-24 23:13:17'),(3,101,'2018-07-24 23:12:56','2018-07-24 23:13:26'),(3,102,'2018-07-24 23:12:58','2018-07-24 23:13:28'),(2,108,'2018-07-24 23:13:03','2018-07-24 23:13:48'),(5,108,'2018-07-24 23:13:03','2018-07-24 23:13:48'),(3,103,'2018-07-24 23:13:14','2018-07-24 23:13:44'),(2,105,'2018-07-24 23:13:17','2018-07-24 23:14:02'),(5,105,'2018-07-24 23:13:17','2018-07-24 23:14:02'),(3,100,'2018-07-24 23:13:17','2018-07-24 23:13:47'),(2,104,'2018-07-24 23:13:21','2018-07-24 23:14:06'),(5,104,'2018-07-24 23:13:21','2018-07-24 23:14:06'),(2,107,'2018-07-24 23:13:22','2018-07-24 23:14:07'),(5,107,'2018-07-24 23:13:22','2018-07-24 23:14:07'),(3,101,'2018-07-24 23:13:26','2018-07-24 23:13:56'),(3,102,'2018-07-24 23:13:28','2018-07-24 23:13:58'),(3,103,'2018-07-24 23:13:44','2018-07-24 23:14:14'),(3,100,'2018-07-24 23:13:47','2018-07-24 23:14:17'),(2,108,'2018-07-24 23:13:48','2018-07-24 23:14:33'),(5,108,'2018-07-24 23:13:48','2018-07-24 23:14:33'),(3,101,'2018-07-24 23:13:56','2018-07-24 23:14:26'),(3,102,'2018-07-24 23:13:58','2018-07-24 23:14:28'),(2,105,'2018-07-24 23:14:02','2018-07-24 23:14:47'),(5,105,'2018-07-24 23:14:02','2018-07-24 23:14:47'),(2,104,'2018-07-24 23:14:06','2018-07-24 23:14:51'),(5,104,'2018-07-24 23:14:06','2018-07-24 23:14:51'),(2,107,'2018-07-24 23:14:07','2018-07-24 23:14:52'),(5,107,'2018-07-24 23:14:07','2018-07-24 23:14:52'),(3,103,'2018-07-24 23:14:14','2018-07-24 23:14:44'),(3,100,'2018-07-24 23:14:17','2018-07-24 23:14:47'),(3,101,'2018-07-24 23:14:26','2018-07-24 23:14:56'),(3,102,'2018-07-24 23:14:28','2018-07-24 23:14:58'),(2,108,'2018-07-24 23:14:33','2018-07-24 23:15:18'),(5,108,'2018-07-24 23:14:33','2018-07-24 23:15:18'),(3,103,'2018-07-24 23:14:44','2018-07-24 23:15:14'),(2,105,'2018-07-24 23:14:47','2018-07-24 23:15:32'),(5,105,'2018-07-24 23:14:47','2018-07-24 23:15:32'),(3,100,'2018-07-24 23:14:47','2018-07-24 23:15:17'),(2,104,'2018-07-24 23:14:51','2018-07-24 23:15:36'),(5,104,'2018-07-24 23:14:51','2018-07-24 23:15:36'),(2,107,'2018-07-24 23:14:52','2018-07-24 23:15:37'),(5,107,'2018-07-24 23:14:52','2018-07-24 23:15:37'),(3,101,'2018-07-24 23:14:56','2018-07-24 23:15:26'),(3,102,'2018-07-24 23:14:58','2018-07-24 23:15:28'),(3,103,'2018-07-24 23:15:14','2018-07-24 23:15:44'),(3,100,'2018-07-24 23:15:17','2018-07-24 23:15:47'),(2,108,'2018-07-24 23:15:18','2018-07-24 23:16:03'),(5,108,'2018-07-24 23:15:18','2018-07-24 23:16:03'),(3,101,'2018-07-24 23:15:26','2018-07-24 23:15:56'),(5,105,'2018-07-24 23:16:17','2018-07-24 23:17:02'),(2,105,'2018-07-24 23:15:32','2018-07-24 23:16:17'),(5,105,'2018-07-24 23:15:32','2018-07-24 23:16:17'),(2,104,'2018-07-24 23:15:36','2018-07-24 23:16:21'),(5,104,'2018-07-24 23:15:36','2018-07-24 23:16:21'),(2,107,'2018-07-24 23:15:37','2018-07-24 23:16:22'),(5,107,'2018-07-24 23:15:37','2018-07-24 23:16:22'),(2,105,'2018-07-24 23:16:17','2018-07-24 23:17:02'),(5,108,'2018-07-24 23:16:03','2018-07-24 23:16:48'),(2,108,'2018-07-24 23:16:03','2018-07-24 23:16:48'),(2,104,'2018-07-24 23:16:21','2018-07-24 23:17:06'),(5,104,'2018-07-24 23:16:21','2018-07-24 23:17:06'),(2,107,'2018-07-24 23:16:22','2018-07-24 23:17:07'),(5,107,'2018-07-24 23:16:22','2018-07-24 23:17:07'),(2,109,'2018-07-24 23:12:18','2018-07-24 23:13:03'),(5,109,'2018-07-24 23:12:18','2018-07-24 23:13:03'),(3,97,'2018-07-24 23:12:13','2018-07-24 23:12:43'),(2,96,'2018-07-24 23:12:32','2018-07-24 23:13:17'),(5,96,'2018-07-24 23:12:32','2018-07-24 23:13:17'),(3,95,'2018-07-24 23:12:18','2018-07-24 23:12:48'),(2,94,'2018-07-24 23:12:36','2018-07-24 23:13:21'),(5,94,'2018-07-24 23:12:36','2018-07-24 23:13:21'),(2,106,'2018-07-24 23:12:37','2018-07-24 23:13:22'),(5,106,'2018-07-24 23:12:37','2018-07-24 23:13:22'),(3,98,'2018-07-24 23:12:26','2018-07-24 23:12:56'),(3,99,'2018-07-24 23:12:28','2018-07-24 23:12:58'),(3,97,'2018-07-24 23:12:43','2018-07-24 23:13:13'),(2,108,'2018-07-24 23:16:48','2018-07-24 23:17:33'),(5,108,'2018-07-24 23:16:48','2018-07-24 23:17:33'),(3,95,'2018-07-24 23:12:48','2018-07-24 23:13:18'),(2,109,'2018-07-24 23:13:03','2018-07-24 23:13:48'),(5,109,'2018-07-24 23:13:03','2018-07-24 23:13:48'),(3,98,'2018-07-24 23:12:56','2018-07-24 23:13:26'),(3,99,'2018-07-24 23:12:58','2018-07-24 23:13:28'),(2,96,'2018-07-24 23:13:17','2018-07-24 23:14:02'),(5,96,'2018-07-24 23:13:17','2018-07-24 23:14:02'),(2,94,'2018-07-24 23:13:21','2018-07-24 23:14:06'),(5,94,'2018-07-24 23:13:21','2018-07-24 23:14:06'),(2,106,'2018-07-24 23:13:22','2018-07-24 23:14:07'),(5,106,'2018-07-24 23:13:22','2018-07-24 23:14:07'),(3,97,'2018-07-24 23:13:13','2018-07-24 23:13:43'),(3,95,'2018-07-24 23:13:18','2018-07-24 23:13:48'),(3,98,'2018-07-24 23:13:26','2018-07-24 23:13:56'),(3,99,'2018-07-24 23:13:28','2018-07-24 23:13:58'),(2,109,'2018-07-24 23:13:48','2018-07-24 23:14:33'),(5,109,'2018-07-24 23:13:48','2018-07-24 23:14:33'),(2,96,'2018-07-24 23:14:02','2018-07-24 23:14:47'),(5,96,'2018-07-24 23:14:02','2018-07-24 23:14:47'),(2,94,'2018-07-24 23:14:06','2018-07-24 23:14:51'),(5,94,'2018-07-24 23:14:06','2018-07-24 23:14:51'),(2,106,'2018-07-24 23:14:07','2018-07-24 23:14:52'),(5,106,'2018-07-24 23:14:07','2018-07-24 23:14:52'),(3,97,'2018-07-24 23:13:43','2018-07-24 23:14:13'),(3,95,'2018-07-24 23:13:48','2018-07-24 23:14:18'),(3,98,'2018-07-24 23:13:56','2018-07-24 23:14:26'),(3,99,'2018-07-24 23:13:58','2018-07-24 23:14:28'),(2,109,'2018-07-24 23:14:33','2018-07-24 23:15:18'),(5,109,'2018-07-24 23:14:33','2018-07-24 23:15:18'),(2,96,'2018-07-24 23:14:47','2018-07-24 23:15:32'),(5,96,'2018-07-24 23:14:47','2018-07-24 23:15:32'),(2,94,'2018-07-24 23:14:51','2018-07-24 23:15:36'),(5,94,'2018-07-24 23:14:51','2018-07-24 23:15:36'),(2,106,'2018-07-24 23:14:52','2018-07-24 23:15:37'),(5,106,'2018-07-24 23:14:52','2018-07-24 23:15:37'),(3,97,'2018-07-24 23:14:13','2018-07-24 23:14:43'),(3,95,'2018-07-24 23:14:18','2018-07-24 23:14:48'),(3,98,'2018-07-24 23:14:26','2018-07-24 23:14:56'),(3,99,'2018-07-24 23:14:28','2018-07-24 23:14:58'),(2,109,'2018-07-24 23:15:18','2018-07-24 23:16:03'),(5,109,'2018-07-24 23:15:18','2018-07-24 23:16:03'),(2,96,'2018-07-24 23:15:32','2018-07-24 23:16:17'),(5,96,'2018-07-24 23:15:32','2018-07-24 23:16:17'),(2,94,'2018-07-24 23:15:36','2018-07-24 23:16:21'),(5,94,'2018-07-24 23:15:36','2018-07-24 23:16:21'),(2,106,'2018-07-24 23:15:37','2018-07-24 23:16:22'),(5,106,'2018-07-24 23:15:37','2018-07-24 23:16:22'),(3,97,'2018-07-24 23:14:43','2018-07-24 23:15:13'),(3,95,'2018-07-24 23:14:48','2018-07-24 23:15:18'),(3,98,'2018-07-24 23:14:56','2018-07-24 23:15:26'),(3,99,'2018-07-24 23:14:58','2018-07-24 23:15:28'),(2,109,'2018-07-24 23:16:03','2018-07-24 23:16:48'),(5,109,'2018-07-24 23:16:03','2018-07-24 23:16:48'),(2,96,'2018-07-24 23:16:17','2018-07-24 23:17:02'),(5,96,'2018-07-24 23:16:17','2018-07-24 23:17:02'),(2,94,'2018-07-24 23:16:21','2018-07-24 23:17:06'),(5,94,'2018-07-24 23:16:21','2018-07-24 23:17:06'),(2,106,'2018-07-24 23:16:22','2018-07-24 23:17:07'),(5,106,'2018-07-24 23:16:22','2018-07-24 23:17:07'),(3,97,'2018-07-24 23:15:13','2018-07-24 23:15:43'),(3,95,'2018-07-24 23:15:18','2018-07-24 23:15:48'),(3,98,'2018-07-24 23:15:26','2018-07-24 23:15:56'),(5,96,'2018-07-24 23:17:02','2018-07-24 23:17:47'),(2,109,'2018-07-24 23:16:48','2018-07-24 23:17:33'),(5,109,'2018-07-24 23:16:48','2018-07-24 23:17:33'),(2,96,'2018-07-24 23:17:02','2018-07-24 23:17:47'),(5,105,'2018-07-24 23:17:02','2018-07-24 23:17:47'),(2,105,'2018-07-24 23:17:02','2018-07-24 23:17:47'),(2,104,'2018-07-24 23:17:06','2018-07-24 23:17:51'),(5,104,'2018-07-24 23:17:06','2018-07-24 23:17:51'),(2,107,'2018-07-24 23:17:07','2018-07-24 23:17:52'),(5,107,'2018-07-24 23:17:07','2018-07-24 23:17:52'),(2,94,'2018-07-24 23:17:06','2018-07-24 23:17:51'),(5,94,'2018-07-24 23:17:06','2018-07-24 23:17:51'),(2,106,'2018-07-24 23:17:07','2018-07-24 23:17:52'),(5,106,'2018-07-24 23:17:07','2018-07-24 23:17:52'),(2,108,'2018-07-24 23:17:33','2018-07-24 23:18:18'),(5,108,'2018-07-24 23:17:33','2018-07-24 23:18:18'),(2,105,'2018-07-24 23:17:47','2018-07-24 23:18:32'),(5,105,'2018-07-24 23:17:47','2018-07-24 23:18:32'),(2,104,'2018-07-24 23:17:51','2018-07-24 23:18:36'),(5,104,'2018-07-24 23:17:51','2018-07-24 23:18:36'),(2,107,'2018-07-24 23:17:52','2018-07-24 23:18:37'),(5,107,'2018-07-24 23:17:52','2018-07-24 23:18:37'),(2,108,'2018-07-24 23:18:18','2018-07-24 23:19:03'),(5,108,'2018-07-24 23:18:18','2018-07-24 23:19:03'),(2,105,'2018-07-24 23:18:32','2018-07-24 23:19:17'),(5,105,'2018-07-24 23:18:32','2018-07-24 23:19:17'),(2,104,'2018-07-24 23:18:36','2018-07-24 23:19:21'),(5,104,'2018-07-24 23:18:36','2018-07-24 23:19:21'),(2,107,'2018-07-24 23:18:37','2018-07-24 23:19:22'),(5,107,'2018-07-24 23:18:37','2018-07-24 23:19:22'),(2,108,'2018-07-24 23:19:03','2018-07-24 23:19:48'),(5,108,'2018-07-24 23:19:03','2018-07-24 23:19:48'),(2,105,'2018-07-24 23:19:17','2018-07-24 23:20:02'),(5,105,'2018-07-24 23:19:17','2018-07-24 23:20:02'),(2,104,'2018-07-24 23:19:21','2018-07-24 23:20:06'),(5,104,'2018-07-24 23:19:21','2018-07-24 23:20:06'),(2,107,'2018-07-24 23:19:22','2018-07-24 23:20:07'),(5,107,'2018-07-24 23:19:22','2018-07-24 23:20:07'),(2,108,'2018-07-24 23:19:48','2018-07-24 23:20:33'),(5,108,'2018-07-24 23:19:48','2018-07-24 23:20:33'),(2,105,'2018-07-24 23:20:02','2018-07-24 23:20:47'),(5,105,'2018-07-24 23:20:02','2018-07-24 23:20:47'),(2,104,'2018-07-24 23:20:06','2018-07-24 23:20:51'),(5,104,'2018-07-24 23:20:06','2018-07-24 23:20:51'),(2,107,'2018-07-24 23:20:07','2018-07-24 23:20:52'),(5,107,'2018-07-24 23:20:07','2018-07-24 23:20:52'),(2,108,'2018-07-24 23:20:33','2018-07-24 23:21:18'),(5,108,'2018-07-24 23:20:33','2018-07-24 23:21:18'),(2,105,'2018-07-24 23:20:47','2018-07-24 23:21:32'),(5,105,'2018-07-24 23:20:47','2018-07-24 23:21:32'),(2,104,'2018-07-24 23:20:51','2018-07-24 23:21:36'),(5,104,'2018-07-24 23:20:51','2018-07-24 23:21:36'),(2,107,'2018-07-24 23:20:52','2018-07-24 23:21:37'),(5,107,'2018-07-24 23:20:52','2018-07-24 23:21:37'),(2,108,'2018-07-24 23:21:18','2018-07-24 23:22:03'),(5,108,'2018-07-24 23:21:18','2018-07-24 23:22:03'),(2,105,'2018-07-24 23:21:32','2018-07-24 23:22:17'),(5,105,'2018-07-24 23:21:32','2018-07-24 23:22:17'),(5,94,'2018-07-24 23:17:51','2018-07-24 23:18:36'),(2,94,'2018-07-24 23:17:51','2018-07-24 23:18:36'),(5,96,'2018-07-24 23:17:47','2018-07-24 23:18:32'),(2,96,'2018-07-24 23:17:47','2018-07-24 23:18:32'),(5,109,'2018-07-24 23:17:33','2018-07-24 23:18:18'),(2,109,'2018-07-24 23:17:33','2018-07-24 23:18:18'),(2,105,'2018-07-24 23:22:17',NULL),(5,105,'2018-07-24 23:22:17',NULL),(2,106,'2018-07-24 23:17:52','2018-07-24 23:18:37'),(5,106,'2018-07-24 23:17:52','2018-07-24 23:18:37'),(2,109,'2018-07-24 23:18:18','2018-07-24 23:19:03'),(5,109,'2018-07-24 23:18:18','2018-07-24 23:19:03'),(2,96,'2018-07-24 23:18:32','2018-07-24 23:19:17'),(5,96,'2018-07-24 23:18:32','2018-07-24 23:19:17'),(2,94,'2018-07-24 23:18:36','2018-07-24 23:19:21'),(5,94,'2018-07-24 23:18:36','2018-07-24 23:19:21'),(2,106,'2018-07-24 23:18:37','2018-07-24 23:19:22'),(5,106,'2018-07-24 23:18:37','2018-07-24 23:19:22'),(2,109,'2018-07-24 23:19:03','2018-07-24 23:19:48'),(5,109,'2018-07-24 23:19:03','2018-07-24 23:19:48'),(2,96,'2018-07-24 23:19:17','2018-07-24 23:20:02'),(5,96,'2018-07-24 23:19:17','2018-07-24 23:20:02'),(2,94,'2018-07-24 23:19:21','2018-07-24 23:20:06'),(5,94,'2018-07-24 23:19:21','2018-07-24 23:20:06'),(2,106,'2018-07-24 23:19:22','2018-07-24 23:20:07'),(5,106,'2018-07-24 23:19:22','2018-07-24 23:20:07'),(2,109,'2018-07-24 23:19:48','2018-07-24 23:20:33'),(5,109,'2018-07-24 23:19:48','2018-07-24 23:20:33'),(2,96,'2018-07-24 23:20:02','2018-07-24 23:20:47'),(5,96,'2018-07-24 23:20:02','2018-07-24 23:20:47'),(2,94,'2018-07-24 23:20:06','2018-07-24 23:20:51'),(5,94,'2018-07-24 23:20:06','2018-07-24 23:20:51'),(2,106,'2018-07-24 23:20:07','2018-07-24 23:20:52'),(5,106,'2018-07-24 23:20:07','2018-07-24 23:20:52'),(2,109,'2018-07-24 23:20:33','2018-07-24 23:21:18'),(5,109,'2018-07-24 23:20:33','2018-07-24 23:21:18'),(2,96,'2018-07-24 23:20:47','2018-07-24 23:21:32'),(5,96,'2018-07-24 23:20:47','2018-07-24 23:21:32'),(2,94,'2018-07-24 23:20:51','2018-07-24 23:21:36'),(5,94,'2018-07-24 23:20:51','2018-07-24 23:21:36'),(2,106,'2018-07-24 23:20:52','2018-07-24 23:21:37'),(5,106,'2018-07-24 23:20:52','2018-07-24 23:21:37'),(2,109,'2018-07-24 23:21:18','2018-07-24 23:22:03'),(5,109,'2018-07-24 23:21:18','2018-07-24 23:22:03'),(2,96,'2018-07-24 23:21:32','2018-07-24 23:22:17'),(5,96,'2018-07-24 23:21:32','2018-07-24 23:22:17'),(8,177,'2018-07-25 03:32:54','2018-07-25 03:33:54'),(8,180,'2018-07-25 03:32:53','2018-07-25 03:33:53'),(7,113,'2018-07-24 23:40:14','2018-07-24 23:40:59'),(1,113,'2018-07-24 23:40:14','2018-07-24 23:40:59'),(7,112,'2018-07-24 23:40:11','2018-07-24 23:40:56'),(1,112,'2018-07-24 23:40:11','2018-07-24 23:40:56'),(8,177,'2018-07-25 03:31:54','2018-07-25 03:32:54'),(8,180,'2018-07-25 03:31:53','2018-07-25 03:32:53'),(1,112,'2018-07-24 23:40:56','2018-07-24 23:41:41'),(7,112,'2018-07-24 23:40:56','2018-07-24 23:41:41'),(5,174,'2018-07-25 03:31:05','2018-07-25 03:31:50'),(2,174,'2018-07-25 03:31:05','2018-07-25 03:31:50'),(8,177,'2018-07-25 03:30:54','2018-07-25 03:31:54'),(8,180,'2018-07-25 03:30:53','2018-07-25 03:31:53'),(1,113,'2018-07-24 23:40:59','2018-07-24 23:41:44'),(7,113,'2018-07-24 23:40:59','2018-07-24 23:41:44'),(1,112,'2018-07-24 23:41:41','2018-07-24 23:42:26'),(7,112,'2018-07-24 23:41:41','2018-07-24 23:42:26'),(5,174,'2018-07-25 03:30:20','2018-07-25 03:31:05'),(2,174,'2018-07-25 03:30:20','2018-07-25 03:31:05'),(8,177,'2018-07-25 03:29:54','2018-07-25 03:30:54'),(8,180,'2018-07-25 03:29:53','2018-07-25 03:30:53'),(1,113,'2018-07-24 23:41:44','2018-07-24 23:42:29'),(7,113,'2018-07-24 23:41:44','2018-07-24 23:42:29'),(1,115,'2018-07-24 23:41:57','2018-07-24 23:42:42'),(7,115,'2018-07-24 23:41:57','2018-07-24 23:42:42'),(5,174,'2018-07-25 03:29:35','2018-07-25 03:30:20'),(2,174,'2018-07-25 03:29:35','2018-07-25 03:30:20'),(8,177,'2018-07-25 03:28:54','2018-07-25 03:29:54'),(8,180,'2018-07-25 03:28:53','2018-07-25 03:29:53'),(1,112,'2018-07-24 23:42:26','2018-07-24 23:43:11'),(7,112,'2018-07-24 23:42:26','2018-07-24 23:43:11'),(1,113,'2018-07-24 23:42:29','2018-07-24 23:43:14'),(7,113,'2018-07-24 23:42:29','2018-07-24 23:43:14'),(5,174,'2018-07-25 03:28:50','2018-07-25 03:29:35'),(2,174,'2018-07-25 03:28:50','2018-07-25 03:29:35'),(5,174,'2018-07-25 03:28:05','2018-07-25 03:28:50'),(2,174,'2018-07-25 03:28:05','2018-07-25 03:28:50'),(1,115,'2018-07-24 23:42:42','2018-07-24 23:43:27'),(7,115,'2018-07-24 23:42:42','2018-07-24 23:43:27'),(5,174,'2018-07-25 03:27:20','2018-07-25 03:28:05'),(2,174,'2018-07-25 03:27:20','2018-07-25 03:28:05'),(1,112,'2018-07-24 23:43:11','2018-07-24 23:43:56'),(7,112,'2018-07-24 23:43:11','2018-07-24 23:43:56'),(5,174,'2018-07-25 03:26:35','2018-07-25 03:27:20'),(2,174,'2018-07-25 03:26:35','2018-07-25 03:27:20'),(1,113,'2018-07-24 23:43:14','2018-07-24 23:43:59'),(7,113,'2018-07-24 23:43:14','2018-07-24 23:43:59'),(5,172,'2018-07-25 03:25:57','2018-07-25 03:26:42'),(2,172,'2018-07-25 03:25:57','2018-07-25 03:26:42'),(1,115,'2018-07-24 23:43:27','2018-07-24 23:44:12'),(7,115,'2018-07-24 23:43:27','2018-07-24 23:44:12'),(2,117,'2018-07-24 23:43:50','2018-07-24 23:44:35'),(5,117,'2018-07-24 23:43:50','2018-07-24 23:44:35'),(2,174,'2018-07-25 03:25:05','2018-07-25 03:25:50'),(5,174,'2018-07-25 03:25:05','2018-07-25 03:25:50'),(1,112,'2018-07-24 23:43:56','2018-07-24 23:44:41'),(7,112,'2018-07-24 23:43:56','2018-07-24 23:44:41'),(2,172,'2018-07-25 03:25:12','2018-07-25 03:25:57'),(5,172,'2018-07-25 03:25:12','2018-07-25 03:25:57'),(1,113,'2018-07-24 23:43:59','2018-07-24 23:44:44'),(7,113,'2018-07-24 23:43:59','2018-07-24 23:44:44'),(2,174,'2018-07-25 03:25:50','2018-07-25 03:26:35'),(5,172,'2018-07-25 03:24:27','2018-07-25 03:25:12'),(1,115,'2018-07-24 23:44:12','2018-07-24 23:44:57'),(7,115,'2018-07-24 23:44:12','2018-07-24 23:44:57'),(2,172,'2018-07-25 03:24:27','2018-07-25 03:25:12'),(3,179,'2018-07-25 03:24:23','2018-07-25 03:24:53'),(2,117,'2018-07-24 23:44:35','2018-07-24 23:45:20'),(5,117,'2018-07-24 23:44:35','2018-07-24 23:45:20'),(5,174,'2018-07-25 03:24:20','2018-07-25 03:25:05'),(2,174,'2018-07-25 03:24:20','2018-07-25 03:25:05'),(1,112,'2018-07-24 23:44:41','2018-07-24 23:45:26'),(7,112,'2018-07-24 23:44:41','2018-07-24 23:45:26'),(3,178,'2018-07-25 03:24:10','2018-07-25 03:24:40'),(3,181,'2018-07-25 03:24:02','2018-07-25 03:24:32'),(1,113,'2018-07-24 23:44:44','2018-07-24 23:45:29'),(7,113,'2018-07-24 23:44:44','2018-07-24 23:45:29'),(3,182,'2018-07-25 03:24:01','2018-07-25 03:24:31'),(3,183,'2018-07-25 03:24:00','2018-07-25 03:24:30'),(5,174,'2018-07-25 03:25:50','2018-07-25 03:26:35'),(3,179,'2018-07-25 03:23:53','2018-07-25 03:24:23'),(1,115,'2018-07-24 23:44:57','2018-07-24 23:45:42'),(7,115,'2018-07-24 23:44:57','2018-07-24 23:45:42'),(8,177,'2018-07-25 03:23:49','2018-07-25 03:24:49'),(5,172,'2018-07-25 03:23:42','2018-07-25 03:24:27'),(2,117,'2018-07-24 23:45:20','2018-07-24 23:46:05'),(5,117,'2018-07-24 23:45:20','2018-07-24 23:46:05'),(2,172,'2018-07-25 03:23:42','2018-07-25 03:24:27'),(3,178,'2018-07-25 03:23:40','2018-07-25 03:24:10'),(1,112,'2018-07-24 23:45:26','2018-07-24 23:46:11'),(7,112,'2018-07-24 23:45:26','2018-07-24 23:46:11'),(5,174,'2018-07-25 03:23:35','2018-07-25 03:24:20'),(2,174,'2018-07-25 03:23:35','2018-07-25 03:24:20'),(1,113,'2018-07-24 23:45:29','2018-07-24 23:46:14'),(7,113,'2018-07-24 23:45:29','2018-07-24 23:46:14'),(3,181,'2018-07-25 03:23:32','2018-07-25 03:24:02'),(3,182,'2018-07-25 03:23:31','2018-07-25 03:24:01'),(1,115,'2018-07-24 23:45:42','2018-07-24 23:46:27'),(7,115,'2018-07-24 23:45:42','2018-07-24 23:46:27'),(3,183,'2018-07-25 03:23:30','2018-07-25 03:24:00'),(3,179,'2018-07-25 03:23:23','2018-07-25 03:23:53'),(2,117,'2018-07-24 23:46:05','2018-07-24 23:46:50'),(5,117,'2018-07-24 23:46:05','2018-07-24 23:46:50'),(3,178,'2018-07-25 03:23:10','2018-07-25 03:23:40'),(3,181,'2018-07-25 03:23:02','2018-07-25 03:23:32'),(1,112,'2018-07-24 23:46:11','2018-07-24 23:46:56'),(7,112,'2018-07-24 23:46:11','2018-07-24 23:46:56'),(3,182,'2018-07-25 03:23:01','2018-07-25 03:23:31'),(3,183,'2018-07-25 03:23:00','2018-07-25 03:23:30'),(1,113,'2018-07-24 23:46:14','2018-07-24 23:46:59'),(7,113,'2018-07-24 23:46:14','2018-07-24 23:46:59'),(1,115,'2018-07-24 23:46:27','2018-07-24 23:47:12'),(7,115,'2018-07-24 23:46:27','2018-07-24 23:47:12'),(5,172,'2018-07-25 03:22:57','2018-07-25 03:23:42'),(2,172,'2018-07-25 03:22:57','2018-07-25 03:23:42'),(2,121,'2018-07-24 23:46:37','2018-07-24 23:47:22'),(5,121,'2018-07-24 23:46:37','2018-07-24 23:47:22'),(8,180,'2018-07-25 03:22:55','2018-07-25 03:23:55'),(3,179,'2018-07-25 03:22:53','2018-07-25 03:23:23'),(5,174,'2018-07-25 03:22:50','2018-07-25 03:23:35'),(2,174,'2018-07-25 03:22:50','2018-07-25 03:23:35'),(2,117,'2018-07-24 23:46:50','2018-07-24 23:47:35'),(5,117,'2018-07-24 23:46:50','2018-07-24 23:47:35'),(5,117,'2018-07-24 23:47:35','2018-07-24 23:48:20'),(2,117,'2018-07-24 23:47:35','2018-07-24 23:48:20'),(5,121,'2018-07-24 23:47:22','2018-07-24 23:48:07'),(2,121,'2018-07-24 23:47:22','2018-07-24 23:48:07'),(3,178,'2018-07-25 03:22:40','2018-07-25 03:23:10'),(3,181,'2018-07-25 03:22:32','2018-07-25 03:23:02'),(3,118,'2018-07-24 23:47:19','2018-07-24 23:47:49'),(3,182,'2018-07-25 03:22:31','2018-07-25 03:23:01'),(3,118,'2018-07-24 23:47:49','2018-07-24 23:48:19'),(3,183,'2018-07-25 03:22:30','2018-07-25 03:23:00'),(2,121,'2018-07-24 23:48:07','2018-07-24 23:48:52'),(5,121,'2018-07-24 23:48:07','2018-07-24 23:48:52'),(3,179,'2018-07-25 03:22:23','2018-07-25 03:22:53'),(5,172,'2018-07-25 03:22:12','2018-07-25 03:22:57'),(3,118,'2018-07-24 23:48:19','2018-07-24 23:48:49'),(2,172,'2018-07-25 03:22:12','2018-07-25 03:22:57'),(3,178,'2018-07-25 03:22:10','2018-07-25 03:22:40'),(5,174,'2018-07-25 03:22:05','2018-07-25 03:22:50'),(2,117,'2018-07-24 23:48:20','2018-07-24 23:49:05'),(5,117,'2018-07-24 23:48:20','2018-07-24 23:49:05'),(3,118,'2018-07-24 23:48:49','2018-07-24 23:49:19'),(2,174,'2018-07-25 03:22:05','2018-07-25 03:22:50'),(3,183,'2018-07-25 03:22:00','2018-07-25 03:22:30'),(3,179,'2018-07-25 03:21:53','2018-07-25 03:22:23'),(2,121,'2018-07-24 23:48:52','2018-07-24 23:49:37'),(5,121,'2018-07-24 23:48:52','2018-07-24 23:49:37'),(2,117,'2018-07-24 23:49:05','2018-07-24 23:49:50'),(5,117,'2018-07-24 23:49:05','2018-07-24 23:49:50'),(3,182,'2018-07-25 03:22:01','2018-07-25 03:22:31'),(3,178,'2018-07-25 03:21:40','2018-07-25 03:22:10'),(3,181,'2018-07-25 03:22:02','2018-07-25 03:22:32'),(3,118,'2018-07-24 23:49:19','2018-07-24 23:49:49'),(3,181,'2018-07-25 03:21:32','2018-07-25 03:22:02'),(3,182,'2018-07-25 03:21:31','2018-07-25 03:22:01'),(2,121,'2018-07-24 23:49:37','2018-07-24 23:50:22'),(5,121,'2018-07-24 23:49:37','2018-07-24 23:50:22'),(3,183,'2018-07-25 03:21:30','2018-07-25 03:22:00'),(2,117,'2018-07-24 23:49:50','2018-07-24 23:50:35'),(5,117,'2018-07-24 23:49:50','2018-07-24 23:50:35'),(3,118,'2018-07-24 23:49:49','2018-07-24 23:50:19'),(5,172,'2018-07-25 03:21:27','2018-07-25 03:22:12'),(2,172,'2018-07-25 03:21:27','2018-07-25 03:22:12'),(3,179,'2018-07-25 03:21:23','2018-07-25 03:21:53'),(3,118,'2018-07-24 23:50:19','2018-07-24 23:50:49'),(2,121,'2018-07-24 23:50:22','2018-07-24 23:51:07'),(5,121,'2018-07-24 23:50:22','2018-07-24 23:51:07'),(5,174,'2018-07-25 03:21:20','2018-07-25 03:22:05'),(2,174,'2018-07-25 03:21:20','2018-07-25 03:22:05'),(3,178,'2018-07-25 03:21:10','2018-07-25 03:21:40'),(3,181,'2018-07-25 03:21:02','2018-07-25 03:21:32'),(2,117,'2018-07-24 23:50:35','2018-07-24 23:51:20'),(5,117,'2018-07-24 23:50:35','2018-07-24 23:51:20'),(3,182,'2018-07-25 03:21:01','2018-07-25 03:21:31'),(8,122,'2018-07-24 23:50:38','2018-07-24 23:51:38'),(3,183,'2018-07-25 03:21:00','2018-07-25 03:21:30'),(3,179,'2018-07-25 03:20:53','2018-07-25 03:21:23'),(5,172,'2018-07-25 03:20:42','2018-07-25 03:21:27'),(2,174,'2018-07-25 03:20:35','2018-07-25 03:21:20'),(8,180,'2018-07-25 03:20:33','2018-07-25 03:21:33'),(3,179,'2018-07-25 03:20:23','2018-07-25 03:20:53'),(3,178,'2018-07-25 03:20:10','2018-07-25 03:20:40'),(3,178,'2018-07-25 03:20:40','2018-07-25 03:21:10'),(5,174,'2018-07-25 03:20:35','2018-07-25 03:21:20'),(5,172,'2018-07-25 03:19:57','2018-07-25 03:20:42'),(2,172,'2018-07-25 03:19:57','2018-07-25 03:20:42'),(3,179,'2018-07-25 03:19:53','2018-07-25 03:20:23'),(5,174,'2018-07-25 03:19:50','2018-07-25 03:20:35'),(2,174,'2018-07-25 03:19:50','2018-07-25 03:20:35'),(2,172,'2018-07-25 03:20:42','2018-07-25 03:21:27'),(8,177,'2018-07-25 03:20:42','2018-07-25 03:21:42'),(7,173,'2018-07-25 03:19:46','2018-07-25 03:20:31'),(1,173,'2018-07-25 03:19:46','2018-07-25 03:20:31'),(8,177,'2018-07-25 03:19:42','2018-07-25 03:20:42'),(3,178,'2018-07-25 03:19:40','2018-07-25 03:20:10'),(8,180,'2018-07-25 03:19:33','2018-07-25 03:20:33'),(7,176,'2018-07-25 03:19:25','2018-07-25 03:20:10'),(3,118,'2018-07-24 23:50:49','2018-07-24 23:51:19'),(2,121,'2018-07-24 23:51:07','2018-07-24 23:51:52'),(5,121,'2018-07-24 23:51:07','2018-07-24 23:51:52'),(1,176,'2018-07-25 03:19:25','2018-07-25 03:20:10'),(3,179,'2018-07-25 03:19:23','2018-07-25 03:19:53'),(2,117,'2018-07-24 23:51:20','2018-07-24 23:52:05'),(5,117,'2018-07-24 23:51:20','2018-07-24 23:52:05'),(8,122,'2018-07-24 23:51:38','2018-07-24 23:52:38'),(3,118,'2018-07-24 23:51:19','2018-07-24 23:51:49'),(2,121,'2018-07-24 23:51:52','2018-07-24 23:52:37'),(5,121,'2018-07-24 23:51:52','2018-07-24 23:52:37'),(2,117,'2018-07-24 23:52:05','2018-07-24 23:52:50'),(5,117,'2018-07-24 23:52:05','2018-07-24 23:52:50'),(8,122,'2018-07-24 23:52:38','2018-07-24 23:53:38'),(3,118,'2018-07-24 23:51:49','2018-07-24 23:52:19'),(2,121,'2018-07-24 23:52:37','2018-07-24 23:53:22'),(5,121,'2018-07-24 23:52:37','2018-07-24 23:53:22'),(2,117,'2018-07-24 23:52:50','2018-07-24 23:53:35'),(5,117,'2018-07-24 23:52:50','2018-07-24 23:53:35'),(3,118,'2018-07-24 23:52:19','2018-07-24 23:52:49'),(2,121,'2018-07-24 23:53:22','2018-07-24 23:54:07'),(5,121,'2018-07-24 23:53:22','2018-07-24 23:54:07'),(2,117,'2018-07-24 23:53:35','2018-07-24 23:54:20'),(5,117,'2018-07-24 23:53:35','2018-07-24 23:54:20'),(3,118,'2018-07-24 23:52:49','2018-07-24 23:53:19'),(3,118,'2018-07-24 23:53:19','2018-07-24 23:53:49'),(8,122,'2018-07-24 23:53:38','2018-07-24 23:54:38'),(5,172,'2018-07-25 03:19:12','2018-07-25 03:19:57'),(3,118,'2018-07-24 23:53:49','2018-07-24 23:54:19'),(2,172,'2018-07-25 03:19:12','2018-07-25 03:19:57'),(2,121,'2018-07-24 23:54:07','2018-07-24 23:54:52'),(5,121,'2018-07-24 23:54:07','2018-07-24 23:54:52'),(3,178,'2018-07-25 03:19:10','2018-07-25 03:19:40'),(5,174,'2018-07-25 03:19:05','2018-07-25 03:19:50'),(2,117,'2018-07-24 23:54:20','2018-07-24 23:55:05'),(5,117,'2018-07-24 23:54:20','2018-07-24 23:55:05'),(3,118,'2018-07-24 23:54:19','2018-07-24 23:54:49'),(2,174,'2018-07-25 03:19:05','2018-07-25 03:19:50'),(7,175,'2018-07-25 03:19:04','2018-07-25 03:19:49'),(1,175,'2018-07-25 03:19:04','2018-07-25 03:19:49'),(8,122,'2018-07-24 23:54:38','2018-07-24 23:55:38'),(7,173,'2018-07-25 03:19:01','2018-07-25 03:19:46'),(3,118,'2018-07-24 23:54:49','2018-07-24 23:55:19'),(1,173,'2018-07-25 03:19:01','2018-07-25 03:19:46'),(2,121,'2018-07-24 23:54:52','2018-07-24 23:55:37'),(5,121,'2018-07-24 23:54:52','2018-07-24 23:55:37'),(3,179,'2018-07-25 03:18:53','2018-07-25 03:19:23'),(8,177,'2018-07-25 03:18:42','2018-07-25 03:19:42'),(2,117,'2018-07-24 23:55:05','2018-07-24 23:55:50'),(5,117,'2018-07-24 23:55:05','2018-07-24 23:55:50'),(3,178,'2018-07-25 03:18:40','2018-07-25 03:19:10'),(7,176,'2018-07-25 03:18:40','2018-07-25 03:19:25'),(3,118,'2018-07-24 23:55:19','2018-07-24 23:55:49'),(1,176,'2018-07-25 03:18:40','2018-07-25 03:19:25'),(2,126,'2018-07-24 23:55:31','2018-07-24 23:56:16'),(5,126,'2018-07-24 23:55:31','2018-07-24 23:56:16'),(8,180,'2018-07-25 03:18:33','2018-07-25 03:19:33'),(5,172,'2018-07-25 03:18:27','2018-07-25 03:19:12'),(2,121,'2018-07-24 23:55:37','2018-07-24 23:56:22'),(5,121,'2018-07-24 23:55:37','2018-07-24 23:56:22'),(2,172,'2018-07-25 03:18:27','2018-07-25 03:19:12'),(3,179,'2018-07-25 03:18:23','2018-07-25 03:18:53'),(8,122,'2018-07-24 23:55:38','2018-07-24 23:56:38'),(5,174,'2018-07-25 03:18:20','2018-07-25 03:19:05'),(3,118,'2018-07-24 23:55:49','2018-07-24 23:56:19'),(2,174,'2018-07-25 03:18:20','2018-07-25 03:19:05'),(2,117,'2018-07-24 23:55:50','2018-07-24 23:56:35'),(5,117,'2018-07-24 23:55:50','2018-07-24 23:56:35'),(7,175,'2018-07-25 03:18:19','2018-07-25 03:19:04'),(1,175,'2018-07-25 03:18:19','2018-07-25 03:19:04'),(2,126,'2018-07-24 23:56:16','2018-07-24 23:57:01'),(5,126,'2018-07-24 23:56:16','2018-07-24 23:57:01'),(7,173,'2018-07-25 03:18:16','2018-07-25 03:19:01'),(1,173,'2018-07-25 03:18:16','2018-07-25 03:19:01'),(3,118,'2018-07-24 23:56:19','2018-07-24 23:56:49'),(3,178,'2018-07-25 03:18:10','2018-07-25 03:18:40'),(2,121,'2018-07-24 23:56:22','2018-07-24 23:57:07'),(5,121,'2018-07-24 23:56:22','2018-07-24 23:57:07'),(7,176,'2018-07-25 03:17:55','2018-07-25 03:18:40'),(1,176,'2018-07-25 03:17:55','2018-07-25 03:18:40'),(8,125,'2018-07-24 23:56:33','2018-07-24 23:57:33'),(3,179,'2018-07-25 03:17:53','2018-07-25 03:18:23'),(2,117,'2018-07-24 23:56:35','2018-07-24 23:57:20'),(5,117,'2018-07-24 23:56:35','2018-07-24 23:57:20'),(5,172,'2018-07-25 03:17:42','2018-07-25 03:18:27'),(2,172,'2018-07-25 03:17:42','2018-07-25 03:18:27'),(8,122,'2018-07-24 23:56:38','2018-07-24 23:57:38'),(8,177,'2018-07-25 03:17:42','2018-07-25 03:18:42'),(3,118,'2018-07-24 23:56:49','2018-07-24 23:57:19'),(3,178,'2018-07-25 03:17:40','2018-07-25 03:18:10'),(5,174,'2018-07-25 03:17:35','2018-07-25 03:18:20'),(2,174,'2018-07-25 03:17:35','2018-07-25 03:18:20'),(7,175,'2018-07-25 03:17:34','2018-07-25 03:18:19'),(1,175,'2018-07-25 03:17:34','2018-07-25 03:18:19'),(7,173,'2018-07-25 03:17:31','2018-07-25 03:18:16'),(1,173,'2018-07-25 03:17:31','2018-07-25 03:18:16'),(7,176,'2018-07-25 03:17:10','2018-07-25 03:17:55'),(1,176,'2018-07-25 03:17:10','2018-07-25 03:17:55'),(3,178,'2018-07-25 03:17:10','2018-07-25 03:17:40'),(5,172,'2018-07-25 03:16:57','2018-07-25 03:17:42'),(2,172,'2018-07-25 03:16:57','2018-07-25 03:17:42'),(5,174,'2018-07-25 03:16:50','2018-07-25 03:17:35'),(2,174,'2018-07-25 03:16:50','2018-07-25 03:17:35'),(7,175,'2018-07-25 03:16:49','2018-07-25 03:17:34'),(1,175,'2018-07-25 03:16:49','2018-07-25 03:17:34'),(7,173,'2018-07-25 03:16:46','2018-07-25 03:17:31'),(1,173,'2018-07-25 03:16:46','2018-07-25 03:17:31'),(8,177,'2018-07-25 03:16:42','2018-07-25 03:17:42'),(7,176,'2018-07-25 03:16:25','2018-07-25 03:17:10'),(1,176,'2018-07-25 03:16:25','2018-07-25 03:17:10'),(5,172,'2018-07-25 03:16:12','2018-07-25 03:16:57'),(2,172,'2018-07-25 03:16:12','2018-07-25 03:16:57'),(5,174,'2018-07-25 03:16:05','2018-07-25 03:16:50'),(2,174,'2018-07-25 03:16:05','2018-07-25 03:16:50'),(7,175,'2018-07-25 03:16:04','2018-07-25 03:16:49'),(1,175,'2018-07-25 03:16:04','2018-07-25 03:16:49'),(1,128,'2018-07-24 23:59:12','2018-07-24 23:59:42'),(2,128,'2018-07-24 23:59:12','2018-07-24 23:59:42'),(7,173,'2018-07-25 03:16:01','2018-07-25 03:16:46'),(1,173,'2018-07-25 03:16:01','2018-07-25 03:16:46'),(5,172,'2018-07-25 03:15:27','2018-07-25 03:16:12'),(2,172,'2018-07-25 03:15:27','2018-07-25 03:16:12'),(5,174,'2018-07-25 03:15:20','2018-07-25 03:16:05'),(2,174,'2018-07-25 03:15:20','2018-07-25 03:16:05'),(7,173,'2018-07-25 03:15:16','2018-07-25 03:16:01'),(1,173,'2018-07-25 03:15:16','2018-07-25 03:16:01'),(5,172,'2018-07-25 03:14:42','2018-07-25 03:15:27'),(1,128,'2018-07-24 23:59:42','2018-07-25 00:00:12'),(2,128,'2018-07-24 23:59:42','2018-07-25 00:00:12'),(2,172,'2018-07-25 03:14:42','2018-07-25 03:15:27'),(1,129,'2018-07-24 23:59:51','2018-07-25 00:00:21'),(2,129,'2018-07-24 23:59:51','2018-07-25 00:00:21'),(1,130,'2018-07-24 23:59:52','2018-07-25 00:00:22'),(2,130,'2018-07-24 23:59:52','2018-07-25 00:00:22'),(1,131,'2018-07-24 23:59:53','2018-07-25 00:00:23'),(2,131,'2018-07-24 23:59:53','2018-07-25 00:00:23'),(1,132,'2018-07-24 23:59:54','2018-07-25 00:00:24'),(2,132,'2018-07-24 23:59:54','2018-07-25 00:00:24'),(5,174,'2018-07-25 03:14:35','2018-07-25 03:15:20'),(2,174,'2018-07-25 03:14:35','2018-07-25 03:15:20'),(7,173,'2018-07-25 03:14:31','2018-07-25 03:15:16'),(1,173,'2018-07-25 03:14:31','2018-07-25 03:15:16'),(1,128,'2018-07-25 00:00:12','2018-07-25 00:00:42'),(2,128,'2018-07-25 00:00:12','2018-07-25 00:00:42'),(5,172,'2018-07-25 03:13:57','2018-07-25 03:14:42'),(2,172,'2018-07-25 03:13:57','2018-07-25 03:14:42'),(5,174,'2018-07-25 03:13:50','2018-07-25 03:14:35'),(1,129,'2018-07-25 00:00:21','2018-07-25 00:00:51'),(2,129,'2018-07-25 00:00:21','2018-07-25 00:00:51'),(1,130,'2018-07-25 00:00:22','2018-07-25 00:00:52'),(2,130,'2018-07-25 00:00:22','2018-07-25 00:00:52'),(1,131,'2018-07-25 00:00:23','2018-07-25 00:00:53'),(2,131,'2018-07-25 00:00:23','2018-07-25 00:00:53'),(1,132,'2018-07-25 00:00:24','2018-07-25 00:00:54'),(2,132,'2018-07-25 00:00:24','2018-07-25 00:00:54'),(2,174,'2018-07-25 03:13:50','2018-07-25 03:14:35'),(7,173,'2018-07-25 03:13:46','2018-07-25 03:14:31'),(1,128,'2018-07-25 00:00:42','2018-07-25 00:01:12'),(2,128,'2018-07-25 00:00:42','2018-07-25 00:01:12'),(1,173,'2018-07-25 03:13:46','2018-07-25 03:14:31'),(5,172,'2018-07-25 03:13:12','2018-07-25 03:13:57'),(2,172,'2018-07-25 03:13:12','2018-07-25 03:13:57'),(1,129,'2018-07-25 00:00:51','2018-07-25 00:01:21'),(2,129,'2018-07-25 00:00:51','2018-07-25 00:01:21'),(1,130,'2018-07-25 00:00:52','2018-07-25 00:01:22'),(2,130,'2018-07-25 00:00:52','2018-07-25 00:01:22'),(1,129,'2018-07-25 00:01:51','2018-07-25 00:02:21'),(7,173,'2018-07-25 03:13:01','2018-07-25 03:13:46'),(1,131,'2018-07-25 00:00:53','2018-07-25 00:01:23'),(2,131,'2018-07-25 00:00:53','2018-07-25 00:01:23'),(1,132,'2018-07-25 00:00:54','2018-07-25 00:01:24'),(2,132,'2018-07-25 00:00:54','2018-07-25 00:01:24'),(2,128,'2018-07-25 00:01:42','2018-07-25 00:02:12'),(1,128,'2018-07-25 00:01:42','2018-07-25 00:02:12'),(1,128,'2018-07-25 00:01:12','2018-07-25 00:01:42'),(2,128,'2018-07-25 00:01:12','2018-07-25 00:01:42'),(1,173,'2018-07-25 03:13:01','2018-07-25 03:13:46'),(1,129,'2018-07-25 00:01:21','2018-07-25 00:01:51'),(2,129,'2018-07-25 00:01:21','2018-07-25 00:01:51'),(1,130,'2018-07-25 00:01:22','2018-07-25 00:01:52'),(2,130,'2018-07-25 00:01:22','2018-07-25 00:01:52'),(1,131,'2018-07-25 00:01:23','2018-07-25 00:01:53'),(2,131,'2018-07-25 00:01:23','2018-07-25 00:01:53'),(1,132,'2018-07-25 00:01:24','2018-07-25 00:01:54'),(2,132,'2018-07-25 00:01:24','2018-07-25 00:01:54'),(5,172,'2018-07-25 03:12:27','2018-07-25 03:13:12'),(2,172,'2018-07-25 03:12:27','2018-07-25 03:13:12'),(2,129,'2018-07-25 00:01:51','2018-07-25 00:02:21'),(1,130,'2018-07-25 00:01:52','2018-07-25 00:02:22'),(2,130,'2018-07-25 00:01:52','2018-07-25 00:02:22'),(1,131,'2018-07-25 00:01:53','2018-07-25 00:02:23'),(2,131,'2018-07-25 00:01:53','2018-07-25 00:02:23'),(1,132,'2018-07-25 00:01:54','2018-07-25 00:02:24'),(2,132,'2018-07-25 00:01:54','2018-07-25 00:02:24'),(1,128,'2018-07-25 00:02:12','2018-07-25 00:02:42'),(2,128,'2018-07-25 00:02:12','2018-07-25 00:02:42'),(7,173,'2018-07-25 03:12:16','2018-07-25 03:13:01'),(1,133,'2018-07-25 00:02:22','2018-07-25 00:02:52'),(2,133,'2018-07-25 00:02:22','2018-07-25 00:02:52'),(1,129,'2018-07-25 00:02:21','2018-07-25 00:02:51'),(2,129,'2018-07-25 00:02:21','2018-07-25 00:02:51'),(1,130,'2018-07-25 00:02:22','2018-07-25 00:02:52'),(2,130,'2018-07-25 00:02:22','2018-07-25 00:02:52'),(1,131,'2018-07-25 00:02:23','2018-07-25 00:02:53'),(2,131,'2018-07-25 00:02:23','2018-07-25 00:02:53'),(1,132,'2018-07-25 00:02:24','2018-07-25 00:02:54'),(2,132,'2018-07-25 00:02:24','2018-07-25 00:02:54'),(1,173,'2018-07-25 03:12:16','2018-07-25 03:13:01'),(5,172,'2018-07-25 03:11:42','2018-07-25 03:12:27'),(1,128,'2018-07-25 00:02:42','2018-07-25 00:03:12'),(2,128,'2018-07-25 00:02:42','2018-07-25 00:03:12'),(2,172,'2018-07-25 03:11:42','2018-07-25 03:12:27'),(1,129,'2018-07-25 00:02:51','2018-07-25 00:03:21'),(2,129,'2018-07-25 00:02:51','2018-07-25 00:03:21'),(1,130,'2018-07-25 00:02:52','2018-07-25 00:03:22'),(2,130,'2018-07-25 00:02:52','2018-07-25 00:03:22'),(1,133,'2018-07-25 00:02:52','2018-07-25 00:03:22'),(2,133,'2018-07-25 00:02:52','2018-07-25 00:03:22'),(1,131,'2018-07-25 00:02:53','2018-07-25 00:03:23'),(2,131,'2018-07-25 00:02:53','2018-07-25 00:03:23'),(1,132,'2018-07-25 00:02:54','2018-07-25 00:03:24'),(2,132,'2018-07-25 00:02:54','2018-07-25 00:03:24'),(1,128,'2018-07-25 00:03:12','2018-07-25 00:03:42'),(2,128,'2018-07-25 00:03:12','2018-07-25 00:03:42'),(7,173,'2018-07-25 03:11:31','2018-07-25 03:12:16'),(1,129,'2018-07-25 00:03:21','2018-07-25 00:03:51'),(2,129,'2018-07-25 00:03:21','2018-07-25 00:03:51'),(1,130,'2018-07-25 00:03:22','2018-07-25 00:03:52'),(2,130,'2018-07-25 00:03:22','2018-07-25 00:03:52'),(1,133,'2018-07-25 00:03:22','2018-07-25 00:03:52'),(2,133,'2018-07-25 00:03:22','2018-07-25 00:03:52'),(1,131,'2018-07-25 00:03:23','2018-07-25 00:03:53'),(2,131,'2018-07-25 00:03:23','2018-07-25 00:03:53'),(1,132,'2018-07-25 00:03:24','2018-07-25 00:03:54'),(2,132,'2018-07-25 00:03:24','2018-07-25 00:03:54'),(1,173,'2018-07-25 03:11:31','2018-07-25 03:12:16'),(5,172,'2018-07-25 03:10:57','2018-07-25 03:11:42'),(1,128,'2018-07-25 00:03:42','2018-07-25 00:04:12'),(2,128,'2018-07-25 00:03:42','2018-07-25 00:04:12'),(2,172,'2018-07-25 03:10:57','2018-07-25 03:11:42'),(1,129,'2018-07-25 00:03:51','2018-07-25 00:04:21'),(2,129,'2018-07-25 00:03:51','2018-07-25 00:04:21'),(1,130,'2018-07-25 00:03:52','2018-07-25 00:04:22'),(2,130,'2018-07-25 00:03:52','2018-07-25 00:04:22'),(1,133,'2018-07-25 00:03:52','2018-07-25 00:04:22'),(2,133,'2018-07-25 00:03:52','2018-07-25 00:04:22'),(1,131,'2018-07-25 00:03:53','2018-07-25 00:04:23'),(2,131,'2018-07-25 00:03:53','2018-07-25 00:04:23'),(1,132,'2018-07-25 00:03:54','2018-07-25 00:04:24'),(2,132,'2018-07-25 00:03:54','2018-07-25 00:04:24'),(1,128,'2018-07-25 00:04:12','2018-07-25 00:04:42'),(2,128,'2018-07-25 00:04:12','2018-07-25 00:04:42'),(7,173,'2018-07-25 03:10:46','2018-07-25 03:11:31'),(1,129,'2018-07-25 00:04:21','2018-07-25 00:04:51'),(2,129,'2018-07-25 00:04:21','2018-07-25 00:04:51'),(1,130,'2018-07-25 00:04:22','2018-07-25 00:04:52'),(2,130,'2018-07-25 00:04:22','2018-07-25 00:04:52'),(1,133,'2018-07-25 00:04:22','2018-07-25 00:04:52'),(2,133,'2018-07-25 00:04:22','2018-07-25 00:04:52'),(1,131,'2018-07-25 00:04:23','2018-07-25 00:04:53'),(2,131,'2018-07-25 00:04:23','2018-07-25 00:04:53'),(1,132,'2018-07-25 00:04:24','2018-07-25 00:04:54'),(2,132,'2018-07-25 00:04:24','2018-07-25 00:04:54'),(1,173,'2018-07-25 03:10:46','2018-07-25 03:11:31'),(2,128,'2018-07-25 00:05:42','2018-07-25 00:06:12'),(1,128,'2018-07-25 00:04:42','2018-07-25 00:05:12'),(2,128,'2018-07-25 00:04:42','2018-07-25 00:05:12'),(5,172,'2018-07-25 03:10:12','2018-07-25 03:10:57'),(1,129,'2018-07-25 00:04:51','2018-07-25 00:05:21'),(2,129,'2018-07-25 00:04:51','2018-07-25 00:05:21'),(1,130,'2018-07-25 00:04:52','2018-07-25 00:05:22'),(2,130,'2018-07-25 00:04:52','2018-07-25 00:05:22'),(1,133,'2018-07-25 00:04:52','2018-07-25 00:05:22'),(2,133,'2018-07-25 00:04:52','2018-07-25 00:05:22'),(1,131,'2018-07-25 00:04:53','2018-07-25 00:05:23'),(2,131,'2018-07-25 00:04:53','2018-07-25 00:05:23'),(1,132,'2018-07-25 00:04:54','2018-07-25 00:05:24'),(2,132,'2018-07-25 00:04:54','2018-07-25 00:05:24'),(1,128,'2018-07-25 00:05:12','2018-07-25 00:05:42'),(2,128,'2018-07-25 00:05:12','2018-07-25 00:05:42'),(2,172,'2018-07-25 03:10:12','2018-07-25 03:10:57'),(1,129,'2018-07-25 00:05:21','2018-07-25 00:05:51'),(2,129,'2018-07-25 00:05:21','2018-07-25 00:05:51'),(1,130,'2018-07-25 00:05:22','2018-07-25 00:05:52'),(2,130,'2018-07-25 00:05:22','2018-07-25 00:05:52'),(1,133,'2018-07-25 00:05:22','2018-07-25 00:05:52'),(2,133,'2018-07-25 00:05:22','2018-07-25 00:05:52'),(1,131,'2018-07-25 00:05:23','2018-07-25 00:05:53'),(2,131,'2018-07-25 00:05:23','2018-07-25 00:05:53'),(1,132,'2018-07-25 00:05:24','2018-07-25 00:05:54'),(2,132,'2018-07-25 00:05:24','2018-07-25 00:05:54'),(1,128,'2018-07-25 00:05:42','2018-07-25 00:06:12'),(1,134,'2018-07-25 00:05:43','2018-07-25 00:06:13'),(2,134,'2018-07-25 00:05:43','2018-07-25 00:06:13'),(1,135,'2018-07-25 00:05:44','2018-07-25 00:06:14'),(2,135,'2018-07-25 00:05:44','2018-07-25 00:06:14'),(7,173,'2018-07-25 03:10:01','2018-07-25 03:10:46'),(1,129,'2018-07-25 00:05:51','2018-07-25 00:06:21'),(2,129,'2018-07-25 00:05:51','2018-07-25 00:06:21'),(1,130,'2018-07-25 00:05:52','2018-07-25 00:06:22'),(2,130,'2018-07-25 00:05:52','2018-07-25 00:06:22'),(1,133,'2018-07-25 00:05:52','2018-07-25 00:06:22'),(2,133,'2018-07-25 00:05:52','2018-07-25 00:06:22'),(1,131,'2018-07-25 00:05:53','2018-07-25 00:06:23'),(2,131,'2018-07-25 00:05:53','2018-07-25 00:06:23'),(1,132,'2018-07-25 00:05:54','2018-07-25 00:06:24'),(2,132,'2018-07-25 00:05:54','2018-07-25 00:06:24'),(1,128,'2018-07-25 00:06:12','2018-07-25 00:06:42'),(2,128,'2018-07-25 00:06:12','2018-07-25 00:06:42'),(1,134,'2018-07-25 00:06:13','2018-07-25 00:06:43'),(2,134,'2018-07-25 00:06:13','2018-07-25 00:06:43'),(1,135,'2018-07-25 00:06:14','2018-07-25 00:06:44'),(2,135,'2018-07-25 00:06:14','2018-07-25 00:06:44'),(1,173,'2018-07-25 03:10:01','2018-07-25 03:10:46'),(1,129,'2018-07-25 00:06:21','2018-07-25 00:06:51'),(2,129,'2018-07-25 00:06:21','2018-07-25 00:06:51'),(1,130,'2018-07-25 00:06:22','2018-07-25 00:06:52'),(2,130,'2018-07-25 00:06:22','2018-07-25 00:06:52'),(1,133,'2018-07-25 00:06:22','2018-07-25 00:06:52'),(2,133,'2018-07-25 00:06:22','2018-07-25 00:06:52'),(1,131,'2018-07-25 00:06:23','2018-07-25 00:06:53'),(2,131,'2018-07-25 00:06:23','2018-07-25 00:06:53'),(1,132,'2018-07-25 00:06:24','2018-07-25 00:06:54'),(2,132,'2018-07-25 00:06:24','2018-07-25 00:06:54'),(1,128,'2018-07-25 00:06:42','2018-07-25 00:07:12'),(2,128,'2018-07-25 00:06:42','2018-07-25 00:07:12'),(1,134,'2018-07-25 00:06:43','2018-07-25 00:07:13'),(2,134,'2018-07-25 00:06:43','2018-07-25 00:07:13'),(1,135,'2018-07-25 00:06:44','2018-07-25 00:07:14'),(2,135,'2018-07-25 00:06:44','2018-07-25 00:07:14'),(5,172,'2018-07-25 03:09:27','2018-07-25 03:10:12'),(1,129,'2018-07-25 00:06:51','2018-07-25 00:07:21'),(2,129,'2018-07-25 00:06:51','2018-07-25 00:07:21'),(1,130,'2018-07-25 00:06:52','2018-07-25 00:07:22'),(2,130,'2018-07-25 00:06:52','2018-07-25 00:07:22'),(1,133,'2018-07-25 00:06:52','2018-07-25 00:07:22'),(2,133,'2018-07-25 00:06:52','2018-07-25 00:07:22'),(1,131,'2018-07-25 00:06:53','2018-07-25 00:07:23'),(2,131,'2018-07-25 00:06:53','2018-07-25 00:07:23'),(1,132,'2018-07-25 00:06:54','2018-07-25 00:07:24'),(2,132,'2018-07-25 00:06:54','2018-07-25 00:07:24'),(1,128,'2018-07-25 00:07:12','2018-07-25 00:07:42'),(2,128,'2018-07-25 00:07:12','2018-07-25 00:07:42'),(1,134,'2018-07-25 00:07:13','2018-07-25 00:07:43'),(2,134,'2018-07-25 00:07:13','2018-07-25 00:07:43'),(1,135,'2018-07-25 00:07:14','2018-07-25 00:07:44'),(2,135,'2018-07-25 00:07:14','2018-07-25 00:07:44'),(2,172,'2018-07-25 03:09:27','2018-07-25 03:10:12'),(1,129,'2018-07-25 00:07:21','2018-07-25 00:07:51'),(2,129,'2018-07-25 00:07:21','2018-07-25 00:07:51'),(1,130,'2018-07-25 00:07:22','2018-07-25 00:07:52'),(2,130,'2018-07-25 00:07:22','2018-07-25 00:07:52'),(1,133,'2018-07-25 00:07:22','2018-07-25 00:07:52'),(2,133,'2018-07-25 00:07:22','2018-07-25 00:07:52'),(1,131,'2018-07-25 00:07:23','2018-07-25 00:07:53'),(2,131,'2018-07-25 00:07:23','2018-07-25 00:07:53'),(1,132,'2018-07-25 00:07:24','2018-07-25 00:07:54'),(2,132,'2018-07-25 00:07:24','2018-07-25 00:07:54'),(3,136,'2018-07-25 00:11:41','2018-07-25 00:12:11'),(3,139,'2018-07-25 00:11:25','2018-07-25 00:11:55'),(3,138,'2018-07-25 00:11:20','2018-07-25 00:11:50'),(3,137,'2018-07-25 00:11:15','2018-07-25 00:11:45'),(3,136,'2018-07-25 00:11:11','2018-07-25 00:11:41'),(3,139,'2018-07-25 00:10:55','2018-07-25 00:11:25'),(7,173,'2018-07-25 03:09:16','2018-07-25 03:10:01'),(3,138,'2018-07-25 00:10:50','2018-07-25 00:11:20'),(3,137,'2018-07-25 00:10:45','2018-07-25 00:11:15'),(3,136,'2018-07-25 00:10:41','2018-07-25 00:11:11'),(3,139,'2018-07-25 00:10:25','2018-07-25 00:10:55'),(3,138,'2018-07-25 00:10:20','2018-07-25 00:10:50'),(3,137,'2018-07-25 00:10:15','2018-07-25 00:10:45'),(3,136,'2018-07-25 00:10:11','2018-07-25 00:10:41'),(1,173,'2018-07-25 03:09:16','2018-07-25 03:10:01'),(5,172,'2018-07-25 03:08:42','2018-07-25 03:09:27'),(2,172,'2018-07-25 03:08:42','2018-07-25 03:09:27'),(3,137,'2018-07-25 00:11:45','2018-07-25 00:12:15'),(3,138,'2018-07-25 00:11:50','2018-07-25 00:12:20'),(3,139,'2018-07-25 00:11:55','2018-07-25 00:12:25'),(3,136,'2018-07-25 00:12:11','2018-07-25 00:12:41'),(3,137,'2018-07-25 00:12:15','2018-07-25 00:12:45'),(3,138,'2018-07-25 00:12:20','2018-07-25 00:12:50'),(3,139,'2018-07-25 00:12:25','2018-07-25 00:12:55'),(3,136,'2018-07-25 00:12:41','2018-07-25 00:13:11'),(3,137,'2018-07-25 00:12:45','2018-07-25 00:13:15'),(3,138,'2018-07-25 00:12:50','2018-07-25 00:13:20'),(3,139,'2018-07-25 00:12:55','2018-07-25 00:13:25'),(3,136,'2018-07-25 00:13:11','2018-07-25 00:13:41'),(3,137,'2018-07-25 00:13:15','2018-07-25 00:13:45'),(3,138,'2018-07-25 00:13:20','2018-07-25 00:13:50'),(3,139,'2018-07-25 00:13:25','2018-07-25 00:13:55'),(3,136,'2018-07-25 00:13:41','2018-07-25 00:14:11'),(3,137,'2018-07-25 00:13:45','2018-07-25 00:14:15'),(3,138,'2018-07-25 00:13:50','2018-07-25 00:14:20'),(3,139,'2018-07-25 00:13:55','2018-07-25 00:14:25'),(3,136,'2018-07-25 00:14:11','2018-07-25 00:14:41'),(3,137,'2018-07-25 00:14:15','2018-07-25 00:14:45'),(3,138,'2018-07-25 00:14:20','2018-07-25 00:14:50'),(3,139,'2018-07-25 00:14:25','2018-07-25 00:14:55'),(3,136,'2018-07-25 00:14:41','2018-07-25 00:15:11'),(3,137,'2018-07-25 00:14:45','2018-07-25 00:15:15'),(3,138,'2018-07-25 00:14:50','2018-07-25 00:15:20'),(3,139,'2018-07-25 00:14:55','2018-07-25 00:15:25'),(3,136,'2018-07-25 00:15:11','2018-07-25 00:15:41'),(3,137,'2018-07-25 00:15:15','2018-07-25 00:15:45'),(3,138,'2018-07-25 00:15:20','2018-07-25 00:15:50'),(3,139,'2018-07-25 00:15:25','2018-07-25 00:15:55'),(3,136,'2018-07-25 00:15:41','2018-07-25 00:16:11'),(3,137,'2018-07-25 00:15:45','2018-07-25 00:16:15'),(3,138,'2018-07-25 00:15:50','2018-07-25 00:16:20'),(3,139,'2018-07-25 00:15:55','2018-07-25 00:16:25'),(3,136,'2018-07-25 00:16:11','2018-07-25 00:16:41'),(3,137,'2018-07-25 00:16:15','2018-07-25 00:16:45'),(3,138,'2018-07-25 00:16:20','2018-07-25 00:16:50'),(3,139,'2018-07-25 00:16:25','2018-07-25 00:16:55'),(3,136,'2018-07-25 00:16:41','2018-07-25 00:17:11'),(3,137,'2018-07-25 00:16:45','2018-07-25 00:17:15'),(3,138,'2018-07-25 00:16:50','2018-07-25 00:17:20'),(3,139,'2018-07-25 00:16:55','2018-07-25 00:17:25'),(3,136,'2018-07-25 00:17:11','2018-07-25 00:17:41'),(3,137,'2018-07-25 00:17:15','2018-07-25 00:17:45'),(3,138,'2018-07-25 00:17:20','2018-07-25 00:17:50'),(3,139,'2018-07-25 00:17:25','2018-07-25 00:17:55'),(3,136,'2018-07-25 00:17:41','2018-07-25 00:18:11'),(2,126,'2018-07-24 23:57:01','2018-07-24 23:57:46'),(5,126,'2018-07-24 23:57:01','2018-07-24 23:57:46'),(2,121,'2018-07-24 23:57:07','2018-07-24 23:57:52'),(5,121,'2018-07-24 23:57:07','2018-07-24 23:57:52'),(8,125,'2018-07-24 23:57:33','2018-07-24 23:58:33'),(2,117,'2018-07-24 23:57:20','2018-07-24 23:58:05'),(5,117,'2018-07-24 23:57:20','2018-07-24 23:58:05'),(8,122,'2018-07-24 23:57:38','2018-07-24 23:58:38'),(3,118,'2018-07-24 23:57:19','2018-07-24 23:57:49'),(2,126,'2018-07-24 23:57:46','2018-07-24 23:58:31'),(5,126,'2018-07-24 23:57:46','2018-07-24 23:58:31'),(2,121,'2018-07-24 23:57:52','2018-07-24 23:58:37'),(5,121,'2018-07-24 23:57:52','2018-07-24 23:58:37'),(3,118,'2018-07-24 23:57:49','2018-07-24 23:58:19'),(2,117,'2018-07-24 23:58:05','2018-07-24 23:58:50'),(5,117,'2018-07-24 23:58:05','2018-07-24 23:58:50'),(8,125,'2018-07-24 23:58:33','2018-07-24 23:59:33'),(8,122,'2018-07-24 23:58:38','2018-07-24 23:59:38'),(2,126,'2018-07-24 23:58:31','2018-07-24 23:59:16'),(5,126,'2018-07-24 23:58:31','2018-07-24 23:59:16'),(3,118,'2018-07-24 23:58:19','2018-07-24 23:58:49'),(2,121,'2018-07-24 23:58:37','2018-07-24 23:59:22'),(5,121,'2018-07-24 23:58:37','2018-07-24 23:59:22'),(2,117,'2018-07-24 23:58:50','2018-07-24 23:59:35'),(5,117,'2018-07-24 23:58:50','2018-07-24 23:59:35'),(8,125,'2018-07-24 23:59:33','2018-07-25 00:00:33'),(8,122,'2018-07-24 23:59:38','2018-07-25 00:00:38'),(3,118,'2018-07-24 23:58:49','2018-07-24 23:59:19'),(2,126,'2018-07-24 23:59:16','2018-07-25 00:00:01'),(5,126,'2018-07-24 23:59:16','2018-07-25 00:00:01'),(2,121,'2018-07-24 23:59:22','2018-07-25 00:00:07'),(5,121,'2018-07-24 23:59:22','2018-07-25 00:00:07'),(2,117,'2018-07-24 23:59:35','2018-07-25 00:00:20'),(5,117,'2018-07-24 23:59:35','2018-07-25 00:00:20'),(8,125,'2018-07-25 00:00:33','2018-07-25 00:01:33'),(8,122,'2018-07-25 00:00:38','2018-07-25 00:01:38'),(3,118,'2018-07-24 23:59:19','2018-07-24 23:59:49'),(2,126,'2018-07-25 00:00:01','2018-07-25 00:00:46'),(5,126,'2018-07-25 00:00:01','2018-07-25 00:00:46'),(2,121,'2018-07-25 00:00:07','2018-07-25 00:00:52'),(5,121,'2018-07-25 00:00:07','2018-07-25 00:00:52'),(2,117,'2018-07-25 00:00:20','2018-07-25 00:01:05'),(5,117,'2018-07-25 00:00:20','2018-07-25 00:01:05'),(8,125,'2018-07-25 00:01:33','2018-07-25 00:02:33'),(8,122,'2018-07-25 00:01:38','2018-07-25 00:02:38'),(3,118,'2018-07-24 23:59:49','2018-07-25 00:00:19'),(2,126,'2018-07-25 00:00:46','2018-07-25 00:01:31'),(5,126,'2018-07-25 00:00:46','2018-07-25 00:01:31'),(3,118,'2018-07-25 00:01:19','2018-07-25 00:01:49'),(3,118,'2018-07-25 00:00:49','2018-07-25 00:01:19'),(8,122,'2018-07-25 00:03:38','2018-07-25 00:04:38'),(8,125,'2018-07-25 00:03:33','2018-07-25 00:04:33'),(8,125,'2018-07-25 00:02:33','2018-07-25 00:03:33'),(8,122,'2018-07-25 00:02:38','2018-07-25 00:03:38'),(3,118,'2018-07-25 00:00:19','2018-07-25 00:00:49'),(8,122,'2018-07-25 00:04:38','2018-07-25 00:05:38'),(8,125,'2018-07-25 00:04:33','2018-07-25 00:05:33'),(3,118,'2018-07-25 00:02:49','2018-07-25 00:03:19'),(3,118,'2018-07-25 00:02:19','2018-07-25 00:02:49'),(3,118,'2018-07-25 00:01:49','2018-07-25 00:02:19'),(3,137,'2018-07-25 00:17:45','2018-07-25 00:18:15'),(3,138,'2018-07-25 00:17:50','2018-07-25 00:18:20'),(3,139,'2018-07-25 00:17:55','2018-07-25 00:18:25'),(3,136,'2018-07-25 00:18:11','2018-07-25 00:18:41'),(3,137,'2018-07-25 00:18:15','2018-07-25 00:18:45'),(3,138,'2018-07-25 00:18:20','2018-07-25 00:18:50'),(3,139,'2018-07-25 00:18:25','2018-07-25 00:18:55'),(3,136,'2018-07-25 00:18:41','2018-07-25 00:19:11'),(3,137,'2018-07-25 00:18:45','2018-07-25 00:19:15'),(3,138,'2018-07-25 00:18:50','2018-07-25 00:19:20'),(3,139,'2018-07-25 00:18:55','2018-07-25 00:19:25'),(3,136,'2018-07-25 00:19:11','2018-07-25 00:19:41'),(3,137,'2018-07-25 00:19:15','2018-07-25 00:19:45'),(3,138,'2018-07-25 00:19:20','2018-07-25 00:19:50'),(3,139,'2018-07-25 00:19:25','2018-07-25 00:19:55'),(3,136,'2018-07-25 00:19:41','2018-07-25 00:20:11'),(3,137,'2018-07-25 00:19:45','2018-07-25 00:20:15'),(3,138,'2018-07-25 00:19:50','2018-07-25 00:20:20'),(3,139,'2018-07-25 00:19:55','2018-07-25 00:20:25'),(3,136,'2018-07-25 00:20:11','2018-07-25 00:20:41'),(3,137,'2018-07-25 00:20:15','2018-07-25 00:20:45'),(3,138,'2018-07-25 00:20:20','2018-07-25 00:20:50'),(3,139,'2018-07-25 00:20:25','2018-07-25 00:20:55'),(3,136,'2018-07-25 00:20:41','2018-07-25 00:21:11'),(3,137,'2018-07-25 00:20:45','2018-07-25 00:21:15'),(3,138,'2018-07-25 00:20:50','2018-07-25 00:21:20'),(3,139,'2018-07-25 00:20:55','2018-07-25 00:21:25'),(3,136,'2018-07-25 00:21:11','2018-07-25 00:21:41'),(3,137,'2018-07-25 00:21:15','2018-07-25 00:21:45'),(3,138,'2018-07-25 00:21:20','2018-07-25 00:21:50'),(3,139,'2018-07-25 00:21:25','2018-07-25 00:21:55'),(3,136,'2018-07-25 00:21:41','2018-07-25 00:22:11'),(3,137,'2018-07-25 00:21:45','2018-07-25 00:22:15'),(3,138,'2018-07-25 00:21:50','2018-07-25 00:22:20'),(3,139,'2018-07-25 00:21:55','2018-07-25 00:22:25'),(3,136,'2018-07-25 00:22:11','2018-07-25 00:22:41'),(3,137,'2018-07-25 00:22:15','2018-07-25 00:22:45'),(3,138,'2018-07-25 00:22:20','2018-07-25 00:22:50'),(3,139,'2018-07-25 00:22:25','2018-07-25 00:22:55'),(1,145,'2018-07-25 00:29:36','2018-07-25 00:30:21'),(7,148,'2018-07-25 00:29:11','2018-07-25 00:29:56'),(1,148,'2018-07-25 00:29:11','2018-07-25 00:29:56'),(3,139,'2018-07-25 00:22:55',NULL),(7,147,'2018-07-25 00:29:06','2018-07-25 00:29:51'),(1,147,'2018-07-25 00:29:06','2018-07-25 00:29:51'),(7,146,'2018-07-25 00:29:00','2018-07-25 00:29:45'),(1,146,'2018-07-25 00:29:00','2018-07-25 00:29:45'),(7,145,'2018-07-25 00:28:51','2018-07-25 00:29:36'),(1,145,'2018-07-25 00:28:51','2018-07-25 00:29:36'),(7,148,'2018-07-25 00:28:26','2018-07-25 00:29:11'),(1,148,'2018-07-25 00:28:26','2018-07-25 00:29:11'),(7,147,'2018-07-25 00:28:21','2018-07-25 00:29:06'),(1,147,'2018-07-25 00:28:21','2018-07-25 00:29:06'),(7,146,'2018-07-25 00:28:15','2018-07-25 00:29:00'),(1,146,'2018-07-25 00:28:15','2018-07-25 00:29:00'),(7,145,'2018-07-25 00:28:06','2018-07-25 00:28:51'),(1,145,'2018-07-25 00:28:06','2018-07-25 00:28:51'),(7,145,'2018-07-25 00:29:36','2018-07-25 00:30:21'),(1,146,'2018-07-25 00:29:45','2018-07-25 00:30:30'),(7,146,'2018-07-25 00:29:45','2018-07-25 00:30:30'),(1,147,'2018-07-25 00:29:51','2018-07-25 00:30:36'),(7,147,'2018-07-25 00:29:51','2018-07-25 00:30:36'),(1,148,'2018-07-25 00:29:56','2018-07-25 00:30:41'),(7,148,'2018-07-25 00:29:56','2018-07-25 00:30:41'),(1,145,'2018-07-25 00:30:21','2018-07-25 00:31:06'),(7,145,'2018-07-25 00:30:21','2018-07-25 00:31:06'),(1,146,'2018-07-25 00:30:30','2018-07-25 00:31:15'),(7,146,'2018-07-25 00:30:30','2018-07-25 00:31:15'),(1,147,'2018-07-25 00:30:36','2018-07-25 00:31:21'),(7,147,'2018-07-25 00:30:36','2018-07-25 00:31:21'),(3,149,'2018-07-25 00:30:40','2018-07-25 00:31:10'),(1,148,'2018-07-25 00:30:41','2018-07-25 00:31:26'),(7,148,'2018-07-25 00:30:41','2018-07-25 00:31:26'),(3,150,'2018-07-25 00:30:41','2018-07-25 00:31:11'),(3,151,'2018-07-25 00:30:44','2018-07-25 00:31:14'),(3,152,'2018-07-25 00:30:45','2018-07-25 00:31:15'),(3,153,'2018-07-25 00:30:46','2018-07-25 00:31:16'),(1,145,'2018-07-25 00:31:06','2018-07-25 00:31:51'),(7,145,'2018-07-25 00:31:06','2018-07-25 00:31:51'),(3,149,'2018-07-25 00:31:10','2018-07-25 00:31:40'),(3,150,'2018-07-25 00:31:11','2018-07-25 00:31:41'),(1,146,'2018-07-25 00:31:15','2018-07-25 00:32:00'),(7,146,'2018-07-25 00:31:15','2018-07-25 00:32:00'),(3,151,'2018-07-25 00:31:14','2018-07-25 00:31:44'),(3,152,'2018-07-25 00:31:15','2018-07-25 00:31:45'),(1,147,'2018-07-25 00:31:21','2018-07-25 00:32:06'),(7,147,'2018-07-25 00:31:21','2018-07-25 00:32:06'),(1,148,'2018-07-25 00:31:26','2018-07-25 00:32:11'),(7,148,'2018-07-25 00:31:26','2018-07-25 00:32:11'),(3,153,'2018-07-25 00:31:16','2018-07-25 00:31:46'),(1,145,'2018-07-25 00:31:51','2018-07-25 00:32:36'),(7,145,'2018-07-25 00:31:51','2018-07-25 00:32:36'),(3,149,'2018-07-25 00:31:40','2018-07-25 00:32:10'),(3,150,'2018-07-25 00:31:41','2018-07-25 00:32:11'),(3,151,'2018-07-25 00:31:44','2018-07-25 00:32:14'),(3,152,'2018-07-25 00:31:45','2018-07-25 00:32:15'),(3,153,'2018-07-25 00:31:46','2018-07-25 00:32:16'),(1,146,'2018-07-25 00:32:00','2018-07-25 00:32:45'),(7,146,'2018-07-25 00:32:00','2018-07-25 00:32:45'),(1,147,'2018-07-25 00:32:06','2018-07-25 00:32:51'),(7,147,'2018-07-25 00:32:06','2018-07-25 00:32:51'),(1,148,'2018-07-25 00:32:11','2018-07-25 00:32:56'),(7,148,'2018-07-25 00:32:11','2018-07-25 00:32:56'),(3,149,'2018-07-25 00:32:10','2018-07-25 00:32:40'),(3,150,'2018-07-25 00:32:11','2018-07-25 00:32:41'),(3,151,'2018-07-25 00:32:14','2018-07-25 00:32:44'),(3,152,'2018-07-25 00:32:15','2018-07-25 00:32:45'),(3,153,'2018-07-25 00:32:16','2018-07-25 00:32:46'),(1,145,'2018-07-25 00:32:36','2018-07-25 00:33:21'),(7,145,'2018-07-25 00:32:36','2018-07-25 00:33:21'),(3,149,'2018-07-25 00:32:40','2018-07-25 00:33:10'),(3,150,'2018-07-25 00:32:41','2018-07-25 00:33:11'),(1,146,'2018-07-25 00:32:45','2018-07-25 00:33:30'),(7,146,'2018-07-25 00:32:45','2018-07-25 00:33:30'),(3,151,'2018-07-25 00:32:44','2018-07-25 00:33:14'),(3,152,'2018-07-25 00:32:45','2018-07-25 00:33:15'),(3,153,'2018-07-25 00:32:46','2018-07-25 00:33:16'),(1,147,'2018-07-25 00:32:51','2018-07-25 00:33:36'),(7,147,'2018-07-25 00:32:51','2018-07-25 00:33:36'),(1,148,'2018-07-25 00:32:56','2018-07-25 00:33:41'),(7,148,'2018-07-25 00:32:56','2018-07-25 00:33:41'),(3,149,'2018-07-25 00:33:10','2018-07-25 00:33:40'),(3,150,'2018-07-25 00:33:11','2018-07-25 00:33:41'),(3,151,'2018-07-25 00:33:14','2018-07-25 00:33:44'),(3,152,'2018-07-25 00:33:15','2018-07-25 00:33:45'),(3,153,'2018-07-25 00:33:16','2018-07-25 00:33:46'),(1,145,'2018-07-25 00:33:21','2018-07-25 00:34:06'),(7,145,'2018-07-25 00:33:21','2018-07-25 00:34:06'),(1,146,'2018-07-25 00:33:30','2018-07-25 00:34:15'),(7,146,'2018-07-25 00:33:30','2018-07-25 00:34:15'),(1,147,'2018-07-25 00:33:36','2018-07-25 00:34:21'),(7,147,'2018-07-25 00:33:36','2018-07-25 00:34:21'),(1,148,'2018-07-25 00:33:41','2018-07-25 00:34:26'),(7,148,'2018-07-25 00:33:41','2018-07-25 00:34:26'),(3,149,'2018-07-25 00:33:40','2018-07-25 00:34:10'),(3,150,'2018-07-25 00:33:41','2018-07-25 00:34:11'),(3,151,'2018-07-25 00:33:44','2018-07-25 00:34:14'),(3,152,'2018-07-25 00:33:45','2018-07-25 00:34:15'),(3,153,'2018-07-25 00:33:46','2018-07-25 00:34:16'),(1,145,'2018-07-25 00:34:06','2018-07-25 00:34:51'),(7,145,'2018-07-25 00:34:06','2018-07-25 00:34:51'),(3,149,'2018-07-25 00:34:10','2018-07-25 00:34:40'),(3,150,'2018-07-25 00:34:11','2018-07-25 00:34:41'),(1,146,'2018-07-25 00:34:15','2018-07-25 00:35:00'),(7,146,'2018-07-25 00:34:15','2018-07-25 00:35:00'),(3,151,'2018-07-25 00:34:14','2018-07-25 00:34:44'),(3,152,'2018-07-25 00:34:15','2018-07-25 00:34:45'),(3,153,'2018-07-25 00:34:16','2018-07-25 00:34:46'),(1,147,'2018-07-25 00:34:21','2018-07-25 00:35:06'),(7,147,'2018-07-25 00:34:21','2018-07-25 00:35:06'),(1,148,'2018-07-25 00:34:26','2018-07-25 00:35:11'),(7,148,'2018-07-25 00:34:26','2018-07-25 00:35:11'),(3,149,'2018-07-25 00:34:40','2018-07-25 00:35:10'),(3,150,'2018-07-25 00:34:41','2018-07-25 00:35:11'),(3,151,'2018-07-25 00:34:44','2018-07-25 00:35:14'),(3,152,'2018-07-25 00:34:45','2018-07-25 00:35:15'),(3,153,'2018-07-25 00:34:46','2018-07-25 00:35:16'),(1,145,'2018-07-25 00:34:51','2018-07-25 00:35:36'),(7,145,'2018-07-25 00:34:51','2018-07-25 00:35:36'),(1,146,'2018-07-25 00:35:00','2018-07-25 00:35:45'),(7,146,'2018-07-25 00:35:00','2018-07-25 00:35:45'),(1,147,'2018-07-25 00:35:06','2018-07-25 00:35:51'),(7,147,'2018-07-25 00:35:06','2018-07-25 00:35:51'),(1,148,'2018-07-25 00:35:11','2018-07-25 00:35:56'),(7,148,'2018-07-25 00:35:11','2018-07-25 00:35:56'),(3,149,'2018-07-25 00:35:10','2018-07-25 00:35:40'),(3,150,'2018-07-25 00:35:11','2018-07-25 00:35:41'),(3,151,'2018-07-25 00:35:14','2018-07-25 00:35:44'),(3,152,'2018-07-25 00:35:15','2018-07-25 00:35:45'),(3,153,'2018-07-25 00:35:16','2018-07-25 00:35:46'),(1,145,'2018-07-25 00:35:36','2018-07-25 00:36:21'),(7,145,'2018-07-25 00:35:36','2018-07-25 00:36:21'),(3,149,'2018-07-25 00:35:40','2018-07-25 00:36:10'),(3,150,'2018-07-25 00:35:41','2018-07-25 00:36:11'),(1,146,'2018-07-25 00:35:45','2018-07-25 00:36:30'),(7,146,'2018-07-25 00:35:45','2018-07-25 00:36:30'),(3,151,'2018-07-25 00:35:44','2018-07-25 00:36:14'),(3,152,'2018-07-25 00:35:45','2018-07-25 00:36:15'),(3,153,'2018-07-25 00:35:46','2018-07-25 00:36:16'),(1,147,'2018-07-25 00:35:51','2018-07-25 00:36:36'),(7,147,'2018-07-25 00:35:51','2018-07-25 00:36:36'),(1,148,'2018-07-25 00:35:56','2018-07-25 00:36:41'),(7,148,'2018-07-25 00:35:56','2018-07-25 00:36:41'),(3,149,'2018-07-25 00:36:10','2018-07-25 00:36:40'),(3,150,'2018-07-25 00:36:11','2018-07-25 00:36:41'),(3,151,'2018-07-25 00:36:14','2018-07-25 00:36:44'),(3,152,'2018-07-25 00:36:15','2018-07-25 00:36:45'),(3,153,'2018-07-25 00:36:16','2018-07-25 00:36:46'),(1,145,'2018-07-25 00:36:21','2018-07-25 00:37:06'),(7,145,'2018-07-25 00:36:21','2018-07-25 00:37:06'),(1,146,'2018-07-25 00:36:30','2018-07-25 00:37:15'),(7,146,'2018-07-25 00:36:30','2018-07-25 00:37:15'),(1,147,'2018-07-25 00:36:36','2018-07-25 00:37:21'),(7,147,'2018-07-25 00:36:36','2018-07-25 00:37:21'),(1,148,'2018-07-25 00:36:41','2018-07-25 00:37:26'),(7,148,'2018-07-25 00:36:41','2018-07-25 00:37:26'),(3,149,'2018-07-25 00:36:40','2018-07-25 00:37:10'),(3,150,'2018-07-25 00:36:41','2018-07-25 00:37:11'),(3,151,'2018-07-25 00:36:44','2018-07-25 00:37:14'),(3,152,'2018-07-25 00:36:45','2018-07-25 00:37:15'),(3,153,'2018-07-25 00:36:46','2018-07-25 00:37:16'),(1,145,'2018-07-25 00:37:06','2018-07-25 00:37:51'),(7,145,'2018-07-25 00:37:06','2018-07-25 00:37:51'),(3,149,'2018-07-25 00:37:10','2018-07-25 00:37:40'),(3,150,'2018-07-25 00:37:11','2018-07-25 00:37:41'),(1,146,'2018-07-25 00:37:15','2018-07-25 00:38:00'),(7,146,'2018-07-25 00:37:15','2018-07-25 00:38:00'),(3,151,'2018-07-25 00:37:14','2018-07-25 00:37:44'),(3,152,'2018-07-25 00:37:15','2018-07-25 00:37:45'),(3,153,'2018-07-25 00:37:16','2018-07-25 00:37:46'),(3,151,'2018-07-25 00:38:44','2018-07-25 00:39:14'),(3,150,'2018-07-25 00:38:41','2018-07-25 00:39:11'),(3,149,'2018-07-25 00:38:40','2018-07-25 00:39:10'),(3,153,'2018-07-25 00:38:16','2018-07-25 00:38:46'),(3,149,'2018-07-25 00:37:40','2018-07-25 00:38:10'),(3,150,'2018-07-25 00:37:41','2018-07-25 00:38:11'),(3,151,'2018-07-25 00:37:44','2018-07-25 00:38:14'),(3,152,'2018-07-25 00:37:45','2018-07-25 00:38:15'),(3,153,'2018-07-25 00:37:46','2018-07-25 00:38:16'),(3,152,'2018-07-25 00:38:15','2018-07-25 00:38:45'),(3,151,'2018-07-25 00:38:14','2018-07-25 00:38:44'),(3,150,'2018-07-25 00:38:11','2018-07-25 00:38:41'),(3,149,'2018-07-25 00:38:10','2018-07-25 00:38:40'),(3,152,'2018-07-25 00:38:45','2018-07-25 00:39:15'),(3,153,'2018-07-25 00:38:46','2018-07-25 00:39:16'),(3,149,'2018-07-25 00:39:10','2018-07-25 00:39:40'),(3,150,'2018-07-25 00:39:11','2018-07-25 00:39:41'),(3,151,'2018-07-25 00:39:14','2018-07-25 00:39:44'),(3,152,'2018-07-25 00:39:15','2018-07-25 00:39:45'),(3,153,'2018-07-25 00:39:16','2018-07-25 00:39:46'),(3,149,'2018-07-25 00:39:40','2018-07-25 00:40:10'),(3,150,'2018-07-25 00:39:41','2018-07-25 00:40:11'),(3,151,'2018-07-25 00:39:44','2018-07-25 00:40:14'),(3,152,'2018-07-25 00:39:45','2018-07-25 00:40:15'),(3,153,'2018-07-25 00:39:46','2018-07-25 00:40:16'),(3,149,'2018-07-25 00:40:10','2018-07-25 00:40:40'),(3,150,'2018-07-25 00:40:11','2018-07-25 00:40:41'),(3,151,'2018-07-25 00:40:14','2018-07-25 00:40:44'),(3,152,'2018-07-25 00:40:15','2018-07-25 00:40:45'),(3,153,'2018-07-25 00:40:16','2018-07-25 00:40:46'),(2,154,'2018-07-25 00:42:15','2018-07-25 00:43:00'),(5,155,'2018-07-25 00:41:31','2018-07-25 00:42:16'),(2,155,'2018-07-25 00:41:31','2018-07-25 00:42:16'),(5,154,'2018-07-25 00:41:30','2018-07-25 00:42:15'),(2,154,'2018-07-25 00:41:30','2018-07-25 00:42:15'),(5,154,'2018-07-25 00:42:15','2018-07-25 00:43:00'),(2,155,'2018-07-25 00:42:16','2018-07-25 00:43:01'),(5,155,'2018-07-25 00:42:16','2018-07-25 00:43:01'),(3,156,'2018-07-25 00:42:25','2018-07-25 00:42:55'),(3,157,'2018-07-25 00:42:26','2018-07-25 00:42:56'),(3,156,'2018-07-25 00:42:55','2018-07-25 00:43:25'),(3,157,'2018-07-25 00:42:56','2018-07-25 00:43:26'),(2,154,'2018-07-25 00:43:00','2018-07-25 00:43:45'),(5,154,'2018-07-25 00:43:00','2018-07-25 00:43:45'),(2,155,'2018-07-25 00:43:01','2018-07-25 00:43:46'),(5,155,'2018-07-25 00:43:01','2018-07-25 00:43:46'),(3,156,'2018-07-25 00:43:25','2018-07-25 00:43:55'),(3,157,'2018-07-25 00:43:26','2018-07-25 00:43:56'),(2,154,'2018-07-25 00:43:45','2018-07-25 00:44:30'),(5,154,'2018-07-25 00:43:45','2018-07-25 00:44:30'),(2,155,'2018-07-25 00:43:46','2018-07-25 00:44:31'),(5,155,'2018-07-25 00:43:46','2018-07-25 00:44:31'),(3,156,'2018-07-25 00:43:55','2018-07-25 00:44:25'),(3,157,'2018-07-25 00:43:56','2018-07-25 00:44:26'),(3,156,'2018-07-25 00:44:25','2018-07-25 00:44:55'),(3,157,'2018-07-25 00:44:26','2018-07-25 00:44:56'),(2,154,'2018-07-25 00:44:30','2018-07-25 00:45:15'),(5,154,'2018-07-25 00:44:30','2018-07-25 00:45:15'),(2,155,'2018-07-25 00:44:31','2018-07-25 00:45:16'),(5,155,'2018-07-25 00:44:31','2018-07-25 00:45:16'),(3,156,'2018-07-25 00:44:55','2018-07-25 00:45:25'),(3,157,'2018-07-25 00:44:56','2018-07-25 00:45:26'),(2,154,'2018-07-25 00:45:15','2018-07-25 00:46:00'),(5,154,'2018-07-25 00:45:15','2018-07-25 00:46:00'),(2,155,'2018-07-25 00:45:16','2018-07-25 00:46:01'),(5,155,'2018-07-25 00:45:16','2018-07-25 00:46:01'),(3,156,'2018-07-25 00:45:25','2018-07-25 00:45:55'),(3,157,'2018-07-25 00:45:26','2018-07-25 00:45:56'),(3,156,'2018-07-25 00:45:55','2018-07-25 00:46:25'),(3,157,'2018-07-25 00:45:56','2018-07-25 00:46:26'),(2,154,'2018-07-25 00:46:00','2018-07-25 00:46:45'),(5,154,'2018-07-25 00:46:00','2018-07-25 00:46:45'),(2,155,'2018-07-25 00:46:01','2018-07-25 00:46:46'),(5,155,'2018-07-25 00:46:01','2018-07-25 00:46:46'),(3,156,'2018-07-25 00:46:25','2018-07-25 00:46:55'),(3,157,'2018-07-25 00:46:26','2018-07-25 00:46:56'),(2,154,'2018-07-25 00:46:45','2018-07-25 00:47:30'),(5,154,'2018-07-25 00:46:45','2018-07-25 00:47:30'),(2,155,'2018-07-25 00:46:46','2018-07-25 00:47:31'),(5,155,'2018-07-25 00:46:46','2018-07-25 00:47:31'),(3,156,'2018-07-25 00:46:55','2018-07-25 00:47:25'),(3,157,'2018-07-25 00:46:56','2018-07-25 00:47:26'),(3,156,'2018-07-25 00:47:25','2018-07-25 00:47:55'),(3,157,'2018-07-25 00:47:26','2018-07-25 00:47:56'),(2,154,'2018-07-25 00:47:30','2018-07-25 00:48:15'),(5,154,'2018-07-25 00:47:30','2018-07-25 00:48:15'),(2,155,'2018-07-25 00:47:31','2018-07-25 00:48:16'),(5,155,'2018-07-25 00:47:31','2018-07-25 00:48:16'),(3,156,'2018-07-25 00:47:55','2018-07-25 00:48:25'),(3,157,'2018-07-25 00:47:56','2018-07-25 00:48:26'),(2,154,'2018-07-25 00:48:15','2018-07-25 00:49:00'),(5,154,'2018-07-25 00:48:15','2018-07-25 00:49:00'),(2,155,'2018-07-25 00:48:16','2018-07-25 00:49:01'),(5,155,'2018-07-25 00:48:16','2018-07-25 00:49:01'),(3,156,'2018-07-25 00:48:25','2018-07-25 00:48:55'),(3,157,'2018-07-25 00:48:26','2018-07-25 00:48:56'),(3,156,'2018-07-25 00:48:55','2018-07-25 00:49:25'),(3,157,'2018-07-25 00:48:56','2018-07-25 00:49:26'),(2,154,'2018-07-25 00:49:00','2018-07-25 00:49:45'),(5,154,'2018-07-25 00:49:00','2018-07-25 00:49:45'),(2,155,'2018-07-25 00:49:01','2018-07-25 00:49:46'),(5,155,'2018-07-25 00:49:01','2018-07-25 00:49:46'),(3,156,'2018-07-25 00:49:25','2018-07-25 00:49:55'),(3,157,'2018-07-25 00:49:26','2018-07-25 00:49:56'),(2,154,'2018-07-25 00:49:45','2018-07-25 00:50:30'),(5,154,'2018-07-25 00:49:45','2018-07-25 00:50:30'),(2,155,'2018-07-25 00:49:46','2018-07-25 00:50:31'),(5,155,'2018-07-25 00:49:46','2018-07-25 00:50:31'),(3,156,'2018-07-25 00:49:55','2018-07-25 00:50:25'),(3,157,'2018-07-25 00:49:56','2018-07-25 00:50:26'),(3,156,'2018-07-25 00:50:25','2018-07-25 00:50:55'),(3,157,'2018-07-25 00:50:26','2018-07-25 00:50:56'),(2,154,'2018-07-25 00:50:30','2018-07-25 00:51:15'),(5,154,'2018-07-25 00:50:30','2018-07-25 00:51:15'),(2,155,'2018-07-25 00:50:31','2018-07-25 00:51:16'),(5,155,'2018-07-25 00:50:31','2018-07-25 00:51:16'),(3,156,'2018-07-25 00:50:55','2018-07-25 00:51:25'),(3,157,'2018-07-25 00:50:56','2018-07-25 00:51:26'),(2,154,'2018-07-25 00:51:15','2018-07-25 00:52:00'),(5,154,'2018-07-25 00:51:15','2018-07-25 00:52:00'),(2,155,'2018-07-25 00:51:16','2018-07-25 00:52:01'),(5,155,'2018-07-25 00:51:16','2018-07-25 00:52:01'),(2,158,'2018-07-25 00:51:25','2018-07-25 00:52:10'),(5,158,'2018-07-25 00:51:25','2018-07-25 00:52:10'),(3,156,'2018-07-25 00:51:25','2018-07-25 00:51:55'),(2,159,'2018-07-25 00:51:26','2018-07-25 00:52:11'),(5,159,'2018-07-25 00:51:26','2018-07-25 00:52:11'),(3,157,'2018-07-25 00:51:26','2018-07-25 00:51:56'),(3,156,'2018-07-25 00:51:55','2018-07-25 00:52:25'),(3,157,'2018-07-25 00:51:56','2018-07-25 00:52:26'),(2,154,'2018-07-25 00:52:00','2018-07-25 00:52:45'),(5,154,'2018-07-25 00:52:00','2018-07-25 00:52:45'),(2,155,'2018-07-25 00:52:01','2018-07-25 00:52:46'),(5,155,'2018-07-25 00:52:01','2018-07-25 00:52:46'),(2,158,'2018-07-25 00:52:10','2018-07-25 00:52:55'),(5,158,'2018-07-25 00:52:10','2018-07-25 00:52:55'),(2,159,'2018-07-25 00:52:11','2018-07-25 00:52:56'),(5,159,'2018-07-25 00:52:11','2018-07-25 00:52:56'),(3,156,'2018-07-25 00:52:25','2018-07-25 00:52:55'),(3,157,'2018-07-25 00:52:26','2018-07-25 00:52:56'),(2,154,'2018-07-25 00:52:45','2018-07-25 00:53:30'),(5,154,'2018-07-25 00:52:45','2018-07-25 00:53:30'),(2,155,'2018-07-25 00:52:46','2018-07-25 00:53:31'),(5,155,'2018-07-25 00:52:46','2018-07-25 00:53:31'),(2,158,'2018-07-25 00:52:55','2018-07-25 00:53:40'),(5,158,'2018-07-25 00:52:55','2018-07-25 00:53:40'),(3,156,'2018-07-25 00:52:55','2018-07-25 00:53:25'),(2,159,'2018-07-25 00:52:56','2018-07-25 00:53:41'),(5,159,'2018-07-25 00:52:56','2018-07-25 00:53:41'),(3,157,'2018-07-25 00:52:56','2018-07-25 00:53:26'),(3,156,'2018-07-25 00:53:25','2018-07-25 00:53:55'),(3,157,'2018-07-25 00:53:26','2018-07-25 00:53:56'),(2,154,'2018-07-25 00:53:30','2018-07-25 00:54:15'),(5,154,'2018-07-25 00:53:30','2018-07-25 00:54:15'),(2,155,'2018-07-25 00:53:31','2018-07-25 00:54:16'),(5,155,'2018-07-25 00:53:31','2018-07-25 00:54:16'),(2,158,'2018-07-25 00:53:40','2018-07-25 00:54:25'),(5,158,'2018-07-25 00:53:40','2018-07-25 00:54:25'),(2,159,'2018-07-25 00:53:41','2018-07-25 00:54:26'),(5,159,'2018-07-25 00:53:41','2018-07-25 00:54:26'),(3,156,'2018-07-25 00:53:55','2018-07-25 00:54:25'),(3,157,'2018-07-25 00:53:56','2018-07-25 00:54:26'),(2,154,'2018-07-25 00:54:15','2018-07-25 00:55:00'),(5,154,'2018-07-25 00:54:15','2018-07-25 00:55:00'),(2,155,'2018-07-25 00:54:16','2018-07-25 00:55:01'),(5,155,'2018-07-25 00:54:16','2018-07-25 00:55:01'),(2,158,'2018-07-25 00:54:25','2018-07-25 00:55:10'),(5,158,'2018-07-25 00:54:25','2018-07-25 00:55:10'),(3,156,'2018-07-25 00:54:25','2018-07-25 00:54:55'),(2,159,'2018-07-25 00:54:26','2018-07-25 00:55:11'),(5,159,'2018-07-25 00:54:26','2018-07-25 00:55:11'),(3,157,'2018-07-25 00:54:26','2018-07-25 00:54:56'),(3,156,'2018-07-25 00:54:55','2018-07-25 00:55:25'),(3,157,'2018-07-25 00:54:56','2018-07-25 00:55:26'),(2,154,'2018-07-25 00:55:00','2018-07-25 00:55:45'),(5,154,'2018-07-25 00:55:00','2018-07-25 00:55:45'),(2,155,'2018-07-25 00:55:01','2018-07-25 00:55:46'),(5,155,'2018-07-25 00:55:01','2018-07-25 00:55:46'),(2,158,'2018-07-25 00:55:10','2018-07-25 00:55:55'),(5,158,'2018-07-25 00:55:10','2018-07-25 00:55:55'),(2,159,'2018-07-25 00:55:11','2018-07-25 00:55:56'),(5,159,'2018-07-25 00:55:11','2018-07-25 00:55:56'),(3,156,'2018-07-25 00:55:25','2018-07-25 00:55:55'),(3,157,'2018-07-25 00:55:26','2018-07-25 00:55:56'),(2,154,'2018-07-25 00:55:45','2018-07-25 00:56:30'),(5,154,'2018-07-25 00:55:45','2018-07-25 00:56:30'),(2,155,'2018-07-25 00:55:46','2018-07-25 00:56:31'),(5,155,'2018-07-25 00:55:46','2018-07-25 00:56:31'),(2,158,'2018-07-25 00:55:55','2018-07-25 00:56:40'),(5,158,'2018-07-25 00:55:55','2018-07-25 00:56:40'),(3,156,'2018-07-25 00:55:55','2018-07-25 00:56:25'),(2,159,'2018-07-25 00:55:56','2018-07-25 00:56:41'),(5,159,'2018-07-25 00:55:56','2018-07-25 00:56:41'),(3,157,'2018-07-25 00:55:56','2018-07-25 00:56:26'),(3,156,'2018-07-25 00:56:25','2018-07-25 00:56:55'),(3,157,'2018-07-25 00:56:26','2018-07-25 00:56:56'),(2,154,'2018-07-25 00:56:30','2018-07-25 00:57:15'),(5,154,'2018-07-25 00:56:30','2018-07-25 00:57:15'),(2,155,'2018-07-25 00:56:31','2018-07-25 00:57:16'),(5,155,'2018-07-25 00:56:31','2018-07-25 00:57:16'),(2,158,'2018-07-25 00:56:40','2018-07-25 00:57:25'),(5,158,'2018-07-25 00:56:40','2018-07-25 00:57:25'),(2,159,'2018-07-25 00:56:41','2018-07-25 00:57:26'),(5,159,'2018-07-25 00:56:41','2018-07-25 00:57:26'),(3,156,'2018-07-25 00:56:55','2018-07-25 00:57:25'),(3,157,'2018-07-25 00:56:56','2018-07-25 00:57:26'),(2,154,'2018-07-25 00:57:15','2018-07-25 00:58:00'),(5,154,'2018-07-25 00:57:15','2018-07-25 00:58:00'),(2,155,'2018-07-25 00:57:16','2018-07-25 00:58:01'),(5,155,'2018-07-25 00:57:16','2018-07-25 00:58:01'),(2,158,'2018-07-25 00:57:25','2018-07-25 00:58:10'),(5,158,'2018-07-25 00:57:25','2018-07-25 00:58:10'),(3,156,'2018-07-25 00:57:25','2018-07-25 00:57:55'),(2,159,'2018-07-25 00:57:26','2018-07-25 00:58:11'),(5,159,'2018-07-25 00:57:26','2018-07-25 00:58:11'),(3,157,'2018-07-25 00:57:26','2018-07-25 00:57:56'),(3,156,'2018-07-25 00:57:55','2018-07-25 00:58:25'),(3,157,'2018-07-25 00:57:56','2018-07-25 00:58:26'),(2,154,'2018-07-25 00:58:00','2018-07-25 00:58:45'),(5,154,'2018-07-25 00:58:00','2018-07-25 00:58:45'),(2,155,'2018-07-25 00:58:01','2018-07-25 00:58:46'),(5,155,'2018-07-25 00:58:01','2018-07-25 00:58:46'),(2,158,'2018-07-25 00:58:10','2018-07-25 00:58:55'),(5,158,'2018-07-25 00:58:10','2018-07-25 00:58:55'),(2,159,'2018-07-25 00:58:11','2018-07-25 00:58:56'),(5,159,'2018-07-25 00:58:11','2018-07-25 00:58:56'),(3,156,'2018-07-25 00:58:25','2018-07-25 00:58:55'),(3,157,'2018-07-25 00:58:26','2018-07-25 00:58:56'),(2,154,'2018-07-25 00:58:45','2018-07-25 00:59:30'),(5,154,'2018-07-25 00:58:45','2018-07-25 00:59:30'),(2,155,'2018-07-25 00:58:46','2018-07-25 00:59:31'),(5,155,'2018-07-25 00:58:46','2018-07-25 00:59:31'),(2,158,'2018-07-25 00:58:55','2018-07-25 00:59:40'),(5,158,'2018-07-25 00:58:55','2018-07-25 00:59:40'),(3,156,'2018-07-25 00:58:55','2018-07-25 00:59:25'),(2,159,'2018-07-25 00:58:56','2018-07-25 00:59:41'),(5,159,'2018-07-25 00:58:56','2018-07-25 00:59:41'),(3,157,'2018-07-25 00:58:56','2018-07-25 00:59:26'),(3,156,'2018-07-25 00:59:25','2018-07-25 00:59:55'),(3,157,'2018-07-25 00:59:26','2018-07-25 00:59:56'),(2,154,'2018-07-25 00:59:30','2018-07-25 01:00:15'),(5,154,'2018-07-25 00:59:30','2018-07-25 01:00:15'),(2,155,'2018-07-25 00:59:31','2018-07-25 01:00:16'),(5,155,'2018-07-25 00:59:31','2018-07-25 01:00:16'),(2,158,'2018-07-25 00:59:40','2018-07-25 01:00:25'),(5,158,'2018-07-25 00:59:40','2018-07-25 01:00:25'),(2,159,'2018-07-25 00:59:41','2018-07-25 01:00:26'),(5,159,'2018-07-25 00:59:41','2018-07-25 01:00:26'),(3,156,'2018-07-25 00:59:55','2018-07-25 01:00:25'),(3,157,'2018-07-25 00:59:56','2018-07-25 01:00:26'),(5,158,'2018-07-25 01:00:25','2018-07-25 01:01:10'),(2,158,'2018-07-25 01:00:25','2018-07-25 01:01:10'),(3,156,'2018-07-25 01:00:25','2018-07-25 01:00:55'),(2,159,'2018-07-25 01:00:26','2018-07-25 01:01:11'),(5,159,'2018-07-25 01:00:26','2018-07-25 01:01:11'),(3,157,'2018-07-25 01:00:26','2018-07-25 01:00:56'),(3,156,'2018-07-25 01:00:55','2018-07-25 01:01:25'),(3,157,'2018-07-25 01:00:56','2018-07-25 01:01:26'),(2,158,'2018-07-25 01:01:10','2018-07-25 01:01:55'),(5,158,'2018-07-25 01:01:10','2018-07-25 01:01:55'),(3,157,'2018-07-25 01:01:26','2018-07-25 01:01:56'),(3,156,'2018-07-25 01:01:25','2018-07-25 01:01:55'),(2,159,'2018-07-25 01:01:11','2018-07-25 01:01:56'),(5,159,'2018-07-25 01:01:11','2018-07-25 01:01:56'),(2,158,'2018-07-25 01:01:55','2018-07-25 01:02:40'),(5,158,'2018-07-25 01:01:55','2018-07-25 01:02:40'),(3,156,'2018-07-25 01:01:55','2018-07-25 01:02:25'),(2,159,'2018-07-25 01:01:56','2018-07-25 01:02:41'),(5,159,'2018-07-25 01:01:56','2018-07-25 01:02:41'),(3,157,'2018-07-25 01:01:56','2018-07-25 01:02:26'),(3,156,'2018-07-25 01:02:25','2018-07-25 01:02:55'),(3,157,'2018-07-25 01:02:26','2018-07-25 01:02:56'),(2,158,'2018-07-25 01:02:40','2018-07-25 01:03:25'),(5,158,'2018-07-25 01:02:40','2018-07-25 01:03:25'),(2,159,'2018-07-25 01:02:41','2018-07-25 01:03:26'),(5,159,'2018-07-25 01:02:41','2018-07-25 01:03:26'),(3,156,'2018-07-25 01:02:55','2018-07-25 01:03:25'),(3,157,'2018-07-25 01:02:56','2018-07-25 01:03:26'),(5,158,'2018-07-25 01:03:25','2018-07-25 01:04:10'),(2,158,'2018-07-25 01:03:25','2018-07-25 01:04:10'),(3,156,'2018-07-25 01:03:25','2018-07-25 01:03:55'),(2,159,'2018-07-25 01:03:26','2018-07-25 01:04:11'),(5,159,'2018-07-25 01:03:26','2018-07-25 01:04:11'),(3,157,'2018-07-25 01:03:26','2018-07-25 01:03:56'),(3,157,'2018-07-25 01:03:56','2018-07-25 01:04:26'),(3,156,'2018-07-25 01:03:55','2018-07-25 01:04:25'),(2,158,'2018-07-25 01:04:10','2018-07-25 01:04:55'),(5,158,'2018-07-25 01:04:10','2018-07-25 01:04:55'),(2,159,'2018-07-25 01:04:11','2018-07-25 01:04:56'),(5,159,'2018-07-25 01:04:11','2018-07-25 01:04:56'),(3,156,'2018-07-25 01:04:25','2018-07-25 01:04:55'),(3,157,'2018-07-25 01:04:26','2018-07-25 01:04:56'),(2,158,'2018-07-25 01:04:55','2018-07-25 01:05:40'),(5,158,'2018-07-25 01:04:55','2018-07-25 01:05:40'),(3,156,'2018-07-25 01:04:55','2018-07-25 01:05:25'),(2,159,'2018-07-25 01:04:56','2018-07-25 01:05:41'),(5,159,'2018-07-25 01:04:56','2018-07-25 01:05:41'),(3,157,'2018-07-25 01:04:56','2018-07-25 01:05:26'),(3,156,'2018-07-25 01:05:25','2018-07-25 01:05:55'),(3,157,'2018-07-25 01:05:26','2018-07-25 01:05:56'),(2,158,'2018-07-25 01:05:40','2018-07-25 01:06:25'),(5,158,'2018-07-25 01:05:40','2018-07-25 01:06:25'),(2,159,'2018-07-25 01:05:41','2018-07-25 01:06:26'),(5,159,'2018-07-25 01:05:41','2018-07-25 01:06:26'),(3,156,'2018-07-25 01:05:55','2018-07-25 01:06:25'),(3,157,'2018-07-25 01:05:56','2018-07-25 01:06:26'),(2,158,'2018-07-25 01:06:25','2018-07-25 01:07:10'),(5,158,'2018-07-25 01:06:25','2018-07-25 01:07:10'),(3,156,'2018-07-25 01:06:25','2018-07-25 01:06:55'),(2,159,'2018-07-25 01:06:26','2018-07-25 01:07:11'),(5,159,'2018-07-25 01:06:26','2018-07-25 01:07:11'),(3,157,'2018-07-25 01:06:26','2018-07-25 01:06:56'),(5,158,'2018-07-25 01:37:38','2018-07-25 01:38:23'),(2,159,'2018-07-25 01:37:41','2018-07-25 01:38:26'),(2,158,'2018-07-25 01:37:38','2018-07-25 01:38:23'),(5,159,'2018-07-25 01:37:41','2018-07-25 01:38:26'),(3,156,'2018-07-25 01:37:48','2018-07-25 01:38:18'),(3,157,'2018-07-25 01:37:49','2018-07-25 01:38:19'),(5,158,'2018-07-25 01:38:23','2018-07-25 01:39:08'),(2,158,'2018-07-25 01:38:23','2018-07-25 01:39:08'),(2,159,'2018-07-25 01:38:26','2018-07-25 01:39:11'),(5,159,'2018-07-25 01:38:26','2018-07-25 01:39:11'),(2,158,'2018-07-25 01:39:08','2018-07-25 01:39:53'),(5,158,'2018-07-25 01:39:08','2018-07-25 01:39:53'),(2,159,'2018-07-25 01:39:11','2018-07-25 01:39:56'),(5,159,'2018-07-25 01:39:11','2018-07-25 01:39:56'),(5,160,'2018-07-25 01:56:39','2018-07-25 01:57:24'),(2,160,'2018-07-25 01:56:39','2018-07-25 01:57:24'),(1,161,'2018-07-25 01:56:49','2018-07-25 01:57:34'),(7,161,'2018-07-25 01:56:49','2018-07-25 01:57:34'),(2,160,'2018-07-25 01:57:24','2018-07-25 01:58:09'),(5,160,'2018-07-25 01:57:24','2018-07-25 01:58:09'),(1,161,'2018-07-25 01:57:34','2018-07-25 01:58:19'),(7,161,'2018-07-25 01:57:34','2018-07-25 01:58:19'),(2,160,'2018-07-25 01:58:09','2018-07-25 01:58:54'),(5,160,'2018-07-25 01:58:09','2018-07-25 01:58:54'),(1,161,'2018-07-25 01:58:19','2018-07-25 01:59:04'),(7,161,'2018-07-25 01:58:19','2018-07-25 01:59:04'),(2,160,'2018-07-25 01:58:54','2018-07-25 01:59:39'),(5,160,'2018-07-25 01:58:54','2018-07-25 01:59:39'),(1,161,'2018-07-25 01:59:04','2018-07-25 01:59:49'),(7,161,'2018-07-25 01:59:04','2018-07-25 01:59:49'),(2,160,'2018-07-25 01:59:39','2018-07-25 02:00:24'),(5,160,'2018-07-25 01:59:39','2018-07-25 02:00:24'),(1,161,'2018-07-25 01:59:49','2018-07-25 02:00:34'),(7,161,'2018-07-25 01:59:49','2018-07-25 02:00:34'),(2,162,'2018-07-25 01:59:59','2018-07-25 02:00:44'),(5,162,'2018-07-25 01:59:59','2018-07-25 02:00:44'),(2,160,'2018-07-25 02:00:24','2018-07-25 02:01:09'),(5,160,'2018-07-25 02:00:24','2018-07-25 02:01:09'),(1,161,'2018-07-25 02:00:34','2018-07-25 02:01:19'),(7,161,'2018-07-25 02:00:34','2018-07-25 02:01:19'),(2,162,'2018-07-25 02:00:44','2018-07-25 02:01:29'),(5,162,'2018-07-25 02:00:44','2018-07-25 02:01:29'),(2,160,'2018-07-25 02:01:09','2018-07-25 02:01:54'),(5,160,'2018-07-25 02:01:09','2018-07-25 02:01:54'),(1,161,'2018-07-25 02:01:19','2018-07-25 02:02:04'),(7,161,'2018-07-25 02:01:19','2018-07-25 02:02:04'),(2,162,'2018-07-25 02:01:29','2018-07-25 02:02:14'),(5,162,'2018-07-25 02:01:29','2018-07-25 02:02:14'),(2,160,'2018-07-25 02:01:54','2018-07-25 02:02:39'),(5,160,'2018-07-25 02:01:54','2018-07-25 02:02:39'),(1,161,'2018-07-25 02:02:04','2018-07-25 02:02:49'),(7,161,'2018-07-25 02:02:04','2018-07-25 02:02:49'),(2,163,'2018-07-25 02:02:06','2018-07-25 02:02:51'),(5,163,'2018-07-25 02:02:06','2018-07-25 02:02:51'),(2,162,'2018-07-25 02:02:14','2018-07-25 02:02:59'),(5,162,'2018-07-25 02:02:14','2018-07-25 02:02:59'),(2,160,'2018-07-25 02:02:39','2018-07-25 02:03:24'),(5,160,'2018-07-25 02:02:39','2018-07-25 02:03:24'),(1,161,'2018-07-25 02:02:49','2018-07-25 02:03:34'),(7,161,'2018-07-25 02:02:49','2018-07-25 02:03:34'),(2,163,'2018-07-25 02:02:51','2018-07-25 02:03:36'),(5,163,'2018-07-25 02:02:51','2018-07-25 02:03:36'),(2,162,'2018-07-25 02:02:59','2018-07-25 02:03:44'),(5,162,'2018-07-25 02:02:59','2018-07-25 02:03:44'),(2,160,'2018-07-25 02:03:24','2018-07-25 02:04:09'),(5,160,'2018-07-25 02:03:24','2018-07-25 02:04:09'),(1,161,'2018-07-25 02:03:34','2018-07-25 02:04:19'),(7,161,'2018-07-25 02:03:34','2018-07-25 02:04:19'),(2,163,'2018-07-25 02:03:36','2018-07-25 02:04:21'),(5,163,'2018-07-25 02:03:36','2018-07-25 02:04:21'),(8,164,'2018-07-25 02:03:39','2018-07-25 02:04:39'),(2,162,'2018-07-25 02:03:44','2018-07-25 02:04:29'),(5,162,'2018-07-25 02:03:44','2018-07-25 02:04:29'),(1,165,'2018-07-25 02:04:06','2018-07-25 02:04:51'),(7,165,'2018-07-25 02:04:06','2018-07-25 02:04:51'),(2,160,'2018-07-25 02:04:09','2018-07-25 02:04:54'),(5,160,'2018-07-25 02:04:09','2018-07-25 02:04:54'),(3,166,'2018-07-25 02:04:13','2018-07-25 02:04:43'),(1,161,'2018-07-25 02:04:19','2018-07-25 02:05:04'),(7,161,'2018-07-25 02:04:19','2018-07-25 02:05:04'),(2,163,'2018-07-25 02:04:21','2018-07-25 02:05:06'),(5,163,'2018-07-25 02:04:21','2018-07-25 02:05:06'),(2,162,'2018-07-25 02:04:29','2018-07-25 02:05:14'),(5,162,'2018-07-25 02:04:29','2018-07-25 02:05:14'),(8,164,'2018-07-25 02:04:39','2018-07-25 02:05:39'),(3,166,'2018-07-25 02:04:43','2018-07-25 02:05:13'),(1,165,'2018-07-25 02:04:51','2018-07-25 02:05:36'),(7,165,'2018-07-25 02:04:51','2018-07-25 02:05:36'),(2,160,'2018-07-25 02:04:54','2018-07-25 02:05:39'),(5,160,'2018-07-25 02:04:54','2018-07-25 02:05:39'),(3,169,'2018-07-25 02:04:56','2018-07-25 02:05:26'),(3,168,'2018-07-25 02:04:57','2018-07-25 02:05:27'),(3,167,'2018-07-25 02:04:58','2018-07-25 02:05:28'),(1,161,'2018-07-25 02:05:04','2018-07-25 02:05:49'),(7,161,'2018-07-25 02:05:04','2018-07-25 02:05:49'),(2,163,'2018-07-25 02:05:06','2018-07-25 02:05:51'),(5,163,'2018-07-25 02:05:06','2018-07-25 02:05:51'),(3,166,'2018-07-25 02:05:13','2018-07-25 02:05:43'),(2,162,'2018-07-25 02:05:14','2018-07-25 02:05:59'),(5,162,'2018-07-25 02:05:14','2018-07-25 02:05:59'),(3,169,'2018-07-25 02:05:26','2018-07-25 02:05:56'),(3,168,'2018-07-25 02:05:27','2018-07-25 02:05:57'),(3,167,'2018-07-25 02:05:28','2018-07-25 02:05:58'),(1,165,'2018-07-25 02:05:36','2018-07-25 02:06:21'),(7,165,'2018-07-25 02:05:36','2018-07-25 02:06:21'),(8,164,'2018-07-25 02:05:39','2018-07-25 02:06:39'),(2,160,'2018-07-25 02:05:39','2018-07-25 02:06:24'),(5,160,'2018-07-25 02:05:39','2018-07-25 02:06:24'),(3,166,'2018-07-25 02:05:43','2018-07-25 02:06:13'),(1,170,'2018-07-25 02:05:45','2018-07-25 02:06:30'),(7,170,'2018-07-25 02:05:45','2018-07-25 02:06:30'),(1,161,'2018-07-25 02:05:49','2018-07-25 02:06:34'),(7,161,'2018-07-25 02:05:49','2018-07-25 02:06:34'),(2,163,'2018-07-25 02:05:51','2018-07-25 02:06:36'),(5,163,'2018-07-25 02:05:51','2018-07-25 02:06:36'),(3,169,'2018-07-25 02:05:56','2018-07-25 02:06:26'),(3,168,'2018-07-25 02:05:57','2018-07-25 02:06:27'),(3,167,'2018-07-25 02:05:58','2018-07-25 02:06:28'),(2,162,'2018-07-25 02:05:59','2018-07-25 02:06:44'),(5,162,'2018-07-25 02:05:59','2018-07-25 02:06:44'),(3,171,'2018-07-25 02:06:02','2018-07-25 02:06:32'),(3,166,'2018-07-25 02:06:13','2018-07-25 02:06:43'),(1,165,'2018-07-25 02:06:21','2018-07-25 02:07:06'),(7,165,'2018-07-25 02:06:21','2018-07-25 02:07:06'),(2,160,'2018-07-25 02:06:24','2018-07-25 02:07:09'),(5,160,'2018-07-25 02:06:24','2018-07-25 02:07:09'),(3,169,'2018-07-25 02:06:26','2018-07-25 02:06:56'),(3,168,'2018-07-25 02:06:27','2018-07-25 02:06:57'),(3,167,'2018-07-25 02:06:28','2018-07-25 02:06:58'),(1,170,'2018-07-25 02:06:30','2018-07-25 02:07:15'),(7,170,'2018-07-25 02:06:30','2018-07-25 02:07:15'),(3,171,'2018-07-25 02:06:32','2018-07-25 02:07:02'),(1,161,'2018-07-25 02:06:34','2018-07-25 02:07:19'),(7,161,'2018-07-25 02:06:34','2018-07-25 02:07:19'),(2,163,'2018-07-25 02:06:36','2018-07-25 02:07:21'),(5,163,'2018-07-25 02:06:36','2018-07-25 02:07:21'),(8,164,'2018-07-25 02:06:39','2018-07-25 02:07:39'),(2,162,'2018-07-25 02:06:44','2018-07-25 02:07:29'),(5,162,'2018-07-25 02:06:44','2018-07-25 02:07:29'),(3,166,'2018-07-25 02:06:43','2018-07-25 02:07:13'),(3,169,'2018-07-25 02:06:56','2018-07-25 02:07:26'),(3,168,'2018-07-25 02:06:57','2018-07-25 02:07:27'),(3,167,'2018-07-25 02:06:58','2018-07-25 02:07:28'),(3,171,'2018-07-25 02:07:02','2018-07-25 02:07:32'),(1,165,'2018-07-25 02:07:06','2018-07-25 02:07:51'),(7,165,'2018-07-25 02:07:06','2018-07-25 02:07:51'),(2,160,'2018-07-25 02:07:09','2018-07-25 02:07:54'),(5,160,'2018-07-25 02:07:09','2018-07-25 02:07:54'),(3,166,'2018-07-25 02:07:13','2018-07-25 02:07:43'),(1,170,'2018-07-25 02:07:15','2018-07-25 02:08:00'),(7,170,'2018-07-25 02:07:15','2018-07-25 02:08:00'),(1,161,'2018-07-25 02:07:19','2018-07-25 02:08:04'),(7,161,'2018-07-25 02:07:19','2018-07-25 02:08:04'),(2,163,'2018-07-25 02:07:21','2018-07-25 02:08:06'),(5,163,'2018-07-25 02:07:21','2018-07-25 02:08:06'),(3,169,'2018-07-25 02:07:26','2018-07-25 02:07:56'),(3,168,'2018-07-25 02:07:27','2018-07-25 02:07:57'),(3,167,'2018-07-25 02:07:28','2018-07-25 02:07:58'),(2,162,'2018-07-25 02:07:29','2018-07-25 02:08:14'),(5,162,'2018-07-25 02:07:29','2018-07-25 02:08:14'),(3,171,'2018-07-25 02:07:32','2018-07-25 02:08:02'),(8,164,'2018-07-25 02:07:39','2018-07-25 02:08:39'),(3,166,'2018-07-25 02:07:43','2018-07-25 02:08:13'),(1,165,'2018-07-25 02:07:51','2018-07-25 02:08:36'),(7,165,'2018-07-25 02:07:51','2018-07-25 02:08:36'),(2,160,'2018-07-25 02:07:54','2018-07-25 02:08:39'),(5,160,'2018-07-25 02:07:54','2018-07-25 02:08:39'),(3,169,'2018-07-25 02:07:56','2018-07-25 02:08:26'),(3,168,'2018-07-25 02:07:57','2018-07-25 02:08:27'),(3,167,'2018-07-25 02:07:58','2018-07-25 02:08:28'),(1,170,'2018-07-25 02:08:00','2018-07-25 02:08:45'),(7,170,'2018-07-25 02:08:00','2018-07-25 02:08:45'),(3,171,'2018-07-25 02:08:02','2018-07-25 02:08:32'),(3,168,'2018-07-25 02:08:57','2018-07-25 02:09:27'),(3,169,'2018-07-25 02:08:56','2018-07-25 02:09:26'),(2,163,'2018-07-25 02:08:06','2018-07-25 02:08:51'),(5,163,'2018-07-25 02:08:06','2018-07-25 02:08:51'),(2,162,'2018-07-25 02:08:14','2018-07-25 02:08:59'),(5,162,'2018-07-25 02:08:14','2018-07-25 02:08:59'),(3,166,'2018-07-25 02:08:13','2018-07-25 02:08:43'),(3,169,'2018-07-25 02:08:26','2018-07-25 02:08:56'),(3,168,'2018-07-25 02:08:27','2018-07-25 02:08:57'),(3,167,'2018-07-25 02:08:28','2018-07-25 02:08:58'),(3,171,'2018-07-25 02:08:32','2018-07-25 02:09:02'),(5,162,'2018-07-25 02:08:59','2018-07-25 02:09:44'),(2,162,'2018-07-25 02:08:59','2018-07-25 02:09:44'),(8,164,'2018-07-25 02:08:39','2018-07-25 02:09:39'),(2,160,'2018-07-25 02:08:39','2018-07-25 02:09:24'),(5,160,'2018-07-25 02:08:39','2018-07-25 02:09:24'),(3,166,'2018-07-25 02:08:43','2018-07-25 02:09:13'),(5,163,'2018-07-25 02:08:51','2018-07-25 02:09:36'),(2,163,'2018-07-25 02:08:51','2018-07-25 02:09:36'),(3,167,'2018-07-25 02:08:58','2018-07-25 02:09:28'),(3,171,'2018-07-25 02:09:02','2018-07-25 02:09:32'),(8,164,'2018-07-25 02:09:39','2018-07-25 02:10:39'),(2,160,'2018-07-25 02:09:24','2018-07-25 02:10:09'),(5,160,'2018-07-25 02:09:24','2018-07-25 02:10:09'),(3,166,'2018-07-25 02:09:13','2018-07-25 02:09:43'),(2,163,'2018-07-25 02:09:36','2018-07-25 02:10:21'),(5,163,'2018-07-25 02:09:36','2018-07-25 02:10:21'),(3,169,'2018-07-25 02:09:26','2018-07-25 02:09:56'),(3,168,'2018-07-25 02:09:27','2018-07-25 02:09:57'),(3,167,'2018-07-25 02:09:28','2018-07-25 02:09:58'),(2,162,'2018-07-25 02:09:44','2018-07-25 02:10:29'),(5,162,'2018-07-25 02:09:44','2018-07-25 02:10:29'),(3,171,'2018-07-25 02:09:32','2018-07-25 02:10:02'),(3,166,'2018-07-25 02:09:43','2018-07-25 02:10:13'),(2,160,'2018-07-25 02:10:09','2018-07-25 02:10:54'),(5,160,'2018-07-25 02:10:09','2018-07-25 02:10:54'),(8,164,'2018-07-25 02:10:39','2018-07-25 02:11:39'),(2,160,'2018-07-25 02:11:39','2018-07-25 02:12:24'),(5,162,'2018-07-25 02:11:14','2018-07-25 02:11:59'),(2,162,'2018-07-25 02:11:14','2018-07-25 02:11:59'),(5,163,'2018-07-25 02:11:06','2018-07-25 02:11:51'),(2,163,'2018-07-25 02:10:21','2018-07-25 02:11:06'),(5,163,'2018-07-25 02:10:21','2018-07-25 02:11:06'),(2,163,'2018-07-25 02:11:06','2018-07-25 02:11:51'),(2,162,'2018-07-25 02:10:29','2018-07-25 02:11:14'),(5,162,'2018-07-25 02:10:29','2018-07-25 02:11:14'),(2,160,'2018-07-25 02:10:54','2018-07-25 02:11:39'),(5,160,'2018-07-25 02:10:54','2018-07-25 02:11:39'),(8,164,'2018-07-25 02:11:39','2018-07-25 02:12:39'),(5,160,'2018-07-25 02:11:39','2018-07-25 02:12:24'),(8,164,'2018-07-25 02:12:39','2018-07-25 02:13:39'),(8,164,'2018-07-25 02:19:39','2018-07-25 02:20:39'),(8,164,'2018-07-25 02:18:39','2018-07-25 02:19:39'),(8,164,'2018-07-25 02:17:39','2018-07-25 02:18:39'),(8,164,'2018-07-25 02:16:39','2018-07-25 02:17:39'),(8,164,'2018-07-25 02:15:39','2018-07-25 02:16:39'),(8,164,'2018-07-25 02:14:39','2018-07-25 02:15:39'),(8,164,'2018-07-25 02:13:39','2018-07-25 02:14:39'),(8,164,'2018-07-25 02:20:39','2018-07-25 02:21:39'),(8,164,'2018-07-25 02:21:39','2018-07-25 02:22:39'),(8,164,'2018-07-25 02:22:39','2018-07-25 02:23:39'),(8,164,'2018-07-25 02:23:39','2018-07-25 02:24:39'),(8,164,'2018-07-25 02:24:39','2018-07-25 02:25:39'),(8,164,'2018-07-25 02:25:39','2018-07-25 02:26:39'),(8,164,'2018-07-25 02:26:39','2018-07-25 02:27:39'),(8,164,'2018-07-25 02:27:39','2018-07-25 02:28:39'),(8,180,'2018-07-25 03:33:53','2018-07-25 03:34:53'),(8,177,'2018-07-25 03:33:54','2018-07-25 03:34:54'),(8,180,'2018-07-25 03:34:53','2018-07-25 03:35:53'),(8,177,'2018-07-25 03:38:11','2018-07-25 03:39:11'),(8,180,'2018-07-25 03:38:09','2018-07-25 03:39:09'),(1,184,'2018-07-25 20:58:51','2018-07-25 20:59:21'),(8,177,'2018-07-25 03:39:11',NULL),(2,184,'2018-07-25 20:58:51','2018-07-25 20:59:21'),(1,185,'2018-07-25 20:58:59','2018-07-25 20:59:29'),(2,185,'2018-07-25 20:58:59','2018-07-25 20:59:29'),(1,186,'2018-07-25 20:59:00','2018-07-25 20:59:30'),(2,186,'2018-07-25 20:59:00','2018-07-25 20:59:30'),(1,187,'2018-07-25 20:59:05','2018-07-25 20:59:35'),(2,187,'2018-07-25 20:59:05','2018-07-25 20:59:35'),(1,188,'2018-07-25 20:59:10','2018-07-25 20:59:40'),(2,188,'2018-07-25 20:59:10','2018-07-25 20:59:40'),(1,184,'2018-07-25 20:59:21','2018-07-25 20:59:51'),(2,184,'2018-07-25 20:59:21','2018-07-25 20:59:51'),(1,185,'2018-07-25 20:59:29','2018-07-25 20:59:59'),(2,185,'2018-07-25 20:59:29','2018-07-25 20:59:59'),(1,186,'2018-07-25 20:59:30','2018-07-25 21:00:00'),(2,186,'2018-07-25 20:59:30','2018-07-25 21:00:00'),(1,187,'2018-07-25 20:59:35','2018-07-25 21:00:05'),(2,187,'2018-07-25 20:59:35','2018-07-25 21:00:05'),(1,188,'2018-07-25 20:59:40','2018-07-25 21:00:10'),(2,188,'2018-07-25 20:59:40','2018-07-25 21:00:10'),(1,184,'2018-07-25 20:59:51','2018-07-25 21:00:21'),(2,184,'2018-07-25 20:59:51','2018-07-25 21:00:21'),(1,185,'2018-07-25 20:59:59','2018-07-25 21:00:29'),(2,185,'2018-07-25 20:59:59','2018-07-25 21:00:29'),(1,186,'2018-07-25 21:00:00','2018-07-25 21:00:30'),(2,186,'2018-07-25 21:00:00','2018-07-25 21:00:30'),(1,187,'2018-07-25 21:00:05','2018-07-25 21:00:35'),(2,187,'2018-07-25 21:00:05','2018-07-25 21:00:35'),(1,188,'2018-07-25 21:00:10','2018-07-25 21:00:40'),(2,188,'2018-07-25 21:00:10','2018-07-25 21:00:40'),(1,184,'2018-07-25 21:00:21','2018-07-25 21:00:51'),(2,184,'2018-07-25 21:00:21','2018-07-25 21:00:51'),(1,185,'2018-07-25 21:00:29','2018-07-25 21:00:59'),(2,185,'2018-07-25 21:00:29','2018-07-25 21:00:59'),(1,186,'2018-07-25 21:00:30','2018-07-25 21:01:00'),(2,186,'2018-07-25 21:00:30','2018-07-25 21:01:00'),(1,187,'2018-07-25 21:00:35','2018-07-25 21:01:05'),(2,187,'2018-07-25 21:00:35','2018-07-25 21:01:05'),(1,188,'2018-07-25 21:00:40','2018-07-25 21:01:10'),(2,188,'2018-07-25 21:00:40','2018-07-25 21:01:10'),(1,184,'2018-07-25 21:00:51','2018-07-25 21:01:21'),(2,184,'2018-07-25 21:00:51','2018-07-25 21:01:21'),(1,185,'2018-07-25 21:00:59','2018-07-25 21:01:29'),(2,185,'2018-07-25 21:00:59','2018-07-25 21:01:29'),(1,186,'2018-07-25 21:01:00','2018-07-25 21:01:30'),(2,186,'2018-07-25 21:01:00','2018-07-25 21:01:30'),(1,187,'2018-07-25 21:01:05','2018-07-25 21:01:35'),(2,187,'2018-07-25 21:01:05','2018-07-25 21:01:35'),(1,188,'2018-07-25 21:01:10','2018-07-25 21:01:40'),(2,188,'2018-07-25 21:01:10','2018-07-25 21:01:40'),(1,184,'2018-07-25 21:01:21','2018-07-25 21:01:51'),(2,184,'2018-07-25 21:01:21','2018-07-25 21:01:51'),(1,185,'2018-07-25 21:01:29','2018-07-25 21:01:59'),(2,185,'2018-07-25 21:01:29','2018-07-25 21:01:59'),(1,186,'2018-07-25 21:01:30','2018-07-25 21:02:00'),(2,186,'2018-07-25 21:01:30','2018-07-25 21:02:00'),(1,187,'2018-07-25 21:01:35','2018-07-25 21:02:05'),(2,187,'2018-07-25 21:01:35','2018-07-25 21:02:05'),(1,188,'2018-07-25 21:01:40','2018-07-25 21:02:10'),(2,188,'2018-07-25 21:01:40','2018-07-25 21:02:10'),(1,184,'2018-07-25 21:01:51','2018-07-25 21:02:21'),(2,184,'2018-07-25 21:01:51','2018-07-25 21:02:21'),(1,185,'2018-07-25 21:01:59','2018-07-25 21:02:29'),(2,185,'2018-07-25 21:01:59','2018-07-25 21:02:29'),(1,186,'2018-07-25 21:02:00','2018-07-25 21:02:30'),(2,186,'2018-07-25 21:02:00','2018-07-25 21:02:30'),(1,187,'2018-07-25 21:02:05','2018-07-25 21:02:35'),(2,187,'2018-07-25 21:02:05','2018-07-25 21:02:35'),(1,188,'2018-07-25 21:02:10','2018-07-25 21:02:40'),(2,188,'2018-07-25 21:02:10','2018-07-25 21:02:40'),(1,184,'2018-07-25 21:02:21',NULL),(2,184,'2018-07-25 21:02:21',NULL),(1,185,'2018-07-25 21:02:29',NULL),(2,185,'2018-07-25 21:02:29',NULL),(1,186,'2018-07-25 21:02:30',NULL),(2,186,'2018-07-25 21:02:30',NULL),(1,187,'2018-07-25 21:02:35',NULL),(2,187,'2018-07-25 21:02:35',NULL),(1,188,'2018-07-25 21:02:40',NULL),(2,188,'2018-07-25 21:02:40',NULL),(3,189,'2018-07-25 21:02:56','2018-07-25 21:03:26'),(3,190,'2018-07-25 21:03:01','2018-07-25 21:03:31'),(3,191,'2018-07-25 21:03:05','2018-07-25 21:03:35'),(3,192,'2018-07-25 21:03:10','2018-07-25 21:03:40'),(3,189,'2018-07-25 21:03:26','2018-07-25 21:03:56'),(3,190,'2018-07-25 21:03:31','2018-07-25 21:04:01'),(3,191,'2018-07-25 21:03:35','2018-07-25 21:04:05'),(3,192,'2018-07-25 21:03:40','2018-07-25 21:04:10'),(3,189,'2018-07-25 21:03:56','2018-07-25 21:04:26'),(3,190,'2018-07-25 21:04:01','2018-07-25 21:04:31'),(3,191,'2018-07-25 21:04:05',NULL),(3,192,'2018-07-25 21:04:10',NULL),(3,189,'2018-07-25 21:04:26',NULL),(3,190,'2018-07-25 21:04:31',NULL),(3,201,'2018-07-25 21:08:43','2018-07-25 21:09:13'),(3,200,'2018-07-25 21:08:42','2018-07-25 21:09:12'),(3,202,'2018-07-25 21:08:41','2018-07-25 21:09:11'),(3,204,'2018-07-25 21:08:40','2018-07-25 21:09:10'),(3,203,'2018-07-25 21:08:44','2018-07-25 21:09:14'),(3,204,'2018-07-25 21:09:10','2018-07-25 21:09:40'),(3,202,'2018-07-25 21:09:11','2018-07-25 21:09:41'),(3,200,'2018-07-25 21:09:12','2018-07-25 21:09:42'),(3,201,'2018-07-25 21:09:13','2018-07-25 21:09:43'),(3,203,'2018-07-25 21:09:14','2018-07-25 21:09:44'),(3,204,'2018-07-25 21:09:40',NULL),(3,202,'2018-07-25 21:09:41',NULL),(3,200,'2018-07-25 21:09:42',NULL),(3,201,'2018-07-25 21:09:43',NULL),(3,203,'2018-07-25 21:09:44',NULL),(2,205,'2018-07-25 21:11:41','2018-07-25 21:12:26'),(5,205,'2018-07-25 21:11:41','2018-07-25 21:12:26'),(2,205,'2018-07-25 21:12:26','2018-07-25 21:13:11'),(5,205,'2018-07-25 21:12:26','2018-07-25 21:13:11'),(2,205,'2018-07-25 21:13:11','2018-07-25 21:13:56'),(5,205,'2018-07-25 21:13:11','2018-07-25 21:13:56'),(2,205,'2018-07-25 21:13:56','2018-07-25 21:14:41'),(5,205,'2018-07-25 21:13:56','2018-07-25 21:14:41'),(2,205,'2018-07-25 21:14:41','2018-07-25 21:15:26'),(5,205,'2018-07-25 21:14:41','2018-07-25 21:15:26'),(2,205,'2018-07-25 21:15:26','2018-07-25 21:16:11'),(5,205,'2018-07-25 21:15:26','2018-07-25 21:16:11'),(2,205,'2018-07-25 21:16:11','2018-07-25 21:16:56'),(5,205,'2018-07-25 21:16:11','2018-07-25 21:16:56'),(2,205,'2018-07-25 21:16:56','2018-07-25 21:17:41'),(5,205,'2018-07-25 21:16:56','2018-07-25 21:17:41'),(2,205,'2018-07-25 21:17:41','2018-07-25 21:18:26'),(5,205,'2018-07-25 21:17:41','2018-07-25 21:18:26'),(2,205,'2018-07-25 21:18:26','2018-07-25 21:19:11'),(5,205,'2018-07-25 21:18:26','2018-07-25 21:19:11'),(2,205,'2018-07-25 21:19:11','2018-07-25 21:19:56'),(5,205,'2018-07-25 21:19:11','2018-07-25 21:19:56'),(2,205,'2018-07-25 21:19:56','2018-07-25 21:20:41'),(5,205,'2018-07-25 21:19:56','2018-07-25 21:20:41'),(2,205,'2018-07-25 21:20:41','2018-07-25 21:21:26'),(5,205,'2018-07-25 21:20:41','2018-07-25 21:21:26'),(2,205,'2018-07-25 21:21:26','2018-07-25 21:22:11'),(5,205,'2018-07-25 21:21:26','2018-07-25 21:22:11'),(2,205,'2018-07-25 21:22:11','2018-07-25 21:22:56'),(5,205,'2018-07-25 21:22:11','2018-07-25 21:22:56'),(2,205,'2018-07-25 21:22:56','2018-07-25 21:23:41'),(5,205,'2018-07-25 21:22:56','2018-07-25 21:23:41'),(2,205,'2018-07-25 21:23:41','2018-07-25 21:24:26'),(5,205,'2018-07-25 21:23:41','2018-07-25 21:24:26'),(2,205,'2018-07-25 21:24:26','2018-07-25 21:25:11'),(5,205,'2018-07-25 21:24:26','2018-07-25 21:25:11'),(2,205,'2018-07-25 21:25:11','2018-07-25 21:25:56'),(5,205,'2018-07-25 21:25:11','2018-07-25 21:25:56'),(2,205,'2018-07-25 21:25:56','2018-07-25 21:26:41'),(5,205,'2018-07-25 21:25:56','2018-07-25 21:26:41'),(2,205,'2018-07-25 21:26:41','2018-07-25 21:27:26'),(5,205,'2018-07-25 21:26:41','2018-07-25 21:27:26'),(2,205,'2018-07-25 21:27:26','2018-07-25 21:28:11'),(5,205,'2018-07-25 21:27:26','2018-07-25 21:28:11'),(2,205,'2018-07-25 21:28:11','2018-07-25 21:28:56'),(5,205,'2018-07-25 21:28:11','2018-07-25 21:28:56'),(2,205,'2018-07-25 21:28:56','2018-07-25 21:29:41'),(5,205,'2018-07-25 21:28:56','2018-07-25 21:29:41'),(5,205,'2018-07-25 21:31:26','2018-07-25 21:32:11'),(2,205,'2018-07-25 21:31:26','2018-07-25 21:32:11');
/*!40000 ALTER TABLE `item_robot` ENABLE KEYS */;
UNLOCK TABLES;

--
-- Table structure for table `planet`
--

DROP TABLE IF EXISTS `planet`;
/*!40101 SET @saved_cs_client     = @@character_set_client */;
/*!40101 SET character_set_client = utf8 */;
CREATE TABLE `planet` (
  `planet_id` int(11) NOT NULL AUTO_INCREMENT,
  `planet_name` varchar(255) NOT NULL,
  `planet_image` varchar(255) NOT NULL,
  `difficulty_level` int(11) NOT NULL,
  `initial_energy` int(11) NOT NULL,
  PRIMARY KEY (`planet_id`)
) ENGINE=MyISAM AUTO_INCREMENT=8 DEFAULT CHARSET=latin1;
/*!40101 SET character_set_client = @saved_cs_client */;

--
-- Dumping data for table `planet`
--

LOCK TABLES `planet` WRITE;
/*!40000 ALTER TABLE `planet` DISABLE KEYS */;
INSERT INTO `planet` VALUES (1,'Dagobah','dagobah.jpg',1,100),(2,'Tatooine','tatooine.jpg',2,240),(3,'Hoth','hoth.jpg',3,100),(4,'Mustafar','mustafar.jpg',4,300),(5,'Jakku','jakku.jpg',5,125),(6,'Vulcan','vulcan.jpg',6,220),(7,'Andoria','andoria.jpg',7,200);
/*!40000 ALTER TABLE `planet` ENABLE KEYS */;
UNLOCK TABLES;

--
-- Table structure for table `planet_item_goal`
--

DROP TABLE IF EXISTS `planet_item_goal`;
/*!40101 SET @saved_cs_client     = @@character_set_client */;
/*!40101 SET character_set_client = utf8 */;
CREATE TABLE `planet_item_goal` (
  `planet_id` int(11) NOT NULL,
  `item_id` int(11) NOT NULL,
  `required_qty` int(11) NOT NULL,
  PRIMARY KEY (`planet_id`,`item_id`)
) ENGINE=MyISAM DEFAULT CHARSET=latin1;
/*!40101 SET character_set_client = @saved_cs_client */;

--
-- Dumping data for table `planet_item_goal`
--

LOCK TABLES `planet_item_goal` WRITE;
/*!40000 ALTER TABLE `planet_item_goal` DISABLE KEYS */;
INSERT INTO `planet_item_goal` VALUES (2,3,100),(1,2,100),(4,3,100),(4,2,100),(3,3,100),(5,3,50),(5,8,25),(6,8,60),(6,2,40),(6,3,100),(7,2,60),(7,3,120);
/*!40000 ALTER TABLE `planet_item_goal` ENABLE KEYS */;
UNLOCK TABLES;

--
-- Table structure for table `planet_item_init_resource`
--

DROP TABLE IF EXISTS `planet_item_init_resource`;
/*!40101 SET @saved_cs_client     = @@character_set_client */;
/*!40101 SET character_set_client = utf8 */;
CREATE TABLE `planet_item_init_resource` (
  `planet_id` int(11) NOT NULL,
  `item_id` int(11) NOT NULL,
  `available_qty` int(11) NOT NULL,
  PRIMARY KEY (`planet_id`,`item_id`)
) ENGINE=MyISAM DEFAULT CHARSET=latin1;
/*!40101 SET character_set_client = @saved_cs_client */;

--
-- Dumping data for table `planet_item_init_resource`
--

LOCK TABLES `planet_item_init_resource` WRITE;
/*!40000 ALTER TABLE `planet_item_init_resource` DISABLE KEYS */;
INSERT INTO `planet_item_init_resource` VALUES (2,1,200),(2,2,100),(1,3,100),(4,1,200),(4,4,100),(3,2,100),(3,6,50),(5,6,25),(5,4,50),(6,5,90),(6,7,60),(6,9,100),(6,1,200),(7,6,60),(7,9,60);
/*!40000 ALTER TABLE `planet_item_init_resource` ENABLE KEYS */;
UNLOCK TABLES;

--
-- Table structure for table `planet_user`
--

DROP TABLE IF EXISTS `planet_user`;
/*!40101 SET @saved_cs_client     = @@character_set_client */;
/*!40101 SET character_set_client = utf8 */;
CREATE TABLE `planet_user` (
  `planet_user_id` int(11) NOT NULL AUTO_INCREMENT,
  `planet_id` int(11) NOT NULL,
  `user_id` int(11) NOT NULL,
  `energy` int(11) NOT NULL,
  `completed` tinyint(1) NOT NULL,
  PRIMARY KEY (`planet_user_id`),
  UNIQUE KEY `planet_id` (`planet_id`,`user_id`)
) ENGINE=MyISAM AUTO_INCREMENT=31 DEFAULT CHARSET=latin1;
/*!40101 SET character_set_client = @saved_cs_client */;

--
-- Dumping data for table `planet_user`
--

LOCK TABLES `planet_user` WRITE;
/*!40000 ALTER TABLE `planet_user` DISABLE KEYS */;
INSERT INTO `planet_user` VALUES (1,1,1,100,1),(2,2,1,0,1),(3,3,1,80,1),(4,1,2,54,0),(5,1,3,60,1),(6,2,3,0,1),(7,3,3,80,0),(8,1,4,109,1),(9,2,4,240,0),(10,4,1,300,0),(11,1,5,28,1),(12,1,6,40,1),(13,2,5,0,1),(14,2,6,0,1),(15,3,5,45,1),(16,3,6,105,1),(17,4,5,1660,1),(18,4,6,1660,1),(19,5,6,0,1),(20,5,5,1,0),(21,1,7,40,1),(22,2,7,0,1),(23,3,7,0,1),(24,4,7,1680,1),(25,5,7,-25,1),(26,1,8,35,1),(27,2,8,180,1),(28,3,8,330,1),(29,4,8,700,0),(30,1,9,100,0);
/*!40000 ALTER TABLE `planet_user` ENABLE KEYS */;
UNLOCK TABLES;

--
-- Table structure for table `planet_user_item`
--

DROP TABLE IF EXISTS `planet_user_item`;
/*!40101 SET @saved_cs_client     = @@character_set_client */;
/*!40101 SET character_set_client = utf8 */;
CREATE TABLE `planet_user_item` (
  `planet_user_id` int(11) NOT NULL,
  `item_id` int(11) NOT NULL,
  `owned_qty` int(11) NOT NULL,
  KEY `planet_user_id` (`planet_user_id`)
) ENGINE=MyISAM DEFAULT CHARSET=latin1;
/*!40101 SET character_set_client = @saved_cs_client */;

--
-- Dumping data for table `planet_user_item`
--

LOCK TABLES `planet_user_item` WRITE;
/*!40000 ALTER TABLE `planet_user_item` DISABLE KEYS */;
INSERT INTO `planet_user_item` VALUES (1,3,100),(1,1,2),(1,2,1),(1,3,-1),(1,1,2),(1,2,1),(1,3,-1),(1,1,2),(1,2,1),(1,3,-1),(1,1,2),(1,2,1),(1,3,-1),(1,1,2),(1,2,1),(1,3,-1),(1,1,2),(1,2,1),(1,3,-1),(1,1,2),(1,2,1),(1,3,-1),(1,1,2),(1,2,1),(1,3,-1),(1,1,2),(1,2,1),(1,3,-1),(1,1,2),(1,2,1),(1,3,-1),(1,1,2),(1,2,1),(1,3,-1),(1,1,2),(1,2,1),(1,3,-1),(1,1,2),(1,2,1),(1,3,-1),(1,1,2),(1,2,1),(1,3,-1),(1,1,2),(1,2,1),(1,3,-1),(1,1,2),(1,2,1),(1,3,-1),(1,1,2),(1,2,1),(1,3,-1),(1,1,2),(1,2,1),(1,3,-1),(1,1,2),(1,2,1),(1,3,-1),(1,1,2),(1,2,1),(1,3,-1),(1,1,2),(1,2,1),(1,3,-1),(1,1,2),(1,2,1),(1,3,-1),(1,1,2),(1,2,1),(1,3,-1),(1,1,2),(1,2,1),(1,3,-1),(1,1,2),(1,2,1),(1,3,-1),(1,1,2),(1,2,1),(1,3,-1),(1,1,2),(1,2,1),(1,3,-1),(1,1,2),(1,2,1),(1,3,-1),(1,1,2),(1,2,1),(1,3,-1),(1,1,2),(1,2,1),(1,3,-1),(1,1,2),(1,2,1),(1,3,-1),(1,1,2),(1,2,1),(1,3,-1),(1,1,2),(1,2,1),(1,3,-1),(1,1,2),(1,2,1),(1,3,-1),(1,1,2),(1,2,1),(1,3,-1),(1,1,2),(1,2,1),(1,3,-1),(1,1,2),(1,2,1),(1,3,-1),(1,1,2),(1,2,1),(1,3,-1),(1,1,2),(1,2,1),(1,3,-1),(1,1,2),(1,2,1),(1,3,-1),(1,1,2),(1,2,1),(1,3,-1),(1,1,2),(1,2,1),(1,3,-1),(1,1,2),(1,2,1),(1,3,-1),(1,1,2),(1,2,1),(1,3,-1),(1,1,2),(1,2,1),(1,3,-1),(1,1,2),(1,2,1),(1,3,-1),(1,1,2),(1,2,1),(1,3,-1),(1,1,2),(1,2,1),(1,3,-1),(1,1,2),(1,2,1),(1,3,-1),(1,1,2),(1,2,1),(1,3,-1),(1,1,2),(1,2,1),(1,3,-1),(1,1,2),(1,2,1),(1,3,-1),(1,1,2),(1,2,1),(1,3,-1),(1,1,2),(1,2,1),(1,3,-1),(1,1,2),(1,2,1),(1,3,-1),(1,1,2),(1,2,1),(1,3,-1),(1,1,2),(1,2,1),(1,3,-1),(1,1,2),(1,2,1),(1,3,-1),(1,1,2),(1,2,1),(1,3,-1),(1,1,2),(1,2,1),(1,3,-1),(1,1,2),(1,2,1),(1,3,-1),(1,1,2),(1,2,1),(1,3,-1),(1,1,2),(1,2,1),(1,3,-1),(1,1,2),(1,2,1),(1,3,-1),(1,1,2),(1,2,1),(1,3,-1),(1,1,2),(1,2,1),(1,3,-1),(1,1,2),(1,2,1),(1,3,-1),(1,1,2),(1,2,1),(1,3,-1),(1,1,2),(1,2,1),(1,3,-1),(1,1,2),(1,2,1),(1,3,-1),(1,1,2),(1,2,1),(1,3,-1),(1,1,2),(1,2,1),(1,3,-1),(1,1,2),(1,2,1),(1,3,-1),(1,1,2),(1,2,1),(1,3,-1),(1,1,2),(1,2,1),(1,3,-1),(1,1,2),(1,2,1),(1,3,-1),(1,1,2),(1,2,1),(1,3,-1),(1,1,2),(1,2,1),(1,3,-1),(1,1,2),(1,2,1),(1,3,-1),(1,1,2),(1,2,1),(1,3,-1),(1,1,2),(1,2,1),(1,3,-1),(1,1,2),(1,2,1),(1,3,-1),(1,1,2),(1,2,1),(1,3,-1),(1,1,2),(1,2,1),(1,3,-1),(1,1,2),(1,2,1),(1,3,-1),(1,1,2),(1,2,1),(1,3,-1),(1,1,2),(1,2,1),(1,3,-1),(1,1,2),(1,2,1),(1,3,-1),(1,1,2),(1,2,1),(1,3,-1),(1,1,2),(1,2,1),(1,3,-1),(1,1,2),(1,2,1),(1,3,-1),(1,1,2),(1,2,1),(1,3,-1),(1,1,2),(1,2,1),(1,3,-1),(1,1,2),(1,2,1),(1,3,-1),(1,1,2),(1,2,1),(1,3,-1),(1,1,2),(1,2,1),(1,3,-1),(1,1,2),(1,2,1),(1,3,-1),(1,1,2),(1,2,1),(1,3,-1),(1,1,2),(1,2,1),(1,3,-1),(1,1,2),(1,2,1),(1,3,-1),(2,1,200),(2,2,100),(2,3,1),(2,1,-2),(2,2,-1),(2,3,1),(2,1,-2),(2,2,-1),(2,3,1),(2,1,-2),(2,2,-1),(2,3,1),(2,1,-2),(2,2,-1),(2,3,1),(2,1,-2),(2,2,-1),(2,3,1),(2,1,-2),(2,2,-1),(2,3,1),(2,1,-2),(2,2,-1),(2,3,1),(2,1,-2),(2,2,-1),(2,3,1),(2,1,-2),(2,2,-1),(2,3,1),(2,1,-2),(2,2,-1),(2,3,1),(2,1,-2),(2,2,-1),(2,3,1),(2,1,-2),(2,2,-1),(2,3,1),(2,1,-2),(2,2,-1),(2,3,1),(2,1,-2),(2,2,-1),(2,3,1),(2,1,-2),(2,2,-1),(2,3,1),(2,1,-2),(2,2,-1),(2,3,1),(2,1,-2),(2,2,-1),(2,3,1),(2,1,-2),(2,2,-1),(2,3,1),(2,1,-2),(2,2,-1),(2,3,1),(2,1,-2),(2,2,-1),(2,3,1),(2,1,-2),(2,2,-1),(2,3,1),(2,1,-2),(2,2,-1),(2,3,1),(2,1,-2),(2,2,-1),(2,3,1),(2,1,-2),(2,2,-1),(2,3,1),(2,1,-2),(2,2,-1),(2,3,1),(2,1,-2),(2,2,-1),(2,3,1),(2,1,-2),(2,2,-1),(2,3,1),(2,1,-2),(2,2,-1),(2,3,1),(2,1,-2),(2,2,-1),(2,3,1),(2,1,-2),(2,2,-1),(2,3,1),(2,1,-2),(2,2,-1),(2,3,1),(2,1,-2),(2,2,-1),(2,3,1),(2,1,-2),(2,2,-1),(2,3,1),(2,1,-2),(2,2,-1),(2,3,1),(2,1,-2),(2,2,-1),(2,3,1),(2,1,-2),(2,2,-1),(2,3,1),(2,1,-2),(2,2,-1),(2,3,1),(2,1,-2),(2,2,-1),(2,3,1),(2,1,-2),(2,2,-1),(2,3,1),(2,1,-2),(2,2,-1),(2,3,1),(2,1,-2),(2,2,-1),(2,3,1),(2,1,-2),(2,2,-1),(2,3,1),(2,1,-2),(2,2,-1),(2,3,1),(2,1,-2),(2,2,-1),(2,3,1),(2,1,-2),(2,2,-1),(2,3,1),(2,1,-2),(2,2,-1),(2,3,1),(2,1,-2),(2,2,-1),(2,3,1),(2,1,-2),(2,2,-1),(2,3,1),(2,1,-2),(2,2,-1),(2,3,1),(2,1,-2),(2,2,-1),(2,3,1),(2,1,-2),(2,2,-1),(2,3,1),(2,1,-2),(2,2,-1),(2,3,1),(2,1,-2),(2,2,-1),(2,3,1),(2,1,-2),(2,2,-1),(2,3,1),(2,1,-2),(2,2,-1),(2,3,1),(2,1,-2),(2,2,-1),(2,3,1),(2,1,-2),(2,2,-1),(2,3,1),(2,1,-2),(2,2,-1),(2,3,1),(2,1,-2),(2,2,-1),(2,3,1),(2,1,-2),(2,2,-1),(2,3,1),(2,1,-2),(2,2,-1),(2,3,1),(2,1,-2),(2,2,-1),(2,3,1),(2,1,-2),(2,2,-1),(2,3,1),(2,1,-2),(2,2,-1),(2,3,1),(2,1,-2),(2,2,-1),(2,3,1),(2,1,-2),(2,2,-1),(2,3,1),(2,1,-2),(2,2,-1),(2,3,1),(2,1,-2),(2,2,-1),(2,3,1),(2,1,-2),(2,2,-1),(2,3,1),(2,1,-2),(2,2,-1),(2,3,1),(2,1,-2),(2,2,-1),(2,3,1),(2,1,-2),(2,2,-1),(2,3,1),(2,1,-2),(2,2,-1),(2,3,1),(2,1,-2),(2,2,-1),(2,3,1),(2,1,-2),(2,2,-1),(2,3,1),(2,1,-2),(2,2,-1),(2,3,1),(2,1,-2),(2,2,-1),(2,3,1),(2,1,-2),(2,2,-1),(2,3,1),(2,1,-2),(2,2,-1),(2,3,1),(2,1,-2),(2,2,-1),(2,3,1),(2,1,-2),(2,2,-1),(2,3,1),(2,1,-2),(2,2,-1),(2,3,1),(2,1,-2),(2,2,-1),(2,3,1),(2,1,-2),(2,2,-1),(2,3,1),(2,1,-2),(2,2,-1),(2,3,1),(2,1,-2),(2,2,-1),(2,3,1),(2,1,-2),(2,2,-1),(2,3,1),(2,1,-2),(2,2,-1),(2,3,1),(2,1,-2),(2,2,-1),(2,3,1),(2,1,-2),(2,2,-1),(2,3,1),(2,1,-2),(2,2,-1),(2,3,1),(2,1,-2),(2,2,-1),(2,3,1),(2,1,-2),(2,2,-1),(2,3,1),(2,1,-2),(2,2,-1),(2,3,1),(2,1,-2),(2,2,-1),(2,3,1),(2,1,-2),(2,2,-1),(2,3,1),(2,1,-2),(2,2,-1),(2,3,1),(2,1,-2),(2,2,-1),(2,3,1),(2,1,-2),(2,2,-1),(2,3,1),(2,1,-2),(2,2,-1),(3,2,100),(3,6,50),(3,1,4),(3,7,1),(3,6,-1),(3,1,4),(3,7,1),(3,6,-1),(3,1,4),(3,7,1),(3,6,-1),(3,1,4),(3,7,1),(3,6,-1),(3,1,4),(3,7,1),(3,6,-1),(3,1,4),(3,7,1),(3,6,-1),(3,1,4),(3,7,1),(3,6,-1),(3,1,4),(3,7,1),(3,6,-1),(3,1,4),(3,7,1),(3,6,-1),(3,1,4),(3,7,1),(3,6,-1),(3,1,4),(3,7,1),(3,6,-1),(3,3,1),(3,1,-2),(3,2,-1),(3,3,1),(3,1,-2),(3,2,-1),(3,1,4),(3,7,1),(3,6,-1),(3,1,4),(3,7,1),(3,6,-1),(3,3,1),(3,1,-2),(3,2,-1),(3,3,1),(3,1,-2),(3,2,-1),(3,1,4),(3,7,1),(3,6,-1),(3,1,4),(3,7,1),(3,6,-1),(3,3,1),(3,1,-2),(3,2,-1),(3,3,1),(3,1,-2),(3,2,-1),(3,3,1),(3,1,-2),(3,2,-1),(3,3,1),(3,1,-2),(3,2,-1),(3,1,4),(3,7,1),(3,6,-1),(3,1,4),(3,7,1),(3,6,-1),(3,3,1),(3,1,-2),(3,2,-1),(3,3,1),(3,1,-2),(3,2,-1),(3,1,4),(3,7,1),(3,6,-1),(3,1,4),(3,7,1),(3,6,-1),(3,3,1),(3,1,-2),(3,2,-1),(3,3,1),(3,1,-2),(3,2,-1),(3,1,4),(3,7,1),(3,6,-1),(3,1,4),(3,7,1),(3,6,-1),(3,3,1),(3,1,-2),(3,2,-1),(3,3,1),(3,1,-2),(3,2,-1),(3,3,1),(3,1,-2),(3,2,-1),(3,3,1),(3,1,-2),(3,2,-1),(3,1,4),(3,7,1),(3,6,-1),(3,1,4),(3,7,1),(3,6,-1),(3,3,1),(3,1,-2),(3,2,-1),(3,3,1),(3,1,-2),(3,2,-1),(3,1,4),(3,7,1),(3,6,-1),(3,1,4),(3,7,1),(3,6,-1),(3,3,1),(3,1,-2),(3,2,-1),(3,3,1),(3,1,-2),(3,2,-1),(3,1,4),(3,7,1),(3,6,-1),(3,1,4),(3,7,1),(3,6,-1),(3,3,1),(3,1,-2),(3,2,-1),(3,3,1),(3,1,-2),(3,2,-1),(3,3,1),(3,1,-2),(3,2,-1),(3,3,1),(3,1,-2),(3,2,-1),(4,3,100),(4,1,2),(4,2,1),(4,3,-1),(4,1,2),(4,2,1),(4,3,-1),(4,1,2),(4,2,1),(4,3,-1),(4,1,2),(4,2,1),(4,3,-1),(4,1,2),(4,2,1),(4,3,-1),(4,1,2),(4,2,1),(4,3,-1),(4,1,2),(4,2,1),(4,3,-1),(4,1,2),(4,2,1),(4,3,-1),(4,1,2),(4,2,1),(4,3,-1),(4,1,2),(4,2,1),(4,3,-1),(4,1,2),(4,2,1),(4,3,-1),(4,1,2),(4,2,1),(4,3,-1),(4,1,2),(4,2,1),(4,3,-1),(4,1,2),(4,2,1),(4,3,-1),(4,1,2),(4,2,1),(4,3,-1),(4,1,2),(4,2,1),(4,3,-1),(4,3,1),(4,1,-2),(4,2,-1),(4,1,2),(4,2,1),(4,3,-1),(4,3,1),(4,1,-2),(4,2,-1),(4,1,2),(4,2,1),(4,3,-1),(4,3,1),(4,1,-2),(4,2,-1),(4,1,2),(4,2,1),(4,3,-1),(4,1,2),(4,2,1),(4,3,-1),(4,1,2),(4,2,1),(4,3,-1),(4,1,2),(4,2,1),(4,3,-1),(4,1,2),(4,2,1),(4,3,-1),(4,1,2),(4,2,1),(4,3,-1),(4,1,2),(4,2,1),(4,3,-1),(4,1,2),(4,2,1),(4,3,-1),(4,1,2),(4,2,1),(4,3,-1),(4,1,2),(4,2,1),(4,3,-1),(4,1,2),(4,2,1),(4,3,-1),(4,1,2),(4,2,1),(4,3,-1),(4,1,2),(4,2,1),(4,3,-1),(4,1,2),(4,2,1),(4,3,-1),(4,1,2),(4,2,1),(4,3,-1),(4,3,1),(4,1,-2),(4,2,-1),(4,1,2),(4,2,1),(4,3,-1),(4,1,2),(4,2,1),(4,3,-1),(4,1,2),(4,2,1),(4,3,-1),(4,1,2),(4,2,1),(4,3,-1),(4,1,2),(4,2,1),(4,3,-1),(4,3,1),(4,1,-2),(4,2,-1),(4,1,2),(4,2,1),(4,3,-1),(4,1,2),(4,2,1),(4,3,-1),(4,1,2),(4,2,1),(4,3,-1),(4,1,2),(4,2,1),(4,3,-1),(4,1,2),(4,2,1),(4,3,-1),(4,3,1),(4,1,-2),(4,2,-1),(4,1,2),(4,2,1),(4,3,-1),(4,1,2),(4,2,1),(4,3,-1),(4,1,2),(4,2,1),(4,3,-1),(4,1,2),(4,2,1),(4,3,-1),(4,1,2),(4,2,1),(4,3,-1),(4,3,1),(4,1,-2),(4,2,-1),(4,1,2),(4,2,1),(4,3,-1),(4,1,2),(4,2,1),(4,3,-1),(4,1,2),(4,2,1),(4,3,-1),(4,1,2),(4,2,1),(4,3,-1),(4,1,2),(4,2,1),(4,3,-1),(4,1,2),(4,2,1),(4,3,-1),(4,1,2),(4,2,1),(4,3,-1),(4,1,2),(4,2,1),(4,3,-1),(4,1,2),(4,2,1),(4,3,-1),(4,1,2),(4,2,1),(4,3,-1),(4,1,2),(4,2,1),(4,3,-1),(4,1,2),(4,2,1),(4,3,-1),(4,1,2),(4,2,1),(4,3,-1),(4,1,2),(4,2,1),(4,3,-1),(4,1,2),(4,2,1),(4,3,-1),(4,1,2),(4,2,1),(4,3,-1),(4,1,2),(4,2,1),(4,3,-1),(4,1,2),(4,2,1),(4,3,-1),(4,1,2),(4,2,1),(4,3,-1),(4,1,2),(4,2,1),(4,3,-1),(4,1,2),(4,2,1),(4,3,-1),(4,1,2),(4,2,1),(4,3,-1),(4,1,2),(4,2,1),(4,3,-1),(4,1,2),(4,2,1),(4,3,-1),(4,1,2),(4,2,1),(4,3,-1),(4,1,2),(4,2,1),(4,3,-1),(4,1,2),(4,2,1),(4,3,-1),(4,1,2),(4,2,1),(4,3,-1),(4,1,2),(4,2,1),(4,3,-1),(4,1,2),(4,2,1),(4,3,-1),(5,3,100),(5,1,2),(5,2,1),(5,3,-1),(5,1,2),(5,2,1),(5,3,-1),(5,1,2),(5,2,1),(5,3,-1),(5,1,2),(5,2,1),(5,3,-1),(5,1,2),(5,2,1),(5,3,-1),(5,1,2),(5,2,1),(5,3,-1),(5,1,2),(5,2,1),(5,3,-1),(5,1,2),(5,2,1),(5,3,-1),(5,1,2),(5,2,1),(5,3,-1),(5,1,2),(5,2,1),(5,3,-1),(5,1,2),(5,2,1),(5,3,-1),(5,1,2),(5,2,1),(5,3,-1),(5,1,2),(5,2,1),(5,3,-1),(5,1,2),(5,2,1),(5,3,-1),(5,1,2),(5,2,1),(5,3,-1),(5,1,2),(5,2,1),(5,3,-1),(5,1,2),(5,2,1),(5,3,-1),(5,1,2),(5,2,1),(5,3,-1),(5,1,2),(5,2,1),(5,3,-1),(5,1,2),(5,2,1),(5,3,-1),(5,1,2),(5,2,1),(5,3,-1),(5,1,2),(5,2,1),(5,3,-1),(5,1,2),(5,2,1),(5,3,-1),(5,1,2),(5,2,1),(5,3,-1),(5,1,2),(5,2,1),(5,3,-1),(5,1,2),(5,2,1),(5,3,-1),(5,1,2),(5,2,1),(5,3,-1),(5,1,2),(5,2,1),(5,3,-1),(5,1,2),(5,2,1),(5,3,-1),(5,1,2),(5,2,1),(5,3,-1),(5,1,2),(5,2,1),(5,3,-1),(5,1,2),(5,2,1),(5,3,-1),(5,1,2),(5,2,1),(5,3,-1),(5,1,2),(5,2,1),(5,3,-1),(5,1,2),(5,2,1),(5,3,-1),(5,1,2),(5,2,1),(5,3,-1),(5,1,2),(5,2,1),(5,3,-1),(5,1,2),(5,2,1),(5,3,-1),(5,1,2),(5,2,1),(5,3,-1),(5,1,2),(5,2,1),(5,3,-1),(5,1,2),(5,2,1),(5,3,-1),(5,1,2),(5,2,1),(5,3,-1),(5,1,2),(5,2,1),(5,3,-1),(5,1,2),(5,2,1),(5,3,-1),(5,1,2),(5,2,1),(5,3,-1),(5,1,2),(5,2,1),(5,3,-1),(5,1,2),(5,2,1),(5,3,-1),(5,1,2),(5,2,1),(5,3,-1),(5,1,2),(5,2,1),(5,3,-1),(5,1,2),(5,2,1),(5,3,-1),(5,1,2),(5,2,1),(5,3,-1),(5,1,2),(5,2,1),(5,3,-1),(5,1,2),(5,2,1),(5,3,-1),(5,1,2),(5,2,1),(5,3,-1),(5,1,2),(5,2,1),(5,3,-1),(5,1,2),(5,2,1),(5,3,-1),(5,1,2),(5,2,1),(5,3,-1),(5,1,2),(5,2,1),(5,3,-1),(5,1,2),(5,2,1),(5,3,-1),(5,1,2),(5,2,1),(5,3,-1),(5,1,2),(5,2,1),(5,3,-1),(5,1,2),(5,2,1),(5,3,-1),(5,1,2),(5,2,1),(5,3,-1),(5,1,2),(5,2,1),(5,3,-1),(5,1,2),(5,2,1),(5,3,-1),(5,1,2),(5,2,1),(5,3,-1),(5,1,2),(5,2,1),(5,3,-1),(5,1,2),(5,2,1),(5,3,-1),(5,1,2),(5,2,1),(5,3,-1),(5,1,2),(5,2,1),(5,3,-1),(5,1,2),(5,2,1),(5,3,-1),(5,1,2),(5,2,1),(5,3,-1),(5,1,2),(5,2,1),(5,3,-1),(5,1,2),(5,2,1),(5,3,-1),(5,1,2),(5,2,1),(5,3,-1),(5,1,2),(5,2,1),(5,3,-1),(5,1,2),(5,2,1),(5,3,-1),(5,1,2),(5,2,1),(5,3,-1),(5,1,2),(5,2,1),(5,3,-1),(5,1,2),(5,2,1),(5,3,-1),(5,1,2),(5,2,1),(5,3,-1),(5,1,2),(5,2,1),(5,3,-1),(5,1,2),(5,2,1),(5,3,-1),(5,1,2),(5,2,1),(5,3,-1),(5,1,2),(5,2,1),(5,3,-1),(5,1,2),(5,2,1),(5,3,-1),(5,1,2),(5,2,1),(5,3,-1),(5,1,2),(5,2,1),(5,3,-1),(5,1,2),(5,2,1),(5,3,-1),(5,1,2),(5,2,1),(5,3,-1),(5,1,2),(5,2,1),(5,3,-1),(5,1,2),(5,2,1),(5,3,-1),(5,1,2),(5,2,1),(5,3,-1),(5,1,2),(5,2,1),(5,3,-1),(5,1,2),(5,2,1),(5,3,-1),(5,1,2),(5,2,1),(5,3,-1),(5,1,2),(5,2,1),(5,3,-1),(5,1,2),(5,2,1),(5,3,-1),(5,1,2),(5,2,1),(5,3,-1),(5,1,2),(5,2,1),(5,3,-1),(6,1,200),(6,2,100),(6,3,1),(6,1,-2),(6,2,-1),(6,3,1),(6,1,-2),(6,2,-1),(6,3,1),(6,1,-2),(6,2,-1),(6,3,1),(6,1,-2),(6,2,-1),(6,3,1),(6,1,-2),(6,2,-1),(6,3,1),(6,1,-2),(6,2,-1),(6,3,1),(6,1,-2),(6,2,-1),(6,3,1),(6,1,-2),(6,2,-1),(6,3,1),(6,1,-2),(6,2,-1),(6,3,1),(6,1,-2),(6,2,-1),(6,3,1),(6,1,-2),(6,2,-1),(6,3,1),(6,1,-2),(6,2,-1),(6,3,1),(6,1,-2),(6,2,-1),(6,3,1),(6,1,-2),(6,2,-1),(6,3,1),(6,1,-2),(6,2,-1),(6,3,1),(6,1,-2),(6,2,-1),(6,3,1),(6,1,-2),(6,2,-1),(6,3,1),(6,1,-2),(6,2,-1),(6,3,1),(6,1,-2),(6,2,-1),(6,3,1),(6,1,-2),(6,2,-1),(6,3,1),(6,1,-2),(6,2,-1),(6,3,1),(6,1,-2),(6,2,-1),(6,3,1),(6,1,-2),(6,2,-1),(6,3,1),(6,1,-2),(6,2,-1),(6,3,1),(6,1,-2),(6,2,-1),(6,3,1),(6,1,-2),(6,2,-1),(6,3,1),(6,1,-2),(6,2,-1),(6,3,1),(6,1,-2),(6,2,-1),(6,3,1),(6,1,-2),(6,2,-1),(6,3,1),(6,1,-2),(6,2,-1),(6,3,1),(6,1,-2),(6,2,-1),(6,3,1),(6,1,-2),(6,2,-1),(6,3,1),(6,1,-2),(6,2,-1),(6,3,1),(6,1,-2),(6,2,-1),(6,3,1),(6,1,-2),(6,2,-1),(6,3,1),(6,1,-2),(6,2,-1),(6,3,1),(6,1,-2),(6,2,-1),(6,3,1),(6,1,-2),(6,2,-1),(6,3,1),(6,1,-2),(6,2,-1),(6,3,1),(6,1,-2),(6,2,-1),(6,3,1),(6,1,-2),(6,2,-1),(6,3,1),(6,1,-2),(6,2,-1),(6,3,1),(6,1,-2),(6,2,-1),(6,3,1),(6,1,-2),(6,2,-1),(6,3,1),(6,1,-2),(6,2,-1),(6,3,1),(6,1,-2),(6,2,-1),(6,3,1),(6,1,-2),(6,2,-1),(6,3,1),(6,1,-2),(6,2,-1),(6,3,1),(6,1,-2),(6,2,-1),(6,3,1),(6,1,-2),(6,2,-1),(6,3,1),(6,1,-2),(6,2,-1),(6,3,1),(6,1,-2),(6,2,-1),(6,3,1),(6,1,-2),(6,2,-1),(6,3,1),(6,1,-2),(6,2,-1),(6,3,1),(6,1,-2),(6,2,-1),(6,3,1),(6,1,-2),(6,2,-1),(6,3,1),(6,1,-2),(6,2,-1),(6,3,1),(6,1,-2),(6,2,-1),(6,3,1),(6,1,-2),(6,2,-1),(6,3,1),(6,1,-2),(6,2,-1),(6,3,1),(6,1,-2),(6,2,-1),(6,3,1),(6,1,-2),(6,2,-1),(6,3,1),(6,1,-2),(6,2,-1),(6,3,1),(6,1,-2),(6,2,-1),(6,3,1),(6,1,-2),(6,2,-1),(6,3,1),(6,1,-2),(6,2,-1),(6,3,1),(6,1,-2),(6,2,-1),(6,3,1),(6,1,-2),(6,2,-1),(6,3,1),(6,1,-2),(6,2,-1),(6,3,1),(6,1,-2),(6,2,-1),(6,3,1),(6,1,-2),(6,2,-1),(6,3,1),(6,1,-2),(6,2,-1),(6,3,1),(6,1,-2),(6,2,-1),(6,3,1),(6,1,-2),(6,2,-1),(6,3,1),(6,1,-2),(6,2,-1),(6,3,1),(6,1,-2),(6,2,-1),(6,3,1),(6,1,-2),(6,2,-1),(6,3,1),(6,1,-2),(6,2,-1),(6,3,1),(6,1,-2),(6,2,-1),(6,3,1),(6,1,-2),(6,2,-1),(6,3,1),(6,1,-2),(6,2,-1),(6,3,1),(6,1,-2),(6,2,-1),(6,3,1),(6,1,-2),(6,2,-1),(6,3,1),(6,1,-2),(6,2,-1),(6,3,1),(6,1,-2),(6,2,-1),(6,3,1),(6,1,-2),(6,2,-1),(6,3,1),(6,1,-2),(6,2,-1),(6,3,1),(6,1,-2),(6,2,-1),(6,3,1),(6,1,-2),(6,2,-1),(6,3,1),(6,1,-2),(6,2,-1),(6,3,1),(6,1,-2),(6,2,-1),(6,3,1),(6,1,-2),(6,2,-1),(6,3,1),(6,1,-2),(6,2,-1),(6,3,1),(6,1,-2),(6,2,-1),(6,3,1),(6,1,-2),(6,2,-1),(6,3,1),(6,1,-2),(6,2,-1),(6,3,1),(6,1,-2),(6,2,-1),(6,3,1),(6,1,-2),(6,2,-1),(6,3,1),(6,1,-2),(6,2,-1),(6,3,1),(6,1,-2),(6,2,-1),(7,2,100),(7,6,50),(7,1,4),(7,7,1),(7,6,-1),(8,3,100),(8,1,2),(8,2,1),(8,3,-1),(8,1,2),(8,2,1),(8,3,-1),(8,1,2),(8,2,1),(8,3,-1),(8,1,2),(8,2,1),(8,3,-1),(8,1,2),(8,2,1),(8,3,-1),(8,1,2),(8,2,1),(8,3,-1),(8,1,2),(8,2,1),(8,3,-1),(8,1,2),(8,2,1),(8,3,-1),(8,3,1),(8,1,-2),(8,2,-1),(8,1,2),(8,2,1),(8,3,-1),(8,1,2),(8,2,1),(8,3,-1),(8,1,2),(8,2,1),(8,3,-1),(8,1,2),(8,2,1),(8,3,-1),(8,1,2),(8,2,1),(8,3,-1),(8,1,2),(8,2,1),(8,3,-1),(8,1,2),(8,2,1),(8,3,-1),(8,1,2),(8,2,1),(8,3,-1),(8,1,2),(8,2,1),(8,3,-1),(8,1,2),(8,2,1),(8,3,-1),(8,1,2),(8,2,1),(8,3,-1),(8,1,2),(8,2,1),(8,3,-1),(8,1,2),(8,2,1),(8,3,-1),(8,1,2),(8,2,1),(8,3,-1),(8,1,2),(8,2,1),(8,3,-1),(8,1,2),(8,2,1),(8,3,-1),(8,1,2),(8,2,1),(8,3,-1),(8,1,2),(8,2,1),(8,3,-1),(8,1,2),(8,2,1),(8,3,-1),(8,1,2),(8,2,1),(8,3,-1),(8,1,2),(8,2,1),(8,3,-1),(8,1,2),(8,2,1),(8,3,-1),(8,1,2),(8,2,1),(8,3,-1),(8,1,2),(8,2,1),(8,3,-1),(8,1,2),(8,2,1),(8,3,-1),(8,1,2),(8,2,1),(8,3,-1),(8,1,2),(8,2,1),(8,3,-1),(8,1,2),(8,2,1),(8,3,-1),(8,1,2),(8,2,1),(8,3,-1),(8,1,2),(8,2,1),(8,3,-1),(8,1,2),(8,2,1),(8,3,-1),(8,1,2),(8,2,1),(8,3,-1),(8,1,2),(8,2,1),(8,3,-1),(8,1,2),(8,2,1),(8,3,-1),(8,1,2),(8,2,1),(8,3,-1),(8,1,2),(8,2,1),(8,3,-1),(8,1,2),(8,2,1),(8,3,-1),(8,1,2),(8,2,1),(8,3,-1),(8,1,2),(8,2,1),(8,3,-1),(8,1,2),(8,2,1),(8,3,-1),(8,1,2),(8,2,1),(8,3,-1),(8,1,2),(8,2,1),(8,3,-1),(8,1,2),(8,2,1),(8,3,-1),(8,1,2),(8,2,1),(8,3,-1),(8,1,2),(8,2,1),(8,3,-1),(8,1,2),(8,2,1),(8,3,-1),(8,1,2),(8,2,1),(8,3,-1),(8,1,2),(8,2,1),(8,3,-1),(8,1,2),(8,2,1),(8,3,-1),(8,1,2),(8,2,1),(8,3,-1),(8,1,2),(8,2,1),(8,3,-1),(8,1,2),(8,2,1),(8,3,-1),(8,1,2),(8,2,1),(8,3,-1),(8,1,2),(8,2,1),(8,3,-1),(8,1,2),(8,2,1),(8,3,-1),(8,1,2),(8,2,1),(8,3,-1),(8,1,2),(8,2,1),(8,3,-1),(8,1,2),(8,2,1),(8,3,-1),(8,1,2),(8,2,1),(8,3,-1),(8,1,2),(8,2,1),(8,3,-1),(8,1,2),(8,2,1),(8,3,-1),(8,1,2),(8,2,1),(8,3,-1),(8,1,2),(8,2,1),(8,3,-1),(8,1,2),(8,2,1),(8,3,-1),(8,1,2),(8,2,1),(8,3,-1),(8,1,2),(8,2,1),(8,3,-1),(8,1,2),(8,2,1),(8,3,-1),(8,1,2),(8,2,1),(8,3,-1),(8,1,2),(8,2,1),(8,3,-1),(8,1,2),(8,2,1),(8,3,-1),(8,1,2),(8,2,1),(8,3,-1),(8,1,2),(8,2,1),(8,3,-1),(8,1,2),(8,2,1),(8,3,-1),(8,1,2),(8,2,1),(8,3,-1),(8,1,2),(8,2,1),(8,3,-1),(8,1,2),(8,2,1),(8,3,-1),(8,1,2),(8,2,1),(8,3,-1),(8,1,2),(8,2,1),(8,3,-1),(8,1,2),(8,2,1),(8,3,-1),(8,1,2),(8,2,1),(8,3,-1),(8,1,2),(8,2,1),(8,3,-1),(8,1,2),(8,2,1),(8,3,-1),(8,1,2),(8,2,1),(8,3,-1),(8,1,2),(8,2,1),(8,3,-1),(8,1,2),(8,2,1),(8,3,-1),(8,1,2),(8,2,1),(8,3,-1),(8,1,2),(8,2,1),(8,3,-1),(8,1,2),(8,2,1),(8,3,-1),(8,1,2),(8,2,1),(8,3,-1),(8,1,2),(8,2,1),(8,3,-1),(8,1,2),(8,2,1),(8,3,-1),(8,1,2),(8,2,1),(8,3,-1),(8,1,2),(8,2,1),(8,3,-1),(9,1,200),(9,2,100),(3,1,4),(3,7,1),(3,6,-1),(3,1,4),(3,7,1),(3,6,-1),(3,3,1),(3,1,-2),(3,2,-1),(3,3,1),(3,1,-2),(3,2,-1),(3,1,4),(3,7,1),(3,6,-1),(3,3,1),(3,1,-2),(3,2,-1),(3,3,1),(3,1,-2),(3,2,-1),(3,1,4),(3,7,1),(3,6,-1),(3,3,1),(3,1,-2),(3,2,-1),(3,3,1),(3,1,-2),(3,2,-1),(3,1,4),(3,7,1),(3,6,-1),(3,1,4),(3,7,1),(3,6,-1),(3,3,1),(3,1,-2),(3,2,-1),(3,3,1),(3,1,-2),(3,2,-1),(3,1,4),(3,7,1),(3,6,-1),(3,1,4),(3,7,1),(3,6,-1),(3,3,1),(3,1,-2),(3,2,-1),(3,3,1),(3,1,-2),(3,2,-1),(3,1,4),(3,7,1),(3,6,-1),(3,1,4),(3,7,1),(3,6,-1),(3,3,1),(3,1,-2),(3,2,-1),(3,3,1),(3,1,-2),(3,2,-1),(3,1,4),(3,7,1),(3,6,-1),(3,1,4),(3,7,1),(3,6,-1),(3,3,1),(3,1,-2),(3,2,-1),(3,3,1),(3,1,-2),(3,2,-1),(3,1,4),(3,7,1),(3,6,-1),(3,1,4),(3,7,1),(3,6,-1),(3,3,1),(3,1,-2),(3,2,-1),(3,3,1),(3,1,-2),(3,2,-1),(3,1,4),(3,7,1),(3,6,-1),(3,1,4),(3,7,1),(3,6,-1),(3,3,1),(3,1,-2),(3,2,-1),(3,3,1),(3,1,-2),(3,2,-1),(3,1,4),(3,7,1),(3,6,-1),(3,1,4),(3,7,1),(3,6,-1),(3,3,1),(3,1,-2),(3,2,-1),(3,3,1),(3,1,-2),(3,2,-1),(3,1,4),(3,7,1),(3,6,-1),(3,1,4),(3,7,1),(3,6,-1),(3,3,1),(3,1,-2),(3,2,-1),(3,3,1),(3,1,-2),(3,2,-1),(3,1,4),(3,7,1),(3,6,-1),(3,1,4),(3,7,1),(3,6,-1),(3,3,1),(3,1,-2),(3,2,-1),(3,3,1),(3,1,-2),(3,2,-1),(3,1,4),(3,7,1),(3,6,-1),(3,3,1),(3,1,-2),(3,2,-1),(3,3,1),(3,1,-2),(3,2,-1),(3,3,1),(3,1,-2),(3,2,-1),(3,3,1),(3,1,-2),(3,2,-1),(3,3,1),(3,1,-2),(3,2,-1),(3,3,1),(3,1,-2),(3,2,-1),(3,3,1),(3,1,-2),(3,2,-1),(3,3,1),(3,1,-2),(3,2,-1),(3,3,1),(3,1,-2),(3,2,-1),(3,3,1),(3,1,-2),(3,2,-1),(3,3,1),(3,1,-2),(3,2,-1),(3,3,1),(3,1,-2),(3,2,-1),(3,3,1),(3,1,-2),(3,2,-1),(3,3,1),(3,1,-2),(3,2,-1),(3,3,1),(3,1,-2),(3,2,-1),(3,3,1),(3,1,-2),(3,2,-1),(3,3,1),(3,1,-2),(3,2,-1),(3,3,1),(3,1,-2),(3,2,-1),(3,3,1),(3,1,-2),(3,2,-1),(3,3,1),(3,1,-2),(3,2,-1),(3,3,1),(3,1,-2),(3,2,-1),(3,3,1),(3,1,-2),(3,2,-1),(3,3,1),(3,1,-2),(3,2,-1),(3,3,1),(3,1,-2),(3,2,-1),(3,3,1),(3,1,-2),(3,2,-1),(3,3,1),(3,1,-2),(3,2,-1),(3,3,1),(3,1,-2),(3,2,-1),(3,3,1),(3,1,-2),(3,2,-1),(3,3,1),(3,1,-2),(3,2,-1),(3,3,1),(3,1,-2),(3,2,-1),(3,3,1),(3,1,-2),(3,2,-1),(3,3,1),(3,1,-2),(3,2,-1),(3,3,1),(3,1,-2),(3,2,-1),(3,3,1),(3,1,-2),(3,2,-1),(3,3,1),(3,1,-2),(3,2,-1),(3,3,1),(3,1,-2),(3,2,-1),(3,3,1),(3,1,-2),(3,2,-1),(3,3,1),(3,1,-2),(3,2,-1),(3,3,1),(3,1,-2),(3,2,-1),(3,3,1),(3,1,-2),(3,2,-1),(3,3,1),(3,1,-2),(3,2,-1),(3,3,1),(3,1,-2),(3,2,-1),(3,3,1),(3,1,-2),(3,2,-1),(3,3,1),(3,1,-2),(3,2,-1),(3,3,1),(3,1,-2),(3,2,-1),(3,3,1),(3,1,-2),(3,2,-1),(3,3,1),(3,1,-2),(3,2,-1),(3,3,1),(3,1,-2),(3,2,-1),(3,3,1),(3,1,-2),(3,2,-1),(3,3,1),(3,1,-2),(3,2,-1),(3,3,1),(3,1,-2),(3,2,-1),(3,3,1),(3,1,-2),(3,2,-1),(10,1,200),(10,4,100),(11,3,100),(11,1,2),(11,2,1),(11,3,-1),(11,1,2),(11,2,1),(11,3,-1),(11,1,2),(11,2,1),(11,3,-1),(11,1,2),(11,2,1),(11,3,-1),(11,3,1),(11,1,-2),(11,2,-1),(11,1,2),(11,2,1),(11,3,-1),(11,1,2),(11,2,1),(11,3,-1),(11,1,2),(11,2,1),(11,3,-1),(11,1,2),(11,2,1),(11,3,-1),(11,3,1),(11,1,-2),(11,2,-1),(11,1,2),(11,2,1),(11,3,-1),(11,1,2),(11,2,1),(11,3,-1),(11,1,2),(11,2,1),(11,3,-1),(11,1,2),(11,2,1),(11,3,-1),(11,1,2),(11,2,1),(11,3,-1),(11,1,2),(11,2,1),(11,3,-1),(11,1,2),(11,2,1),(11,3,-1),(11,1,2),(11,2,1),(11,3,-1),(11,1,2),(11,2,1),(11,3,-1),(11,1,2),(11,2,1),(11,3,-1),(11,1,2),(11,2,1),(11,3,-1),(11,1,2),(11,2,1),(11,3,-1),(11,1,2),(11,2,1),(11,3,-1),(11,1,2),(11,2,1),(11,3,-1),(11,1,2),(11,2,1),(11,3,-1),(11,1,2),(11,2,1),(11,3,-1),(11,1,2),(11,2,1),(11,3,-1),(11,1,2),(11,2,1),(11,3,-1),(12,3,100),(12,1,2),(12,2,1),(12,3,-1),(12,1,2),(12,2,1),(12,3,-1),(12,1,2),(12,2,1),(12,3,-1),(11,1,2),(11,2,1),(11,3,-1),(11,1,2),(11,2,1),(11,3,-1),(11,1,2),(11,2,1),(11,3,-1),(11,1,2),(11,2,1),(11,3,-1),(11,1,2),(11,2,1),(11,3,-1),(11,1,2),(11,2,1),(11,3,-1),(11,1,2),(11,2,1),(11,3,-1),(11,1,2),(11,2,1),(11,3,-1),(11,1,2),(11,2,1),(11,3,-1),(11,1,2),(11,2,1),(11,3,-1),(11,1,2),(11,2,1),(11,3,-1),(11,1,2),(11,2,1),(11,3,-1),(11,1,2),(11,2,1),(11,3,-1),(11,1,2),(11,2,1),(11,3,-1),(11,1,2),(11,2,1),(11,3,-1),(11,1,2),(11,2,1),(11,3,-1),(11,1,2),(11,2,1),(11,3,-1),(11,1,2),(11,2,1),(11,3,-1),(11,1,2),(11,2,1),(11,3,-1),(11,1,2),(11,2,1),(11,3,-1),(11,1,2),(11,2,1),(11,3,-1),(11,1,2),(11,2,1),(11,3,-1),(11,1,2),(11,2,1),(11,3,-1),(11,1,2),(11,2,1),(11,3,-1),(11,1,2),(11,2,1),(11,3,-1),(11,1,2),(11,2,1),(11,3,-1),(11,1,2),(11,2,1),(11,3,-1),(11,1,2),(11,2,1),(11,3,-1),(11,1,2),(11,2,1),(11,3,-1),(11,1,2),(11,2,1),(11,3,-1),(11,1,2),(11,2,1),(11,3,-1),(11,1,2),(11,2,1),(11,3,-1),(11,1,2),(11,2,1),(11,3,-1),(11,1,2),(11,2,1),(11,3,-1),(12,1,2),(12,2,1),(12,3,-1),(12,1,2),(12,2,1),(12,3,-1),(12,1,2),(12,2,1),(12,3,-1),(12,1,2),(12,2,1),(12,3,-1),(11,1,2),(11,2,1),(11,3,-1),(11,1,2),(11,2,1),(11,3,-1),(12,1,2),(12,2,1),(12,3,-1),(12,1,2),(12,2,1),(12,3,-1),(11,1,2),(11,2,1),(11,3,-1),(11,1,2),(11,2,1),(11,3,-1),(11,1,2),(11,2,1),(11,3,-1),(12,1,2),(12,2,1),(12,3,-1),(12,1,2),(12,2,1),(12,3,-1),(12,1,2),(12,2,1),(12,3,-1),(11,1,2),(11,2,1),(11,3,-1),(11,1,2),(11,2,1),(11,3,-1),(12,1,2),(12,2,1),(12,3,-1),(12,1,2),(12,2,1),(12,3,-1),(11,1,2),(11,2,1),(11,3,-1),(11,1,2),(11,2,1),(11,3,-1),(11,1,2),(11,2,1),(11,3,-1),(12,1,2),(12,2,1),(12,3,-1),(12,1,2),(12,2,1),(12,3,-1),(12,1,2),(12,2,1),(12,3,-1),(11,1,2),(11,2,1),(11,3,-1),(11,1,2),(11,2,1),(11,3,-1),(12,1,2),(12,2,1),(12,3,-1),(12,1,2),(12,2,1),(12,3,-1),(11,1,2),(11,2,1),(11,3,-1),(11,1,2),(11,2,1),(11,3,-1),(11,1,2),(11,2,1),(11,3,-1),(12,1,2),(12,2,1),(12,3,-1),(12,1,2),(12,2,1),(12,3,-1),(12,1,2),(12,2,1),(12,3,-1),(11,1,2),(11,2,1),(11,3,-1),(11,1,2),(11,2,1),(11,3,-1),(11,1,2),(11,2,1),(11,3,-1),(11,1,2),(11,2,1),(11,3,-1),(12,1,2),(12,2,1),(12,3,-1),(12,1,2),(12,2,1),(12,3,-1),(11,1,2),(11,2,1),(11,3,-1),(11,1,2),(11,2,1),(11,3,-1),(11,1,2),(11,2,1),(11,3,-1),(12,1,2),(12,2,1),(12,3,-1),(12,1,2),(12,2,1),(12,3,-1),(12,1,2),(12,2,1),(12,3,-1),(12,1,2),(12,2,1),(12,3,-1),(12,1,2),(12,2,1),(12,3,-1),(12,1,2),(12,2,1),(12,3,-1),(12,1,2),(12,2,1),(12,3,-1),(12,1,2),(12,2,1),(12,3,-1),(12,1,2),(12,2,1),(12,3,-1),(12,1,2),(12,2,1),(12,3,-1),(12,1,2),(12,2,1),(12,3,-1),(12,1,2),(12,2,1),(12,3,-1),(12,1,2),(12,2,1),(12,3,-1),(12,1,2),(12,2,1),(12,3,-1),(12,1,2),(12,2,1),(12,3,-1),(12,1,2),(12,2,1),(12,3,-1),(12,1,2),(12,2,1),(12,3,-1),(12,1,2),(12,2,1),(12,3,-1),(12,1,2),(12,2,1),(12,3,-1),(12,1,2),(12,2,1),(12,3,-1),(12,1,2),(12,2,1),(12,3,-1),(12,1,2),(12,2,1),(12,3,-1),(12,1,2),(12,2,1),(12,3,-1),(12,1,2),(12,2,1),(12,3,-1),(12,1,2),(12,2,1),(12,3,-1),(12,1,2),(12,2,1),(12,3,-1),(12,1,2),(12,2,1),(12,3,-1),(12,1,2),(12,2,1),(12,3,-1),(12,1,2),(12,2,1),(12,3,-1),(12,1,2),(12,2,1),(12,3,-1),(12,1,2),(12,2,1),(12,3,-1),(12,1,2),(12,2,1),(12,3,-1),(12,1,2),(12,2,1),(12,3,-1),(12,1,2),(12,2,1),(12,3,-1),(12,1,2),(12,2,1),(12,3,-1),(12,1,2),(12,2,1),(12,3,-1),(12,1,2),(12,2,1),(12,3,-1),(12,1,2),(12,2,1),(12,3,-1),(12,1,2),(12,2,1),(12,3,-1),(12,1,2),(12,2,1),(12,3,-1),(12,1,2),(12,2,1),(12,3,-1),(12,1,2),(12,2,1),(12,3,-1),(12,1,2),(12,2,1),(12,3,-1),(12,1,2),(12,2,1),(12,3,-1),(11,1,2),(11,2,1),(11,3,-1),(11,1,2),(11,2,1),(11,3,-1),(11,1,2),(11,2,1),(11,3,-1),(11,1,2),(11,2,1),(11,3,-1),(11,1,2),(11,2,1),(11,3,-1),(11,1,2),(11,2,1),(11,3,-1),(11,1,2),(11,2,1),(11,3,-1),(11,1,2),(11,2,1),(11,3,-1),(11,1,2),(11,2,1),(11,3,-1),(11,1,2),(11,2,1),(11,3,-1),(11,1,2),(11,2,1),(11,3,-1),(11,1,2),(11,2,1),(11,3,-1),(11,1,2),(11,2,1),(11,3,-1),(11,1,2),(11,2,1),(11,3,-1),(11,1,2),(11,2,1),(11,3,-1),(11,1,2),(11,2,1),(11,3,-1),(11,1,2),(11,2,1),(11,3,-1),(11,1,2),(11,2,1),(11,3,-1),(11,1,2),(11,2,1),(11,3,-1),(11,1,2),(11,2,1),(11,3,-1),(13,1,200),(13,2,100),(13,3,1),(13,1,-2),(13,2,-1),(13,3,1),(13,1,-2),(13,2,-1),(13,3,1),(13,1,-2),(13,2,-1),(13,3,1),(13,1,-2),(13,2,-1),(13,3,1),(13,1,-2),(13,2,-1),(13,3,1),(13,1,-2),(13,2,-1),(13,3,1),(13,1,-2),(13,2,-1),(13,3,1),(13,1,-2),(13,2,-1),(13,3,1),(13,1,-2),(13,2,-1),(13,3,1),(13,1,-2),(13,2,-1),(13,3,1),(13,1,-2),(13,2,-1),(13,3,1),(13,1,-2),(13,2,-1),(13,3,1),(13,1,-2),(13,2,-1),(13,3,1),(13,1,-2),(13,2,-1),(13,3,1),(13,1,-2),(13,2,-1),(12,1,2),(12,2,1),(12,3,-1),(12,1,2),(12,2,1),(12,3,-1),(12,1,2),(12,2,1),(12,3,-1),(12,1,2),(12,2,1),(12,3,-1),(12,1,2),(12,2,1),(12,3,-1),(12,1,2),(12,2,1),(12,3,-1),(12,1,2),(12,2,1),(12,3,-1),(12,1,2),(12,2,1),(12,3,-1),(12,1,2),(12,2,1),(12,3,-1),(12,1,2),(12,2,1),(12,3,-1),(12,1,2),(12,2,1),(12,3,-1),(12,1,2),(12,2,1),(12,3,-1),(12,1,2),(12,2,1),(12,3,-1),(12,1,2),(12,2,1),(12,3,-1),(12,1,2),(12,2,1),(12,3,-1),(12,1,2),(12,2,1),(12,3,-1),(12,1,2),(12,2,1),(12,3,-1),(12,1,2),(12,2,1),(12,3,-1),(12,1,2),(12,2,1),(12,3,-1),(12,1,2),(12,2,1),(12,3,-1),(12,1,2),(12,2,1),(12,3,-1),(12,1,2),(12,2,1),(12,3,-1),(12,1,2),(12,2,1),(12,3,-1),(12,1,2),(12,2,1),(12,3,-1),(12,1,2),(12,2,1),(12,3,-1),(12,1,2),(12,2,1),(12,3,-1),(12,1,2),(12,2,1),(12,3,-1),(12,1,2),(12,2,1),(12,3,-1),(12,1,2),(12,2,1),(12,3,-1),(12,1,2),(12,2,1),(12,3,-1),(12,1,2),(12,2,1),(12,3,-1),(12,1,2),(12,2,1),(12,3,-1),(14,2,100),(14,1,200),(13,3,1),(13,1,-2),(13,2,-1),(13,3,1),(13,1,-2),(13,2,-1),(13,3,1),(13,1,-2),(13,2,-1),(13,3,1),(13,1,-2),(13,2,-1),(13,3,1),(13,1,-2),(13,2,-1),(13,3,1),(13,1,-2),(13,2,-1),(13,3,1),(13,1,-2),(13,2,-1),(13,3,1),(13,1,-2),(13,2,-1),(13,3,1),(13,1,-2),(13,2,-1),(14,3,1),(14,1,-2),(14,2,-1),(14,3,1),(14,1,-2),(14,2,-1),(13,3,1),(13,1,-2),(13,2,-1),(14,3,1),(14,1,-2),(14,2,-1),(14,3,1),(14,1,-2),(14,2,-1),(13,3,1),(13,1,-2),(13,2,-1),(13,3,1),(13,1,-2),(13,2,-1),(13,3,1),(13,1,-2),(13,2,-1),(14,3,1),(14,1,-2),(14,2,-1),(14,3,1),(14,1,-2),(14,2,-1),(13,3,1),(13,1,-2),(13,2,-1),(14,3,1),(14,1,-2),(14,2,-1),(14,3,1),(14,1,-2),(14,2,-1),(13,3,1),(13,1,-2),(13,2,-1),(13,3,1),(13,1,-2),(13,2,-1),(13,3,1),(13,1,-2),(13,2,-1),(14,3,1),(14,1,-2),(14,2,-1),(14,3,1),(14,1,-2),(14,2,-1),(14,3,1),(14,1,-2),(14,2,-1),(13,3,1),(13,1,-2),(13,2,-1),(14,3,1),(14,1,-2),(14,2,-1),(13,3,1),(13,1,-2),(13,2,-1),(13,3,1),(13,1,-2),(13,2,-1),(13,3,1),(13,1,-2),(13,2,-1),(14,3,1),(14,1,-2),(14,2,-1),(14,3,1),(14,1,-2),(14,2,-1),(13,3,1),(13,1,-2),(13,2,-1),(14,3,1),(14,1,-2),(14,2,-1),(14,3,1),(14,1,-2),(14,2,-1),(13,3,1),(13,1,-2),(13,2,-1),(13,3,1),(13,1,-2),(13,2,-1),(13,3,1),(13,1,-2),(13,2,-1),(14,3,1),(14,1,-2),(14,2,-1),(14,3,1),(14,1,-2),(14,2,-1),(13,3,1),(13,1,-2),(13,2,-1),(14,3,1),(14,1,-2),(14,2,-1),(14,3,1),(14,1,-2),(14,2,-1),(13,3,1),(13,1,-2),(13,2,-1),(13,3,1),(13,1,-2),(13,2,-1),(13,3,1),(13,1,-2),(13,2,-1),(14,3,1),(14,1,-2),(14,2,-1),(14,3,1),(14,1,-2),(14,2,-1),(13,3,1),(13,1,-2),(13,2,-1),(14,3,1),(14,1,-2),(14,2,-1),(14,3,1),(14,1,-2),(14,2,-1),(13,3,1),(13,1,-2),(13,2,-1),(13,3,1),(13,1,-2),(13,2,-1),(13,3,1),(13,1,-2),(13,2,-1),(14,3,1),(14,1,-2),(14,2,-1),(14,3,1),(14,1,-2),(14,2,-1),(14,3,1),(14,1,-2),(14,2,-1),(14,3,1),(14,1,-2),(14,2,-1),(14,3,1),(14,1,-2),(14,2,-1),(14,3,1),(14,1,-2),(14,2,-1),(14,3,1),(14,1,-2),(14,2,-1),(14,3,1),(14,1,-2),(14,2,-1),(14,3,1),(14,1,-2),(14,2,-1),(14,3,1),(14,1,-2),(14,2,-1),(14,3,1),(14,1,-2),(14,2,-1),(14,3,1),(14,1,-2),(14,2,-1),(14,3,1),(14,1,-2),(14,2,-1),(14,3,1),(14,1,-2),(14,2,-1),(14,3,1),(14,1,-2),(14,2,-1),(14,3,1),(14,1,-2),(14,2,-1),(14,3,1),(14,1,-2),(14,2,-1),(14,3,1),(14,1,-2),(14,2,-1),(14,3,1),(14,1,-2),(14,2,-1),(14,3,1),(14,1,-2),(14,2,-1),(14,3,1),(14,1,-2),(14,2,-1),(14,3,1),(14,1,-2),(14,2,-1),(14,3,1),(14,1,-2),(14,2,-1),(14,3,1),(14,1,-2),(14,2,-1),(14,3,1),(14,1,-2),(14,2,-1),(14,3,1),(14,1,-2),(14,2,-1),(14,3,1),(14,1,-2),(14,2,-1),(14,3,1),(14,1,-2),(14,2,-1),(14,3,1),(14,1,-2),(14,2,-1),(14,3,1),(14,1,-2),(14,2,-1),(13,3,1),(13,1,-2),(13,2,-1),(13,3,1),(13,1,-2),(13,2,-1),(13,3,1),(13,1,-2),(13,2,-1),(13,3,1),(13,1,-2),(13,2,-1),(13,3,1),(13,1,-2),(13,2,-1),(13,3,1),(13,1,-2),(13,2,-1),(13,3,1),(13,1,-2),(13,2,-1),(13,3,1),(13,1,-2),(13,2,-1),(13,3,1),(13,1,-2),(13,2,-1),(13,3,1),(13,1,-2),(13,2,-1),(13,3,1),(13,1,-2),(13,2,-1),(13,3,1),(13,1,-2),(13,2,-1),(13,3,1),(13,1,-2),(13,2,-1),(13,3,1),(13,1,-2),(13,2,-1),(13,3,1),(13,1,-2),(13,2,-1),(13,3,1),(13,1,-2),(13,2,-1),(13,3,1),(13,1,-2),(13,2,-1),(13,3,1),(13,1,-2),(13,2,-1),(13,3,1),(13,1,-2),(13,2,-1),(13,3,1),(13,1,-2),(13,2,-1),(13,3,1),(13,1,-2),(13,2,-1),(13,3,1),(13,1,-2),(13,2,-1),(13,3,1),(13,1,-2),(13,2,-1),(13,3,1),(13,1,-2),(13,2,-1),(13,3,1),(13,1,-2),(13,2,-1),(13,3,1),(13,1,-2),(13,2,-1),(13,3,1),(13,1,-2),(13,2,-1),(13,3,1),(13,1,-2),(13,2,-1),(13,3,1),(13,1,-2),(13,2,-1),(14,3,1),(14,1,-2),(14,2,-1),(14,3,1),(14,1,-2),(14,2,-1),(13,3,1),(13,1,-2),(13,2,-1),(13,3,1),(13,1,-2),(13,2,-1),(13,3,1),(13,1,-2),(13,2,-1),(14,3,1),(14,1,-2),(14,2,-1),(14,3,1),(14,1,-2),(14,2,-1),(13,3,1),(13,1,-2),(13,2,-1),(14,3,1),(14,1,-2),(14,2,-1),(14,3,1),(14,1,-2),(14,2,-1),(13,3,1),(13,1,-2),(13,2,-1),(13,3,1),(13,1,-2),(13,2,-1),(13,3,1),(13,1,-2),(13,2,-1),(14,3,1),(14,1,-2),(14,2,-1),(14,3,1),(14,1,-2),(14,2,-1),(13,3,1),(13,1,-2),(13,2,-1),(14,3,1),(14,1,-2),(14,2,-1),(14,3,1),(14,1,-2),(14,2,-1),(13,3,1),(13,1,-2),(13,2,-1),(13,3,1),(13,1,-2),(13,2,-1),(13,3,1),(13,1,-2),(13,2,-1),(14,3,1),(14,1,-2),(14,2,-1),(14,3,1),(14,1,-2),(14,2,-1),(14,3,1),(14,1,-2),(14,2,-1),(13,3,1),(13,1,-2),(13,2,-1),(14,3,1),(14,1,-2),(14,2,-1),(13,3,1),(13,1,-2),(13,2,-1),(13,3,1),(13,1,-2),(13,2,-1),(14,3,1),(14,1,-2),(14,2,-1),(14,3,1),(14,1,-2),(14,2,-1),(13,3,1),(13,1,-2),(13,2,-1),(14,3,1),(14,1,-2),(14,2,-1),(14,3,1),(14,1,-2),(14,2,-1),(13,3,1),(13,1,-2),(13,2,-1),(14,3,1),(14,1,-2),(14,2,-1),(13,3,1),(13,1,-2),(13,2,-1),(13,3,1),(13,1,-2),(13,2,-1),(13,3,1),(13,1,-2),(13,2,-1),(14,3,1),(14,1,-2),(14,2,-1),(14,3,1),(14,1,-2),(14,2,-1),(14,3,1),(14,1,-2),(14,2,-1),(13,3,1),(13,1,-2),(13,2,-1),(13,3,1),(13,1,-2),(13,2,-1),(13,3,1),(13,1,-2),(13,2,-1),(13,3,1),(13,1,-2),(13,2,-1),(14,3,1),(14,1,-2),(14,2,-1),(16,3,1),(16,2,-1),(14,3,1),(14,1,-2),(14,2,-1),(14,3,1),(14,1,-2),(14,2,-1),(14,3,1),(14,1,-2),(14,2,-1),(14,3,1),(14,1,-2),(14,2,-1),(14,3,1),(14,1,-2),(14,2,-1),(14,3,1),(14,1,-2),(14,2,-1),(14,3,1),(14,1,-2),(14,2,-1),(14,3,1),(14,1,-2),(14,2,-1),(14,3,1),(14,1,-2),(14,2,-1),(14,3,1),(14,1,-2),(14,2,-1),(14,3,1),(14,1,-2),(14,2,-1),(14,3,1),(14,1,-2),(14,2,-1),(16,1,-2),(16,3,1),(16,6,-1),(14,3,1),(14,1,-2),(14,2,-1),(14,3,1),(14,1,-2),(14,2,-1),(14,3,1),(14,1,-2),(14,2,-1),(14,3,1),(14,1,-2),(14,2,-1),(14,3,1),(14,1,-2),(14,2,-1),(14,3,1),(14,1,-2),(14,2,-1),(14,3,1),(14,1,-2),(14,2,-1),(16,7,1),(16,1,4),(16,2,-1),(16,1,-2),(16,3,1),(16,2,-1),(14,3,1),(14,1,-2),(14,2,-1),(14,3,1),(14,1,-2),(14,2,-1),(14,3,1),(14,1,-2),(14,2,-1),(14,3,1),(14,1,-2),(14,2,-1),(15,6,-1),(15,7,1),(16,1,-2),(16,3,1),(16,6,-1),(16,7,1),(16,1,4),(16,2,-1),(16,1,-2),(16,3,1),(16,2,-1),(16,1,-2),(16,3,1),(16,2,-1),(16,1,-2),(16,3,1),(16,2,-1),(16,1,-2),(16,3,1),(16,6,-1),(16,7,1),(16,1,4),(16,2,-1),(16,1,-2),(16,3,1),(16,2,-1),(16,1,-2),(16,3,1),(16,6,-1),(15,1,4),(15,6,-1),(15,7,1),(16,7,1),(16,1,4),(16,2,-1),(15,1,4),(15,2,-1),(15,1,-2),(15,3,1),(15,2,-1),(15,1,-2),(16,1,-2),(16,3,1),(16,2,-1),(15,3,1),(15,2,-1),(15,1,-2),(15,3,1),(15,6,-1),(15,7,1),(15,1,4),(15,6,-1),(15,7,1),(16,1,-2),(16,3,1),(16,2,-1),(15,1,4),(15,6,-1),(15,7,1),(15,1,4),(15,2,-1),(15,1,-2),(15,3,1),(15,2,-1),(15,1,-2),(15,3,1),(15,2,-1),(15,1,-2),(16,1,-2),(16,3,1),(16,2,-1),(16,1,-2),(16,3,1),(16,6,-1),(16,7,1),(16,1,4),(16,2,-1),(15,3,1),(15,6,-1),(15,7,1),(16,1,-2),(16,3,1),(16,2,-1),(16,1,-2),(16,3,1),(16,6,-1),(16,7,1),(16,1,4),(16,2,-1),(16,1,-2),(16,3,1),(16,2,-1),(15,1,4),(15,6,-1),(15,7,1),(15,1,4),(15,6,-1),(15,7,1),(15,1,4),(15,2,-1),(15,1,-2),(15,3,1),(15,2,-1),(15,1,-2),(16,1,-2),(16,3,1),(16,2,-1),(16,1,-2),(16,3,1),(16,2,-1),(16,1,-2),(16,3,1),(16,6,-1),(16,7,1),(16,1,4),(16,2,-1),(15,3,1),(15,2,-1),(15,1,-2),(15,3,1),(15,6,-1),(15,7,1),(16,1,-2),(16,3,1),(16,2,-1),(16,1,-2),(16,3,1),(16,6,-1),(15,1,4),(15,6,-1),(15,7,1),(15,1,4),(15,6,-1),(15,7,1),(15,1,4),(15,2,-1),(15,1,-2),(15,3,1),(15,2,-1),(15,1,-2),(15,3,1),(15,2,-1),(15,1,-2),(15,3,1),(15,6,-1),(15,7,1),(15,1,4),(15,6,-1),(15,7,1),(15,1,4),(15,6,-1),(15,7,1),(15,1,4),(15,2,-1),(15,1,-2),(15,3,1),(15,2,-1),(15,1,-2),(15,3,1),(15,2,-1),(15,1,-2),(16,7,1),(16,1,4),(16,2,-1),(16,1,-2),(16,3,1),(16,2,-1),(16,1,-2),(16,3,1),(16,2,-1),(16,1,-2),(16,3,1),(16,2,-1),(16,1,-2),(16,3,1),(16,6,-1),(16,7,1),(16,1,4),(16,2,-1),(16,1,-2),(16,3,1),(16,2,-1),(16,1,-2),(16,3,1),(16,6,-1),(16,7,1),(16,1,4),(16,2,-1),(16,1,-2),(16,3,1),(16,2,-1),(15,3,1),(15,6,-1),(15,7,1),(15,1,4),(15,6,-1),(15,7,1),(15,1,4),(15,6,-1),(15,7,1),(15,1,4),(15,2,-1),(15,1,-2),(16,1,-2),(16,3,1),(16,2,-1),(16,1,-2),(16,3,1),(16,2,-1),(15,3,1),(15,2,-1),(15,1,-2),(15,3,1),(15,2,-1),(15,1,-2),(15,3,1),(15,6,-1),(15,7,1),(15,1,4),(15,6,-1),(15,7,1),(15,1,4),(15,6,-1),(15,7,1),(15,1,4),(15,2,-1),(15,1,-2),(15,3,1),(15,2,-1),(15,1,-2),(15,3,1),(15,2,-1),(15,1,-2),(15,3,1),(15,6,-1),(15,7,1),(16,1,-2),(16,3,1),(16,6,-1),(16,7,1),(16,1,4),(16,2,-1),(15,1,4),(15,6,-1),(15,7,1),(15,1,4),(15,6,-1),(15,7,1),(16,1,-2),(16,3,1),(16,2,-1),(16,1,-2),(16,3,1),(16,6,-1),(15,1,4),(15,2,-1),(15,1,-2),(15,3,1),(15,2,-1),(15,1,-2),(16,7,1),(16,1,4),(16,2,-1),(15,3,1),(15,2,-1),(15,1,-2),(15,3,1),(15,6,-1),(15,7,1),(15,1,4),(15,6,-1),(15,7,1),(15,1,4),(15,6,-1),(15,7,1),(15,1,4),(15,2,-1),(15,1,-2),(16,1,-2),(16,3,1),(16,2,-1),(16,1,-2),(16,3,1),(16,2,-1),(15,3,1),(15,2,-1),(15,1,-2),(15,3,1),(15,2,-1),(15,1,-2),(15,3,1),(15,6,-1),(15,7,1),(16,1,-2),(16,3,1),(16,2,-1),(16,1,-2),(16,3,1),(16,6,-1),(16,7,1),(16,1,4),(16,2,-1),(15,1,4),(15,6,-1),(15,7,1),(15,1,4),(15,2,-1),(15,1,-2),(16,1,-2),(16,3,1),(16,2,-1),(16,1,-2),(16,3,1),(16,6,-1),(15,3,1),(15,2,-1),(15,1,-2),(16,7,1),(16,1,4),(16,2,-1),(16,1,-2),(16,3,1),(16,2,-1),(15,3,1),(15,6,-1),(15,7,1),(15,1,4),(15,2,-1),(15,1,-2),(15,3,1),(15,6,-1),(15,7,1),(16,1,-2),(16,3,1),(16,2,-1),(16,1,-2),(16,3,1),(16,2,-1),(15,1,4),(15,2,-1),(15,1,-2),(15,3,1),(15,2,-1),(15,1,-2),(16,1,-2),(16,3,1),(16,6,-1),(16,7,1),(16,1,4),(16,2,-1),(15,3,1),(15,2,-1),(15,1,-2),(16,1,-2),(16,3,1),(16,2,-1),(16,1,-2),(16,3,1),(16,6,-1),(16,7,1),(16,1,4),(16,2,-1),(16,1,-2),(16,3,1),(16,2,-1),(15,3,1),(15,6,-1),(15,7,1),(16,1,-2),(16,3,1),(17,4,100),(17,1,200),(15,2,-1),(15,1,-2),(15,3,1),(15,2,-1),(15,1,-2),(15,1,4),(15,6,-1),(15,7,1),(15,1,4),(16,2,-1),(16,1,-2),(16,3,1),(16,2,-1),(16,1,-2),(16,3,1),(16,6,-1),(16,7,1),(16,1,4),(16,2,-1),(16,1,-2),(15,3,1),(15,2,-1),(15,1,-2),(15,3,1),(15,2,-1),(15,1,-2),(15,3,1),(15,2,-1),(15,1,-2),(15,3,1),(15,2,-1),(15,1,-2),(16,3,1),(16,2,-1),(16,1,-2),(16,3,1),(16,6,-1),(16,7,1),(15,3,1),(15,2,-1),(15,1,-2),(15,3,1),(15,2,-1),(15,1,-2),(15,3,1),(15,2,-1),(15,1,-2),(15,3,1),(15,2,-1),(15,1,-2),(15,3,1),(15,2,-1),(15,1,-2),(16,1,4),(16,2,-1),(16,1,-2),(15,3,1),(15,2,-1),(15,1,-2),(15,3,1),(15,2,-1),(15,1,-2),(16,3,1),(16,2,-1),(16,1,-2),(16,3,1),(16,2,-1),(16,1,-2),(15,3,1),(15,2,-1),(15,1,-2),(15,3,1),(15,2,-1),(15,1,-2),(15,3,1),(15,2,-1),(15,1,-2),(15,3,1),(15,2,-1),(15,1,-2),(15,3,1),(15,2,-1),(15,1,-2),(15,3,1),(15,2,-1),(15,1,-2),(16,3,1),(16,2,-1),(16,1,-2),(16,3,1),(16,6,-1),(16,7,1),(16,1,4),(16,2,-1),(16,1,-2),(16,3,1),(16,2,-1),(16,1,-2),(15,3,1),(15,2,-1),(15,1,-2),(15,3,1),(15,2,-1),(15,1,-2),(16,3,1),(16,6,-1),(16,7,1),(16,1,4),(16,2,-1),(16,1,-2),(15,3,1),(15,2,-1),(15,1,-2),(15,3,1),(15,2,-1),(15,1,-2),(16,3,1),(16,2,-1),(16,1,-2),(15,3,1),(15,2,-1),(15,1,-2),(15,3,1),(15,2,-1),(15,1,-2),(15,3,1),(15,2,-1),(15,1,-2),(15,3,1),(15,2,-1),(15,1,-2),(16,3,1),(16,2,-1),(16,1,-2),(15,3,1),(15,2,-1),(15,1,-2),(15,3,1),(15,2,-1),(15,1,-2),(15,3,1),(15,2,-1),(15,1,-2),(16,3,1),(16,2,-1),(16,1,-2),(16,3,1),(16,6,-1),(16,7,1),(15,3,1),(15,2,-1),(15,1,-2),(16,1,4),(16,2,-1),(16,1,-2),(15,3,1),(15,2,-1),(15,1,-2),(15,3,1),(15,2,-1),(15,1,-2),(15,3,1),(15,2,-1),(15,1,-2),(15,3,1),(15,2,-1),(15,1,-2),(15,3,1),(15,2,-1),(15,1,-2),(15,3,1),(15,2,-1),(15,1,-2),(15,3,1),(15,2,-1),(15,1,-2),(16,3,1),(16,2,-1),(16,1,-2),(15,3,1),(15,2,-1),(15,1,-2),(15,3,1),(15,2,-1),(15,1,-2),(15,3,1),(15,2,-1),(15,1,-2),(16,3,1),(16,6,-1),(16,7,1),(15,3,1),(15,2,-1),(15,1,-2),(15,3,1),(15,2,-1),(15,1,-2),(16,1,4),(16,2,-1),(16,1,-2),(16,3,1),(16,2,-1),(16,1,-2),(16,3,1),(16,2,-1),(16,1,-2),(15,3,1),(15,2,-1),(15,1,-2),(15,3,1),(15,2,-1),(15,1,-2),(15,3,1),(15,6,-1),(15,7,1),(15,1,4),(15,2,-1),(15,1,-2),(16,3,1),(16,2,-1),(16,1,-2),(16,3,1),(16,6,-1),(16,7,1),(15,3,1),(15,2,-1),(15,1,-2),(15,3,1),(15,2,-1),(15,1,-2),(16,1,4),(16,2,-1),(16,1,-2),(16,3,1),(16,2,-1),(16,1,-2),(16,3,1),(16,6,-1),(16,7,1),(15,3,1),(15,6,-1),(15,7,1),(15,1,4),(15,6,-1),(15,7,1),(16,1,4),(16,2,-1),(16,1,-2),(16,3,1),(16,2,-1),(16,1,-2),(16,3,1),(16,2,-1),(16,1,-2),(15,1,4),(15,6,-1),(15,7,1),(15,1,4),(15,2,-1),(15,1,-2),(15,3,1),(15,2,-1),(15,1,-2),(15,3,1),(15,2,-1),(15,1,-2),(16,3,1),(16,2,-1),(16,1,-2),(16,3,1),(16,6,-1),(16,7,1),(16,1,4),(16,2,-1),(16,1,-2),(15,3,1),(15,6,-1),(15,7,1),(15,1,4),(15,6,-1),(15,7,1),(16,3,1),(16,2,-1),(16,1,-2),(16,3,1),(16,6,-1),(16,7,1),(16,1,4),(16,2,-1),(16,1,-2),(16,3,1),(16,2,-1),(16,1,-2),(15,1,4),(15,6,-1),(15,7,1),(15,1,4),(15,2,-1),(15,1,-2),(15,3,1),(15,2,-1),(15,1,-2),(15,3,1),(15,2,-1),(15,1,-2),(16,3,1),(16,6,-1),(16,7,1),(16,1,4),(16,6,-1),(16,7,1),(15,3,1),(15,6,-1),(15,7,1),(15,1,4),(15,6,-1),(15,7,1),(15,1,4),(15,6,-1),(15,7,1),(15,1,4),(15,2,-1),(15,1,-2),(16,1,4),(16,6,-1),(16,7,1),(16,1,4),(16,6,-1),(16,7,1),(16,1,4),(16,6,-1),(16,7,1),(15,3,1),(15,2,-1),(15,1,-2),(15,3,1),(15,2,-1),(15,1,-2),(16,1,4),(16,6,-1),(16,7,1),(16,1,4),(16,6,-1),(16,7,1),(16,1,4),(16,6,-1),(16,7,1),(16,1,4),(16,6,-1),(16,7,1),(16,1,4),(16,6,-1),(16,7,1),(15,3,1),(15,6,-1),(15,7,1),(15,1,4),(15,6,50),(15,2,100),(16,1,4),(16,6,-1),(16,7,1),(16,1,4),(16,6,-1),(16,7,1),(16,1,4),(15,6,-1),(15,7,1),(15,1,4),(16,6,-1),(16,7,1),(16,1,4),(15,2,-1),(15,1,-2),(15,3,1),(15,2,-1),(15,1,-2),(15,3,1),(15,2,-1),(15,1,-2),(15,3,1),(15,6,-1),(15,7,1),(15,1,4),(15,2,-1),(15,1,-2),(15,3,1),(16,6,-1),(16,7,1),(16,1,4),(15,2,-1),(15,1,-2),(15,3,1),(16,2,-1),(16,1,-2),(16,3,1),(15,2,-1),(15,1,-2),(15,3,1),(15,6,-1),(15,7,1),(15,1,4),(16,2,-1),(16,1,-2),(16,3,1),(16,2,-1),(16,1,-2),(16,3,1),(16,6,-1),(16,7,1),(16,1,4),(15,2,-1),(15,1,-2),(15,3,1),(16,2,-1),(16,1,-2),(16,3,1),(15,2,-1),(15,1,-2),(15,3,1),(15,2,-1),(15,1,-2),(15,3,1),(15,6,-1),(15,7,1),(15,1,4),(15,2,-1),(15,1,-2),(15,3,1),(16,6,-1),(16,7,1),(16,1,4),(15,6,-1),(15,7,1),(15,1,4),(15,6,-1),(15,7,1),(15,1,4),(15,6,-1),(15,7,1),(15,1,4),(16,6,50),(16,2,100),(16,1,-2),(16,2,-1),(16,3,1),(16,1,-2),(16,2,-1),(16,1,4),(16,7,1),(16,6,-1),(16,3,1),(16,1,-2),(16,2,-1),(16,1,4),(16,7,1),(16,6,-1),(16,3,1),(16,1,-2),(16,2,-1),(16,3,1),(16,1,-2),(16,2,-1),(16,1,4),(16,7,1),(16,6,-1),(16,3,1),(16,1,-2),(16,2,-1),(16,1,4),(16,7,1),(16,6,-1),(16,3,1),(16,1,-2),(16,2,-1),(16,3,1),(16,1,-2),(16,2,-1),(16,1,4),(16,7,1),(16,6,-1),(16,3,1),(16,1,-2),(16,2,-1),(16,1,4),(16,7,1),(16,6,-1),(16,3,1),(16,1,-2),(16,2,-1),(16,3,1),(16,1,-2),(16,2,-1),(16,3,1),(16,1,-2),(16,2,-1),(16,1,4),(16,7,1),(16,6,-1),(16,3,1),(16,1,-2),(16,2,-1),(16,3,1),(16,1,-2),(16,2,-1),(16,1,4),(16,7,1),(16,6,-1),(16,3,1),(16,1,-2),(16,2,-1),(16,3,1),(16,1,-2),(16,2,-1),(16,3,1),(16,1,-2),(16,2,-1),(16,3,1),(16,1,-2),(16,2,-1),(16,3,1),(16,1,-2),(16,2,-1),(18,1,200),(18,4,100),(18,2,2),(18,5,1),(18,4,-1),(17,2,2),(17,5,1),(17,4,-1),(18,2,2),(18,5,1),(18,4,-1),(17,2,2),(17,5,1),(17,4,-1),(17,2,2),(17,5,1),(17,4,-1),(18,2,2),(18,5,1),(18,4,-1),(17,2,2),(17,5,1),(17,4,-1),(18,2,2),(18,5,1),(18,4,-1),(18,3,1),(18,1,-2),(18,2,-1),(17,3,1),(17,1,-2),(17,2,-1),(18,3,1),(18,1,-2),(18,2,-1),(17,3,1),(17,1,-2),(17,2,-1),(18,3,1),(18,1,-2),(18,2,-1),(17,3,1),(17,1,-2),(17,2,-1),(18,2,2),(18,5,1),(18,4,-1),(17,2,2),(17,5,1),(17,4,-1),(18,2,2),(18,5,1),(18,4,-1),(17,2,2),(17,5,1),(17,4,-1),(18,3,1),(18,1,-2),(18,2,-1),(17,3,1),(17,1,-2),(17,2,-1),(18,3,1),(18,1,-2),(18,2,-1),(17,3,1),(17,1,-2),(17,2,-1),(17,2,2),(17,5,1),(17,4,-1),(18,2,2),(18,5,1),(18,4,-1),(18,2,2),(18,5,1),(18,4,-1),(17,2,2),(17,5,1),(17,4,-1),(18,3,1),(18,1,-2),(18,2,-1),(18,3,1),(18,1,-2),(18,2,-1),(17,3,1),(17,1,-2),(17,2,-1),(17,3,1),(17,1,-2),(17,2,-1),(17,3,1),(17,1,-2),(17,2,-1),(18,3,1),(18,1,-2),(18,2,-1),(18,3,1),(18,1,-2),(18,2,-1),(18,2,2),(18,5,1),(18,4,-1),(18,2,2),(18,5,1),(18,4,-1),(17,2,2),(17,5,1),(17,4,-1),(17,2,2),(17,5,1),(17,4,-1),(17,3,1),(17,1,-2),(17,2,-1),(18,3,1),(18,1,-2),(18,2,-1),(18,3,1),(18,1,-2),(18,2,-1),(17,3,1),(17,1,-2),(17,2,-1),(17,3,1),(17,1,-2),(17,2,-1),(18,2,2),(18,5,1),(18,4,-1),(17,2,2),(17,5,1),(17,4,-1),(18,2,2),(18,5,1),(18,4,-1),(18,3,1),(18,1,-2),(18,2,-1),(18,3,1),(18,1,-2),(18,2,-1),(17,2,2),(17,5,1),(17,4,-1),(17,3,1),(17,1,-2),(17,2,-1),(17,3,1),(17,1,-2),(17,2,-1),(17,3,1),(17,1,-2),(17,2,-1),(18,3,1),(18,1,-2),(18,2,-1),(17,3,1),(17,1,-2),(17,2,-1),(18,3,1),(18,1,-2),(18,2,-1),(17,2,2),(17,5,1),(17,4,-1),(18,2,2),(18,5,1),(18,4,-1),(17,2,2),(17,5,1),(17,4,-1),(18,2,2),(18,5,1),(18,4,-1),(17,3,1),(17,1,-2),(17,2,-1),(18,3,1),(18,1,-2),(18,2,-1),(17,3,1),(17,1,-2),(17,2,-1),(18,3,1),(18,1,-2),(18,2,-1),(17,3,1),(17,1,-2),(17,2,-1),(18,3,1),(18,1,-2),(18,2,-1),(17,2,2),(17,5,1),(17,4,-1),(18,2,2),(18,5,1),(18,4,-1),(18,3,1),(18,1,-2),(18,2,-1),(17,3,1),(17,1,-2),(17,2,-1),(17,2,2),(17,5,1),(17,4,-1),(18,2,2),(18,5,1),(18,4,-1),(17,2,2),(17,5,1),(17,4,-1),(18,2,2),(18,5,1),(18,4,-1),(17,3,1),(17,1,-2),(17,2,-1),(18,3,1),(18,1,-2),(18,2,-1),(17,3,1),(17,1,-2),(17,2,-1),(18,3,1),(18,1,-2),(18,2,-1),(17,3,1),(17,1,-2),(17,2,-1),(18,3,1),(18,1,-2),(18,2,-1),(18,3,1),(18,1,-2),(18,2,-1),(17,3,1),(17,1,-2),(17,2,-1),(17,3,1),(17,1,-2),(17,2,-1),(18,3,1),(18,1,-2),(18,2,-1),(17,3,1),(17,1,-2),(17,2,-1),(18,3,1),(18,1,-2),(18,2,-1),(17,2,2),(17,5,1),(17,4,-1),(18,2,2),(18,5,1),(18,4,-1),(17,2,2),(17,5,1),(17,4,-1),(17,2,2),(17,5,1),(17,4,-1),(18,2,2),(18,5,1),(18,4,-1),(18,2,2),(18,5,1),(18,4,-1),(17,3,1),(17,1,-2),(17,2,-1),(18,3,1),(18,1,-2),(18,2,-1),(18,3,1),(18,1,-2),(18,2,-1),(17,3,1),(17,1,-2),(17,2,-1),(17,3,1),(17,1,-2),(17,2,-1),(18,3,1),(18,1,-2),(18,2,-1),(17,3,1),(17,1,-2),(17,2,-1),(18,3,1),(18,1,-2),(18,2,-1),(17,3,1),(17,1,-2),(17,2,-1),(18,3,1),(18,1,-2),(18,2,-1),(17,2,2),(17,5,1),(17,4,-1),(18,2,2),(18,5,1),(18,4,-1),(18,3,1),(18,1,-2),(18,2,-1),(17,3,1),(17,1,-2),(17,2,-1),(17,2,2),(17,5,1),(17,4,-1),(18,2,2),(18,5,1),(18,4,-1),(18,2,2),(18,5,1),(18,4,-1),(17,2,2),(17,5,1),(17,4,-1),(18,3,1),(18,1,-2),(18,2,-1),(17,3,1),(17,1,-2),(17,2,-1),(18,3,1),(18,1,-2),(18,2,-1),(17,3,1),(17,1,-2),(17,2,-1),(17,3,1),(17,1,-2),(17,2,-1),(18,3,1),(18,1,-2),(18,2,-1),(18,3,1),(18,1,-2),(18,2,-1),(17,3,1),(17,1,-2),(17,2,-1),(17,3,1),(17,1,-2),(17,2,-1),(18,3,1),(18,1,-2),(18,2,-1),(17,3,1),(17,1,-2),(17,2,-1),(18,3,1),(18,1,-2),(18,2,-1),(18,2,2),(18,5,1),(18,4,-1),(17,2,2),(17,5,1),(17,4,-1),(17,2,2),(17,5,1),(17,4,-1),(17,2,2),(17,5,1),(18,2,2),(18,5,1),(17,4,-1),(18,4,-1),(18,2,2),(18,5,1),(18,4,-1),(18,3,1),(18,1,-2),(18,2,-1),(18,3,1),(18,1,-2),(18,2,-1),(18,3,1),(18,1,-2),(18,2,-1),(18,3,1),(18,1,-2),(18,2,-1),(18,2,2),(18,5,1),(18,4,-1),(18,3,1),(18,1,-2),(18,2,-1),(18,2,2),(18,5,1),(18,4,-1),(18,3,1),(18,1,-2),(18,2,-1),(18,2,2),(18,5,1),(18,4,-1),(18,2,2),(18,5,1),(18,4,-1),(18,3,1),(18,1,-2),(18,2,-1),(18,3,1),(18,1,-2),(18,2,-1),(18,3,1),(18,1,-2),(18,2,-1),(18,3,1),(18,1,-2),(18,2,-1),(18,2,2),(18,5,1),(18,4,-1),(18,3,1),(18,1,-2),(18,2,-1),(18,3,1),(18,1,-2),(18,2,-1),(18,2,2),(18,5,1),(18,4,-1),(18,2,2),(18,5,1),(18,4,-1),(18,2,2),(18,5,1),(18,4,-1),(18,3,1),(18,1,-2),(18,2,-1),(18,3,1),(18,1,-2),(18,2,-1),(18,3,1),(18,1,-2),(18,2,-1),(18,3,1),(18,1,-2),(18,2,-1),(18,2,2),(18,5,1),(18,4,-1),(18,3,1),(18,1,-2),(18,2,-1),(18,2,2),(18,5,1),(18,4,-1),(18,3,1),(18,1,-2),(18,2,-1),(18,2,2),(18,5,1),(18,4,-1),(18,2,2),(18,5,1),(18,4,-1),(18,3,1),(18,1,-2),(18,2,-1),(18,3,1),(18,1,-2),(18,2,-1),(18,3,1),(18,1,-2),(18,2,-1),(18,3,1),(18,1,-2),(18,2,-1),(18,2,2),(18,5,1),(18,4,-1),(18,3,1),(18,1,-2),(18,2,-1),(18,3,1),(18,1,-2),(18,2,-1),(18,2,2),(18,5,1),(18,4,-1),(18,2,2),(18,5,1),(18,4,-1),(18,2,2),(18,5,1),(18,4,-1),(18,3,1),(18,1,-2),(18,2,-1),(18,3,1),(18,1,-2),(18,2,-1),(18,3,1),(18,1,-2),(18,2,-1),(18,3,1),(18,1,-2),(18,2,-1),(18,2,2),(18,5,1),(18,4,-1),(17,3,1),(17,1,-2),(17,2,-1),(17,3,1),(17,1,-2),(17,2,-1),(17,2,2),(17,5,1),(17,4,-1),(17,3,1),(17,1,-2),(17,2,-1),(17,3,1),(17,1,-2),(17,2,-1),(17,2,2),(17,5,1),(17,4,-1),(17,2,2),(17,5,1),(17,4,-1),(17,2,2),(17,5,1),(17,4,-1),(17,3,1),(17,1,-2),(17,2,-1),(17,3,1),(17,1,-2),(17,2,-1),(17,3,1),(17,1,-2),(17,2,-1),(17,3,1),(17,1,-2),(17,2,-1),(17,2,2),(17,5,1),(17,4,-1),(17,2,2),(17,5,1),(17,4,-1),(17,2,2),(17,5,1),(17,4,-1),(17,2,2),(17,5,1),(17,4,-1),(17,3,1),(17,1,-2),(17,2,-1),(17,3,1),(17,1,-2),(17,2,-1),(17,3,1),(17,1,-2),(17,2,-1),(17,3,1),(17,1,-2),(17,2,-1),(17,2,2),(17,5,1),(17,4,-1),(17,2,2),(17,5,1),(17,4,-1),(17,2,2),(17,5,1),(17,4,-1),(17,2,2),(17,5,1),(17,4,-1),(17,3,1),(17,1,-2),(17,2,-1),(17,3,1),(17,1,-2),(17,2,-1),(17,3,1),(17,1,-2),(17,2,-1),(17,3,1),(17,1,-2),(17,2,-1),(17,2,2),(17,5,1),(17,4,-1),(17,2,2),(17,5,1),(17,4,-1),(17,2,2),(17,5,1),(17,4,-1),(17,2,2),(17,5,1),(17,4,-1),(17,3,1),(17,1,-2),(17,2,-1),(17,3,1),(17,1,-2),(17,2,-1),(17,3,1),(17,1,-2),(17,2,-1),(17,3,1),(17,1,-2),(17,2,-1),(17,2,2),(17,5,1),(17,4,-1),(17,3,1),(17,1,-2),(17,2,-1),(17,3,1),(17,1,-2),(17,2,-1),(17,3,1),(17,1,-2),(17,2,-1),(17,3,1),(17,1,-2),(17,2,-1),(17,3,1),(17,1,-2),(17,2,-1),(17,3,1),(17,1,-2),(17,2,-1),(17,3,1),(17,1,-2),(17,2,-1),(17,3,1),(17,1,-2),(17,2,-1),(17,3,1),(17,1,-2),(17,2,-1),(18,3,1),(18,1,-2),(18,2,-1),(17,2,2),(17,5,1),(17,4,-1),(18,2,2),(18,5,1),(18,4,-1),(18,3,1),(18,1,-2),(18,2,-1),(17,3,1),(17,1,-2),(17,2,-1),(18,2,2),(18,5,1),(18,4,-1),(18,2,2),(18,5,1),(18,4,-1),(17,2,2),(17,5,1),(17,4,-1),(17,2,2),(17,5,1),(17,4,-1),(18,3,1),(18,1,-2),(18,2,-1),(17,3,1),(17,1,-2),(17,2,-1),(18,3,1),(18,1,-2),(18,2,-1),(17,3,1),(17,1,-2),(17,2,-1),(18,3,1),(18,1,-2),(18,2,-1),(18,3,1),(18,1,-2),(18,2,-1),(18,2,2),(18,5,1),(18,4,-1),(18,3,1),(18,1,-2),(18,2,-1),(18,3,1),(18,1,-2),(18,2,-1),(18,2,2),(18,5,1),(18,4,-1),(18,2,2),(18,5,1),(18,4,-1),(18,2,2),(18,5,1),(18,4,-1),(18,3,1),(18,1,-2),(18,2,-1),(18,3,1),(18,1,-2),(18,2,-1),(18,3,1),(18,1,-2),(18,2,-1),(18,3,1),(18,1,-2),(18,2,-1),(18,2,2),(18,5,1),(18,4,-1),(18,3,1),(18,1,-2),(18,2,-1),(18,2,2),(18,5,1),(18,4,-1),(18,3,1),(18,1,-2),(18,2,-1),(18,2,2),(18,5,1),(18,4,-1),(18,2,2),(18,5,1),(18,4,-1),(18,3,1),(18,1,-2),(18,2,-1),(18,3,1),(18,1,-2),(18,2,-1),(18,3,1),(18,1,-2),(18,2,-1),(18,3,1),(18,1,-2),(18,2,-1),(18,2,2),(18,5,1),(18,4,-1),(18,3,1),(18,1,-2),(18,2,-1),(18,3,1),(18,1,-2),(18,2,-1),(18,2,2),(18,5,1),(18,4,-1),(18,2,2),(18,5,1),(18,4,-1),(18,2,2),(18,5,1),(18,4,-1),(18,3,1),(18,1,-2),(18,2,-1),(18,3,1),(18,1,-2),(18,2,-1),(18,3,1),(18,1,-2),(18,2,-1),(18,3,1),(18,1,-2),(18,2,-1),(18,2,2),(18,5,1),(18,4,-1),(18,3,1),(18,1,-2),(18,2,-1),(18,2,2),(18,5,1),(18,4,-1),(18,3,1),(18,1,-2),(18,2,-1),(18,2,2),(18,5,1),(18,4,-1),(18,2,2),(18,5,1),(18,4,-1),(18,3,1),(18,1,-2),(18,2,-1),(18,3,1),(18,1,-2),(18,2,-1),(18,3,1),(18,1,-2),(18,2,-1),(18,3,1),(18,1,-2),(18,2,-1),(18,2,2),(18,5,1),(18,4,-1),(18,3,1),(18,1,-2),(18,2,-1),(18,3,1),(18,1,-2),(18,2,-1),(18,2,2),(18,5,1),(18,4,-1),(18,2,2),(18,5,1),(18,4,-1),(18,2,2),(18,5,1),(18,4,-1),(18,3,1),(18,1,-2),(18,2,-1),(18,3,1),(18,1,-2),(18,2,-1),(18,3,1),(18,1,-2),(18,2,-1),(18,2,2),(18,5,1),(18,4,-1),(18,2,2),(18,5,1),(18,4,-1),(18,2,2),(18,5,1),(18,4,-1),(18,2,2),(18,5,1),(18,4,-1),(17,2,2),(17,5,1),(17,4,-1),(17,3,1),(17,1,-2),(17,2,-1),(17,2,2),(17,5,1),(17,4,-1),(17,3,1),(17,1,-2),(17,2,-1),(17,2,2),(17,5,1),(17,4,-1),(17,2,2),(17,5,1),(17,4,-1),(17,3,1),(17,1,-2),(17,2,-1),(17,3,1),(17,1,-2),(17,2,-1),(17,3,1),(17,1,-2),(17,2,-1),(18,2,2),(18,5,1),(18,4,-1),(17,3,1),(17,1,-2),(17,2,-1),(17,2,2),(17,5,1),(17,4,-1),(17,3,1),(17,1,-2),(17,2,-1),(17,3,1),(17,1,-2),(17,2,-1),(17,2,2),(17,5,1),(17,4,-1),(17,2,2),(17,5,1),(17,4,-1),(17,2,2),(17,5,1),(17,4,-1),(17,3,1),(17,1,-2),(17,2,-1),(17,3,1),(17,1,-2),(17,2,-1),(17,3,1),(17,1,-2),(17,2,-1),(17,3,1),(17,1,-2),(17,2,-1),(17,2,2),(17,5,1),(17,4,-1),(17,2,2),(17,5,1),(17,4,-1),(17,2,2),(17,5,1),(17,4,-1),(17,2,2),(17,5,1),(17,4,-1),(17,3,1),(17,1,-2),(17,2,-1),(17,3,1),(17,1,-2),(17,2,-1),(17,3,1),(17,1,-2),(17,2,-1),(17,3,1),(17,1,-2),(17,2,-1),(17,2,2),(17,5,1),(17,4,-1),(17,2,2),(17,5,1),(17,4,-1),(17,2,2),(17,5,1),(17,4,-1),(17,2,2),(17,5,1),(17,4,-1),(17,3,1),(17,1,-2),(17,2,-1),(17,3,1),(17,1,-2),(17,2,-1),(17,3,1),(17,1,-2),(17,2,-1),(17,3,1),(17,1,-2),(17,2,-1),(17,2,2),(17,5,1),(17,4,-1),(17,2,2),(17,5,1),(17,4,-1),(17,2,2),(17,5,1),(17,4,-1),(17,2,2),(17,5,1),(17,4,-1),(17,3,1),(17,1,-2),(17,2,-1),(17,3,1),(17,1,-2),(17,2,-1),(17,3,1),(17,1,-2),(17,2,-1),(17,3,1),(17,1,-2),(17,2,-1),(17,2,2),(17,5,1),(17,4,-1),(17,2,2),(17,5,1),(17,4,-1),(17,2,2),(17,5,1),(17,4,-1),(17,2,2),(17,5,1),(17,4,-1),(17,3,1),(17,1,-2),(17,2,-1),(17,3,1),(17,1,-2),(17,2,-1),(17,3,1),(17,1,-2),(17,2,-1),(17,3,1),(17,1,-2),(17,2,-1),(17,2,2),(17,5,1),(17,4,-1),(17,3,1),(17,1,-2),(17,2,-1),(17,3,1),(17,1,-2),(17,2,-1),(17,3,1),(17,1,-2),(17,2,-1),(18,2,2),(18,5,1),(18,4,-1),(17,2,2),(17,5,1),(17,4,-1),(18,2,2),(18,5,1),(18,4,-1),(18,2,2),(18,5,1),(18,4,-1),(17,2,2),(17,5,1),(17,4,-1),(17,2,2),(17,5,1),(17,4,-1),(18,2,2),(18,5,1),(18,4,-1),(18,2,2),(18,5,1),(18,4,-1),(18,2,2),(18,5,1),(18,4,-1),(18,2,2),(18,5,1),(18,4,-1),(18,2,2),(18,5,1),(18,4,-1),(18,2,2),(18,5,1),(18,4,-1),(18,2,2),(18,5,1),(18,4,-1),(18,2,2),(18,5,1),(18,4,-1),(18,2,2),(18,5,1),(18,4,-1),(18,2,2),(18,5,1),(18,4,-1),(18,2,2),(18,5,1),(18,4,-1),(18,2,2),(18,5,1),(18,4,-1),(18,2,2),(18,5,1),(18,4,-1),(18,2,2),(18,5,1),(18,4,-1),(18,2,2),(18,5,1),(18,4,-1),(18,2,2),(18,5,1),(18,4,-1),(18,2,2),(18,5,1),(18,4,-1),(18,2,2),(18,5,1),(18,4,-1),(18,2,2),(18,5,1),(18,4,-1),(18,2,2),(18,5,1),(18,4,-1),(18,2,2),(18,5,1),(18,4,-1),(18,2,2),(18,5,1),(18,4,-1),(18,2,2),(18,5,1),(18,4,-1),(18,2,2),(18,5,1),(18,4,-1),(18,2,2),(18,5,1),(18,4,-1),(18,2,2),(18,5,1),(18,4,-1),(19,7,-1),(19,2,-2),(17,2,2),(17,5,1),(17,4,-1),(17,2,2),(17,5,1),(17,4,-1),(17,2,2),(17,5,1),(17,4,-1),(17,2,2),(17,5,1),(17,4,-1),(17,2,2),(17,5,1),(17,4,-1),(17,2,2),(17,5,1),(17,4,-1),(17,2,2),(17,5,1),(17,4,-1),(17,2,2),(17,5,1),(17,4,-1),(17,2,2),(17,5,1),(17,4,-1),(17,2,2),(17,5,1),(17,4,-1),(17,2,2),(17,5,1),(17,4,-1),(17,2,2),(17,5,1),(17,4,-1),(17,2,2),(17,5,1),(17,4,-1),(17,2,2),(17,5,1),(17,4,-1),(17,2,2),(17,5,1),(17,4,-1),(17,2,2),(17,5,1),(17,4,-1),(17,2,2),(17,5,1),(17,4,-1),(17,2,2),(17,5,1),(17,4,-1),(17,2,2),(17,5,1),(17,4,-1),(17,2,2),(17,5,1),(17,4,-1),(17,2,2),(17,5,1),(17,4,-1),(17,2,2),(17,5,1),(17,4,-1),(17,2,2),(17,5,1),(17,4,-1),(17,2,2),(17,5,1),(17,4,-1),(17,2,2),(17,5,1),(17,4,-1),(17,2,2),(17,5,1),(17,4,-1),(20,4,50),(20,6,25),(20,1,4),(20,7,1),(20,6,-1),(19,8,1),(19,7,-1),(19,2,-2),(19,8,1),(19,7,-1),(19,2,-2),(20,1,4),(20,7,1),(20,6,-1),(20,1,4),(20,7,1),(20,6,-1),(19,8,1),(19,7,-1),(19,2,-2),(19,8,1),(19,7,-1),(19,2,-2),(20,1,4),(20,7,1),(20,6,-1),(19,8,1),(19,7,-1),(19,2,-2),(20,1,4),(20,7,1),(20,6,-1),(20,1,4),(20,7,1),(20,6,-1),(19,8,1),(19,4,-1),(19,5,1),(19,2,2),(19,4,-1),(19,5,1),(20,1,4),(20,7,1),(20,6,-1),(19,2,2),(19,7,-1),(19,2,-2),(20,1,4),(20,7,1),(20,6,-1),(19,8,1),(19,7,-1),(19,2,-2),(19,8,1),(19,4,-1),(19,5,1),(20,1,4),(20,7,1),(20,6,-1),(19,2,2),(19,7,-1),(19,2,-2),(20,1,4),(20,7,1),(20,6,-1),(20,1,4),(20,7,1),(20,6,-1),(19,8,1),(19,7,-1),(19,2,-2),(20,1,4),(20,7,1),(20,6,-1),(19,8,1),(19,4,-1),(19,5,1),(20,1,4),(20,7,1),(20,6,-1),(19,2,2),(19,4,-1),(19,5,1),(20,2,2),(20,5,1),(20,4,-1),(19,2,2),(19,4,-1),(19,5,1),(20,1,4),(20,7,1),(20,6,-1),(19,2,2),(19,4,-1),(19,5,1),(20,1,4),(20,7,1),(20,6,-1),(19,2,2),(19,4,-1),(19,5,1),(19,2,2),(19,4,-1),(19,5,1),(20,1,4),(20,7,1),(20,6,-1),(19,2,2),(19,4,-1),(19,5,1),(20,2,2),(20,5,1),(20,4,-1),(19,2,2),(19,4,-1),(19,5,1),(20,1,4),(20,7,1),(20,6,-1),(19,2,2),(19,4,-1),(19,5,1),(20,1,4),(20,7,1),(20,6,-1),(19,2,2),(19,4,-1),(19,5,1),(20,1,4),(20,7,1),(20,6,-1),(19,2,2),(19,2,-1),(19,1,-2),(20,2,2),(20,5,1),(20,4,-1),(19,3,1),(19,7,-1),(19,2,-2),(20,1,4),(20,7,1),(20,6,-1),(19,8,1),(19,2,-1),(19,1,-2),(20,1,4),(20,7,1),(20,6,-1),(20,1,4),(20,7,1),(20,6,-1),(19,3,1),(19,2,-1),(19,1,-2),(19,3,1),(19,2,-1),(19,1,-2),(20,2,2),(20,5,1),(20,4,-1),(19,3,1),(19,2,-1),(19,1,-2),(20,1,4),(20,7,1),(20,6,-1),(20,1,4),(20,7,1),(20,6,-1),(19,3,1),(19,4,-1),(19,5,1),(20,1,4),(20,7,1),(20,6,-1),(19,2,2),(19,2,-1),(19,1,-2),(20,2,2),(20,5,1),(20,4,-1),(20,2,2),(20,5,1),(20,4,-1),(19,3,1),(19,4,-1),(19,5,1),(20,3,1),(20,1,-2),(20,2,-1),(19,2,2),(19,2,-1),(19,1,-2),(20,2,2),(20,5,1),(20,4,-1),(19,3,1),(19,2,-1),(19,1,-2),(20,3,1),(20,1,-2),(20,2,-1),(19,3,1),(19,2,-1),(19,1,-2),(19,3,1),(19,2,-1),(19,1,-2),(20,2,2),(20,5,1),(20,4,-1),(20,3,1),(20,1,-2),(20,2,-1),(19,3,1),(19,7,-1),(19,2,-2),(19,8,1),(19,2,-1),(19,1,-2),(20,2,2),(20,5,1),(20,4,-1),(20,2,2),(20,5,1),(20,4,-1),(19,3,1),(19,4,-1),(19,5,1),(19,2,2),(19,2,-1),(19,1,-2),(20,3,1),(20,1,-2),(20,2,-1),(19,3,1),(19,4,-1),(19,5,1),(20,2,2),(20,5,1),(20,4,-1),(19,2,2),(19,2,-1),(19,1,-2),(20,2,2),(20,5,1),(20,4,-1),(20,3,1),(20,1,-2),(20,2,-1),(19,3,1),(19,2,-1),(19,1,-2),(19,3,1),(19,2,-1),(19,1,-2),(20,3,1),(20,1,-2),(20,2,-1),(20,2,2),(20,5,1),(20,4,-1),(19,3,1),(19,2,-1),(19,1,-2),(19,3,1),(19,2,-1),(19,1,-2),(20,2,2),(20,5,1),(20,4,-1),(19,3,1),(19,2,-1),(19,1,-2),(19,3,1),(19,2,-1),(19,1,-2),(19,3,1),(19,2,-1),(19,1,-2),(19,3,1),(19,4,-1),(19,5,1),(19,2,2),(19,2,-1),(19,1,-2),(19,3,1),(19,4,-1),(19,5,1),(19,2,2),(19,2,-1),(19,1,-2),(19,3,1),(19,2,-1),(19,1,-2),(19,3,1),(19,2,-1),(19,1,-2),(19,3,1),(19,2,-1),(19,1,-2),(19,3,1),(19,2,-1),(19,1,-2),(19,3,1),(19,4,-1),(19,5,1),(19,2,2),(19,2,-1),(19,1,-2),(19,3,1),(19,4,-1),(19,5,1),(19,2,2),(19,2,-1),(19,1,-2),(20,3,1),(20,1,-2),(20,2,-1),(20,2,2),(20,5,1),(20,4,-1),(19,3,1),(19,2,-1),(19,1,-2),(20,2,2),(20,5,1),(20,4,-1),(20,8,1),(20,2,-2),(20,7,-1),(20,3,1),(20,1,-2),(20,2,-1),(20,2,2),(20,5,1),(20,4,-1),(20,2,2),(20,5,1),(20,4,-1),(20,8,1),(20,2,-2),(20,7,-1),(20,3,1),(20,1,-2),(20,2,-1),(20,2,2),(20,5,1),(20,4,-1),(20,2,2),(20,5,1),(20,4,-1),(20,3,1),(20,1,-2),(20,2,-1),(20,2,2),(20,5,1),(20,4,-1),(20,2,2),(20,5,1),(20,4,-1),(20,3,1),(20,1,-2),(20,2,-1),(20,3,1),(20,1,-2),(20,2,-1),(20,8,1),(20,2,-2),(20,7,-1),(19,3,1),(19,2,-1),(19,1,-2),(20,3,1),(20,1,-2),(20,2,-1),(19,3,1),(19,2,-1),(19,1,-2),(20,2,2),(20,5,1),(20,4,-1),(19,3,1),(19,7,-1),(19,2,-2),(20,2,2),(20,5,1),(20,4,-1),(20,3,1),(20,1,-2),(20,2,-1),(19,8,1),(19,2,-1),(19,1,-2),(19,3,1),(19,7,-1),(19,2,-2),(20,8,1),(20,2,-2),(20,7,-1),(19,8,1),(19,2,-1),(19,1,-2),(20,3,1),(20,1,-2),(20,2,-1),(19,3,1),(19,2,-1),(19,1,-2),(20,2,2),(20,5,1),(20,4,-1),(19,3,1),(19,2,-1),(19,1,-2),(20,2,2),(20,5,1),(20,4,-1),(19,3,1),(19,4,-1),(19,5,1),(20,3,1),(20,1,-2),(20,2,-1),(19,2,2),(19,2,-1),(19,1,-2),(20,2,2),(20,5,1),(20,4,-1),(19,3,1),(19,4,-1),(19,5,1),(20,8,1),(20,2,-2),(20,7,-1),(19,2,2),(19,2,-1),(19,1,-2),(20,3,1),(20,1,-2),(20,2,-1),(19,3,1),(19,2,-1),(19,1,-2),(20,2,2),(20,5,1),(20,4,-1),(19,3,1),(19,4,-1),(19,5,1),(20,2,2),(20,5,1),(20,4,-1),(19,2,2),(19,7,-1),(19,2,-2),(20,3,1),(20,1,-2),(20,2,-1),(19,8,1),(19,2,-1),(19,1,-2),(20,2,2),(20,5,1),(20,4,-1),(19,3,1),(19,4,-1),(19,5,1),(20,2,2),(20,5,1),(20,4,-1),(19,2,2),(19,7,-1),(19,2,-2),(20,8,1),(20,2,-2),(20,7,-1),(19,8,1),(19,6,-1),(19,7,1),(20,3,1),(20,1,-2),(20,2,-1),(19,1,4),(19,2,-1),(19,1,-2),(19,3,1),(19,2,-1),(19,1,-2),(19,3,1),(19,6,-1),(19,7,1),(19,1,4),(19,4,-1),(19,5,1),(19,2,2),(19,2,-1),(19,1,-2),(19,3,1),(19,4,-1),(19,5,1),(19,2,2),(19,6,-1),(19,7,1),(19,1,4),(19,6,-1),(19,7,1),(19,1,4),(19,7,-1),(19,2,-2),(19,8,1),(19,2,-1),(19,1,-2),(19,3,1),(19,7,-1),(19,2,-2),(19,8,1),(19,6,-1),(19,7,1),(19,1,4),(19,2,-1),(19,1,-2),(19,3,1),(19,4,-1),(19,5,1),(19,2,2),(19,2,-1),(19,1,-2),(19,3,1),(19,4,-1),(19,5,1),(19,2,2),(19,6,-1),(19,7,1),(19,1,4),(19,6,-1),(19,7,1),(21,3,100),(19,1,4),(19,2,-1),(19,1,-2),(19,3,1),(19,7,-1),(19,2,-2),(19,8,1),(19,2,-1),(19,1,-2),(19,3,1),(19,6,-1),(19,7,1),(19,1,4),(19,4,-1),(19,5,1),(19,2,2),(19,2,-1),(19,1,-2),(21,1,2),(21,2,1),(21,3,-1),(19,3,1),(19,4,-1),(19,5,1),(19,2,2),(19,6,-1),(19,7,1),(19,1,4),(19,6,-1),(19,7,1),(21,1,2),(21,2,1),(21,3,-1),(19,1,4),(19,2,-1),(19,1,-2),(19,3,1),(19,6,-1),(19,7,1),(21,1,2),(21,2,1),(21,3,-1),(21,1,2),(21,2,1),(21,3,-1),(21,1,2),(21,2,1),(21,3,-1),(21,1,2),(21,2,1),(21,3,-1),(19,1,4),(19,4,-1),(19,5,1),(19,2,2),(19,7,-1),(19,2,-2),(21,1,2),(21,2,1),(21,3,-1),(19,8,1),(19,2,-1),(19,1,-2),(19,3,1),(19,4,-1),(19,5,1),(21,1,2),(21,2,1),(21,3,-1),(21,1,2),(21,2,1),(21,3,-1),(19,2,2),(19,6,-1),(19,7,1),(21,1,2),(21,2,1),(21,3,-1),(21,1,2),(21,2,1),(21,3,-1),(19,1,4),(19,6,-1),(19,7,1),(21,1,2),(21,2,1),(21,3,-1),(19,1,4),(19,6,-1),(19,7,1),(21,1,2),(21,2,1),(21,3,-1),(21,1,2),(21,2,1),(21,3,-1),(21,1,2),(21,2,1),(21,3,-1),(21,1,2),(21,2,1),(21,3,-1),(19,1,4),(19,4,-1),(19,5,1),(19,2,2),(19,4,-1),(19,5,1),(19,2,2),(19,6,-1),(19,7,1),(21,1,2),(21,2,1),(21,3,-1),(19,1,4),(19,6,-1),(19,7,1),(21,1,2),(21,2,1),(21,3,-1),(21,1,2),(21,2,1),(21,3,-1),(21,1,2),(21,2,1),(21,3,-1),(21,1,2),(21,2,1),(21,3,-1),(21,1,2),(21,2,1),(21,3,-1),(19,1,4),(19,4,-1),(19,5,1),(21,1,2),(21,2,1),(21,3,-1),(21,1,2),(21,2,1),(21,3,-1),(21,1,2),(21,2,1),(21,3,-1),(21,1,2),(21,2,1),(21,3,-1),(19,2,2),(19,4,-1),(19,5,1),(19,2,2),(19,6,-1),(19,7,1),(21,1,2),(21,2,1),(21,3,-1),(19,1,4),(19,4,-1),(19,5,1),(21,1,2),(21,2,1),(21,3,-1),(21,1,2),(21,2,1),(21,3,-1),(21,1,2),(21,2,1),(21,3,-1),(21,1,2),(21,2,1),(21,3,-1),(21,1,2),(21,2,1),(21,3,-1),(21,1,2),(21,2,1),(21,3,-1),(19,2,2),(19,4,-1),(19,5,1),(21,1,2),(21,2,1),(21,3,-1),(21,1,2),(21,2,1),(21,3,-1),(21,1,2),(21,2,1),(21,3,-1),(21,1,2),(21,2,1),(21,3,-1),(21,1,2),(21,2,1),(21,3,-1),(19,2,2),(19,6,-1),(19,7,1),(19,1,4),(19,4,-1),(19,5,1),(21,1,2),(21,2,1),(21,3,-1),(19,2,2),(19,4,-1),(19,5,1),(21,1,2),(21,2,1),(21,3,-1),(21,1,2),(21,2,1),(21,3,-1),(21,1,2),(21,2,1),(21,3,-1),(21,1,2),(21,2,1),(21,3,-1),(21,1,2),(21,2,1),(21,3,-1),(21,1,2),(21,2,1),(21,3,-1),(19,2,2),(19,6,-1),(19,7,1),(21,1,2),(21,2,1),(21,3,-1),(21,1,2),(21,2,1),(21,3,-1),(21,1,2),(21,2,1),(21,3,-1),(21,1,2),(21,2,1),(21,3,-1),(21,1,2),(21,2,1),(21,3,-1),(19,1,4),(19,4,-1),(19,5,1),(19,2,2),(19,6,-1),(19,7,1),(21,1,2),(21,2,1),(21,3,-1),(19,1,4),(19,4,-1),(19,5,1),(21,1,2),(21,2,1),(21,3,-1),(21,1,2),(21,2,1),(21,3,-1),(21,1,2),(21,2,1),(21,3,-1),(21,1,2),(21,2,1),(21,3,-1),(21,1,2),(21,2,1),(21,3,-1),(21,1,2),(21,2,1),(21,3,-1),(19,2,2),(19,6,-1),(19,7,1),(21,1,2),(21,2,1),(21,3,-1),(21,1,2),(21,2,1),(21,3,-1),(21,1,2),(21,2,1),(21,3,-1),(21,1,2),(21,2,1),(21,3,-1),(21,1,2),(21,2,1),(21,3,-1),(19,1,4),(19,4,-1),(19,5,1),(21,1,2),(21,2,1),(21,3,-1),(19,2,2),(19,6,-1),(19,7,1),(21,1,2),(21,2,1),(21,3,-1),(21,1,2),(21,2,1),(21,3,-1),(21,1,2),(21,2,1),(21,3,-1),(21,1,2),(21,2,1),(21,3,-1),(21,1,2),(21,2,1),(21,3,-1),(21,1,2),(21,2,1),(21,3,-1),(21,1,2),(21,2,1),(21,3,-1),(21,1,2),(21,2,1),(21,3,-1),(19,1,4),(19,4,-1),(19,5,1),(21,1,2),(21,2,1),(21,3,-1),(21,1,2),(21,2,1),(21,3,-1),(21,1,2),(21,2,1),(21,3,-1),(21,1,2),(21,2,1),(21,3,-1),(21,1,2),(21,2,1),(21,3,-1),(21,1,2),(21,2,1),(21,3,-1),(21,1,2),(21,2,1),(21,3,-1),(21,1,2),(21,2,1),(21,3,-1),(19,2,2),(19,6,-1),(19,7,1),(21,1,2),(21,2,1),(21,3,-1),(21,1,2),(21,2,1),(21,3,-1),(21,1,2),(21,2,1),(21,3,-1),(21,1,2),(21,2,1),(21,3,-1),(21,1,2),(21,2,1),(21,3,-1),(21,1,2),(21,2,1),(21,3,-1),(21,1,2),(21,2,1),(21,3,-1),(21,1,2),(21,2,1),(21,3,-1),(19,1,4),(19,4,-1),(19,5,1),(21,1,2),(21,2,1),(21,3,-1),(21,1,2),(21,2,1),(21,3,-1),(21,1,2),(21,2,1),(21,3,-1),(21,1,2),(21,2,1),(21,3,-1),(21,1,2),(21,2,1),(21,3,-1),(21,1,2),(21,2,1),(21,3,-1),(21,1,2),(21,2,1),(21,3,-1),(21,1,2),(21,2,1),(21,3,-1),(19,2,2),(19,6,-1),(19,7,1),(21,1,2),(21,2,1),(21,3,-1),(21,1,2),(21,2,1),(21,3,-1),(21,1,2),(21,2,1),(21,3,-1),(21,1,2),(21,2,1),(21,3,-1),(21,1,2),(21,2,1),(21,3,-1),(22,1,200),(22,2,100),(19,1,4),(19,4,-1),(19,5,1),(19,2,2),(19,6,-1),(19,7,1),(19,1,4),(19,4,-1),(19,5,1),(19,2,2),(19,4,50),(19,6,25),(22,3,1),(22,1,-2),(22,2,-1),(22,3,1),(22,1,-2),(22,2,-1),(22,3,1),(22,1,-2),(22,2,-1),(22,3,1),(22,1,-2),(22,2,-1),(22,3,1),(22,1,-2),(22,2,-1),(22,3,1),(22,1,-2),(22,2,-1),(22,3,1),(22,1,-2),(22,2,-1),(22,3,1),(22,1,-2),(22,2,-1),(22,3,1),(22,1,-2),(22,2,-1),(22,3,1),(22,1,-2),(22,2,-1),(22,3,1),(22,1,-2),(22,2,-1),(22,3,1),(22,1,-2),(22,2,-1),(22,3,1),(22,1,-2),(22,2,-1),(22,3,1),(22,1,-2),(22,2,-1),(22,3,1),(22,1,-2),(22,2,-1),(22,3,1),(22,1,-2),(22,2,-1),(22,3,1),(22,1,-2),(22,2,-1),(22,3,1),(22,1,-2),(22,2,-1),(22,3,1),(22,1,-2),(22,2,-1),(22,3,1),(22,1,-2),(22,2,-1),(22,3,1),(22,1,-2),(22,2,-1),(22,3,1),(22,1,-2),(22,2,-1),(22,3,1),(22,1,-2),(22,2,-1),(22,3,1),(22,1,-2),(22,2,-1),(22,3,1),(22,1,-2),(22,2,-1),(22,3,1),(22,1,-2),(22,2,-1),(22,3,1),(22,1,-2),(22,2,-1),(22,3,1),(22,1,-2),(22,2,-1),(22,3,1),(22,1,-2),(22,2,-1),(22,3,1),(22,1,-2),(22,2,-1),(22,3,1),(22,1,-2),(22,2,-1),(22,3,1),(22,1,-2),(22,2,-1),(22,3,1),(22,1,-2),(22,2,-1),(22,3,1),(22,1,-2),(22,2,-1),(22,3,1),(22,1,-2),(22,2,-1),(22,3,1),(22,1,-2),(22,2,-1),(22,3,1),(22,1,-2),(22,2,-1),(22,3,1),(22,1,-2),(22,2,-1),(22,3,1),(22,1,-2),(22,2,-1),(22,3,1),(22,1,-2),(22,2,-1),(22,3,1),(22,1,-2),(22,2,-1),(22,3,1),(22,1,-2),(22,2,-1),(22,3,1),(22,1,-2),(22,2,-1),(22,3,1),(22,1,-2),(22,2,-1),(22,3,1),(22,1,-2),(22,2,-1),(22,3,1),(22,1,-2),(22,2,-1),(22,3,1),(22,1,-2),(22,2,-1),(22,3,1),(22,1,-2),(22,2,-1),(22,3,1),(22,1,-2),(22,2,-1),(22,3,1),(22,1,-2),(22,2,-1),(22,3,1),(22,1,-2),(22,2,-1),(22,3,1),(22,1,-2),(22,2,-1),(22,3,1),(22,1,-2),(22,2,-1),(22,3,1),(22,1,-2),(22,2,-1),(22,3,1),(22,1,-2),(22,2,-1),(22,3,1),(22,1,-2),(22,2,-1),(22,3,1),(22,1,-2),(22,2,-1),(20,2,2),(20,5,1),(20,4,-1),(20,2,2),(20,5,1),(20,4,-1),(20,8,1),(20,2,-2),(20,7,-1),(20,2,2),(20,5,1),(20,4,-1),(20,8,1),(20,2,-2),(20,7,-1),(20,3,1),(20,1,-2),(20,2,-1),(20,2,2),(20,5,1),(20,4,-1),(20,2,2),(20,5,1),(20,4,-1),(20,3,1),(20,1,-2),(20,2,-1),(20,2,2),(20,5,1),(20,4,-1),(20,8,1),(20,2,-2),(20,7,-1),(20,8,1),(20,2,-2),(20,7,-1),(20,2,2),(20,5,1),(20,4,-1),(20,3,1),(20,1,-2),(20,2,-1),(20,2,2),(20,5,1),(20,4,-1),(20,2,2),(20,5,1),(20,4,-1),(20,8,1),(20,2,-2),(20,7,-1),(20,8,1),(20,2,-2),(20,7,-1),(20,3,1),(20,1,-2),(20,2,-1),(20,2,2),(20,5,1),(20,4,-1),(20,2,2),(20,5,1),(20,4,-1),(20,2,2),(20,5,1),(20,4,-1),(20,8,1),(20,2,-2),(20,7,-1),(20,8,1),(20,2,-2),(20,7,-1),(20,3,1),(20,1,-2),(20,2,-1),(20,2,2),(20,5,1),(20,4,-1),(20,2,2),(20,5,1),(20,4,-1),(20,2,2),(20,5,1),(20,4,-1),(20,8,1),(20,2,-2),(20,7,-1),(20,8,1),(20,2,-2),(20,7,-1),(20,3,1),(20,1,-2),(20,2,-1),(20,2,2),(20,5,1),(20,4,-1),(20,2,2),(20,5,1),(20,4,-1),(20,2,2),(20,5,1),(20,4,-1),(20,8,1),(20,2,-2),(20,7,-1),(20,8,1),(20,2,-2),(20,7,-1),(20,3,1),(20,1,-2),(20,2,-1),(20,2,2),(20,5,1),(20,4,-1),(20,8,1),(20,2,-2),(20,7,-1),(20,8,1),(20,2,-2),(20,7,-1),(20,3,1),(20,1,-2),(20,2,-1),(20,8,1),(20,2,-2),(20,7,-1),(20,8,1),(20,2,-2),(20,7,-1),(20,3,1),(20,1,-2),(20,2,-1),(20,8,1),(20,2,-2),(20,7,-1),(20,8,1),(20,2,-2),(20,7,-1),(20,3,1),(20,1,-2),(20,2,-1),(20,3,1),(20,1,-2),(20,2,-1),(20,3,1),(20,1,-2),(20,2,-1),(20,3,1),(20,1,-2),(20,2,-1),(22,3,1),(22,1,-2),(22,2,-1),(22,3,1),(22,1,-2),(22,2,-1),(22,3,1),(22,1,-2),(22,2,-1),(22,3,1),(22,1,-2),(22,2,-1),(22,3,1),(22,1,-2),(22,2,-1),(22,3,1),(22,1,-2),(22,2,-1),(22,3,1),(22,1,-2),(22,2,-1),(22,3,1),(22,1,-2),(22,2,-1),(22,3,1),(22,1,-2),(22,2,-1),(22,3,1),(22,1,-2),(22,2,-1),(22,3,1),(22,1,-2),(22,2,-1),(22,3,1),(22,1,-2),(22,2,-1),(22,3,1),(22,1,-2),(22,2,-1),(22,3,1),(22,1,-2),(22,2,-1),(22,3,1),(22,1,-2),(22,2,-1),(22,3,1),(22,1,-2),(22,2,-1),(22,3,1),(22,1,-2),(22,2,-1),(22,3,1),(22,1,-2),(22,2,-1),(22,3,1),(22,1,-2),(22,2,-1),(22,3,1),(22,1,-2),(22,2,-1),(22,3,1),(22,1,-2),(22,2,-1),(22,3,1),(22,1,-2),(22,2,-1),(22,3,1),(22,1,-2),(22,2,-1),(22,3,1),(22,1,-2),(22,2,-1),(22,3,1),(22,1,-2),(22,2,-1),(22,3,1),(22,1,-2),(22,2,-1),(22,3,1),(22,1,-2),(22,2,-1),(22,3,1),(22,1,-2),(22,2,-1),(22,3,1),(22,1,-2),(22,2,-1),(22,3,1),(22,1,-2),(22,2,-1),(22,3,1),(22,1,-2),(22,2,-1),(22,3,1),(22,1,-2),(22,2,-1),(22,3,1),(22,1,-2),(22,2,-1),(22,3,1),(22,1,-2),(22,2,-1),(22,3,1),(22,1,-2),(22,2,-1),(22,3,1),(22,1,-2),(22,2,-1),(22,3,1),(22,1,-2),(22,2,-1),(22,3,1),(22,1,-2),(22,2,-1),(22,3,1),(22,1,-2),(22,2,-1),(22,3,1),(22,1,-2),(22,2,-1),(22,3,1),(22,1,-2),(22,2,-1),(22,3,1),(22,1,-2),(22,2,-1),(22,3,1),(22,1,-2),(22,2,-1),(23,6,-1),(23,7,1),(23,1,4),(23,6,-1),(23,7,1),(23,1,4),(23,6,-1),(23,7,1),(23,1,4),(23,6,-1),(23,7,1),(23,1,4),(23,6,-1),(23,7,1),(23,1,4),(23,6,-1),(23,7,1),(23,1,4),(23,6,-1),(23,7,1),(23,1,4),(23,6,50),(23,2,100),(23,1,4),(23,7,1),(23,6,-1),(23,1,4),(23,7,1),(23,6,-1),(23,1,4),(23,7,1),(23,6,-1),(23,1,4),(23,7,1),(23,6,-1),(23,1,4),(23,7,1),(23,6,-1),(23,1,4),(23,7,1),(23,6,-1),(23,3,1),(23,1,-2),(23,2,-1),(23,3,1),(23,1,-2),(23,2,-1),(23,1,4),(23,7,1),(23,6,-1),(23,3,1),(23,1,-2),(23,2,-1),(23,3,1),(23,1,-2),(23,2,-1),(23,1,4),(23,7,1),(23,6,-1),(23,1,4),(23,7,1),(23,6,-1),(23,3,1),(23,1,-2),(23,2,-1),(23,1,4),(23,7,1),(23,6,-1),(23,3,1),(23,1,-2),(23,2,-1),(23,3,1),(23,1,-2),(23,2,-1),(23,3,1),(23,1,-2),(23,2,-1),(23,3,1),(23,1,-2),(23,2,-1),(23,3,1),(23,1,-2),(23,2,-1),(23,1,4),(23,7,1),(23,6,-1),(23,1,4),(23,7,1),(23,6,-1),(23,1,4),(23,7,1),(23,6,-1),(23,3,1),(23,1,-2),(23,2,-1),(23,3,1),(23,1,-2),(23,2,-1),(23,3,1),(23,1,-2),(23,2,-1),(23,3,1),(23,1,-2),(23,2,-1),(23,3,1),(23,1,-2),(23,2,-1),(23,1,4),(23,7,1),(23,6,-1),(23,3,1),(23,1,-2),(23,2,-1),(23,3,1),(23,1,-2),(23,2,-1),(23,1,4),(23,7,1),(23,6,-1),(23,3,1),(23,1,-2),(23,2,-1),(23,3,1),(23,1,-2),(23,2,-1),(23,3,1),(23,1,-2),(23,2,-1),(23,1,4),(23,7,1),(23,6,-1),(23,1,4),(23,7,1),(23,6,-1),(23,3,1),(23,1,-2),(23,2,-1),(23,3,1),(23,1,-2),(23,2,-1),(23,3,1),(23,1,-2),(23,2,-1),(23,3,1),(23,1,-2),(23,2,-1),(23,3,1),(23,1,-2),(23,2,-1),(23,1,4),(23,7,1),(23,6,-1),(23,1,4),(23,7,1),(23,6,-1),(23,1,4),(23,7,1),(23,6,-1),(23,1,4),(23,7,1),(23,6,-1),(23,3,1),(23,1,-2),(23,2,-1),(23,3,1),(23,1,-2),(23,2,-1),(23,3,1),(23,1,-2),(23,2,-1),(23,3,1),(23,1,-2),(23,2,-1),(23,3,1),(23,1,-2),(23,2,-1),(23,1,4),(23,7,1),(23,6,-1),(23,3,1),(23,1,-2),(23,2,-1),(23,3,1),(23,1,-2),(23,2,-1),(23,1,4),(23,7,1),(23,6,-1),(23,3,1),(23,1,-2),(23,2,-1),(23,3,1),(23,1,-2),(23,2,-1),(23,3,1),(23,1,-2),(23,2,-1),(23,1,4),(23,7,1),(23,6,-1),(23,1,4),(23,7,1),(23,6,-1),(23,3,1),(23,1,-2),(23,2,-1),(23,3,1),(23,1,-2),(23,2,-1),(23,3,1),(23,1,-2),(23,2,-1),(23,3,1),(23,1,-2),(23,2,-1),(23,3,1),(23,1,-2),(23,2,-1),(23,1,4),(23,7,1),(23,6,-1),(23,1,4),(23,7,1),(23,6,-1),(23,1,4),(23,7,1),(23,6,-1),(23,1,4),(23,7,1),(23,6,-1),(23,3,1),(23,1,-2),(23,2,-1),(23,3,1),(23,1,-2),(23,2,-1),(23,3,1),(23,1,-2),(23,2,-1),(23,3,1),(23,1,-2),(23,2,-1),(23,3,1),(23,1,-2),(23,2,-1),(23,1,4),(23,7,1),(23,6,-1),(23,3,1),(23,1,-2),(23,2,-1),(23,3,1),(23,1,-2),(23,2,-1),(23,1,4),(23,7,1),(23,6,-1),(23,3,1),(23,1,-2),(23,2,-1),(23,3,1),(23,1,-2),(23,2,-1),(23,3,1),(23,1,-2),(23,2,-1),(23,1,4),(23,7,1),(23,6,-1),(23,1,4),(23,7,1),(23,6,-1),(23,3,1),(23,1,-2),(23,2,-1),(23,3,1),(23,1,-2),(23,2,-1),(23,3,1),(23,1,-2),(23,2,-1),(23,3,1),(23,1,-2),(23,2,-1),(23,3,1),(23,1,-2),(23,2,-1),(23,1,4),(23,7,1),(23,6,-1),(23,1,4),(23,7,1),(23,6,-1),(23,1,4),(23,7,1),(23,6,-1),(23,1,4),(23,7,1),(23,6,-1),(23,3,1),(23,1,-2),(23,2,-1),(23,3,1),(23,1,-2),(23,2,-1),(23,3,1),(23,1,-2),(23,2,-1),(23,3,1),(23,1,-2),(23,2,-1),(23,3,1),(23,1,-2),(23,2,-1),(23,1,4),(23,7,1),(23,6,-1),(23,3,1),(23,1,-2),(23,2,-1),(23,3,1),(23,1,-2),(23,2,-1),(23,1,4),(23,7,1),(23,6,-1),(23,3,1),(23,1,-2),(23,2,-1),(23,3,1),(23,1,-2),(23,2,-1),(23,3,1),(23,1,-2),(23,2,-1),(23,1,4),(23,7,1),(23,6,-1),(23,1,4),(23,7,1),(23,6,-1),(23,3,1),(23,1,-2),(23,2,-1),(23,3,1),(23,1,-2),(23,2,-1),(23,3,1),(23,1,-2),(23,2,-1),(23,3,1),(23,1,-2),(23,2,-1),(23,3,1),(23,1,-2),(23,2,-1),(23,1,4),(23,7,1),(23,6,-1),(23,1,4),(23,7,1),(23,6,-1),(23,3,1),(23,1,-2),(23,2,-1),(23,3,1),(23,1,-2),(23,2,-1),(23,3,1),(23,1,-2),(23,2,-1),(23,3,1),(23,1,-2),(23,2,-1),(23,3,1),(23,1,-2),(23,2,-1),(23,3,1),(23,1,-2),(23,2,-1),(23,3,1),(23,1,-2),(23,2,-1),(23,3,1),(23,1,-2),(23,2,-1),(23,3,1),(23,1,-2),(23,2,-1),(23,3,1),(23,1,-2),(23,2,-1),(23,3,1),(23,1,-2),(23,2,-1),(23,3,1),(23,1,-2),(23,2,-1),(23,3,1),(23,1,-2),(23,2,-1),(23,3,1),(23,1,-2),(23,2,-1),(23,3,1),(23,1,-2),(23,2,-1),(23,3,1),(23,1,-2),(23,2,-1),(23,3,1),(23,1,-2),(23,2,-1),(23,3,1),(23,1,-2),(23,2,-1),(23,3,1),(23,1,-2),(23,2,-1),(23,3,1),(23,1,-2),(23,2,-1),(23,3,1),(23,1,-2),(23,2,-1),(23,3,1),(23,1,-2),(23,2,-1),(23,3,1),(23,1,-2),(23,2,-1),(23,3,1),(23,1,-2),(23,2,-1),(23,3,1),(23,1,-2),(23,2,-1),(23,3,1),(23,1,-2),(23,2,-1),(23,3,1),(23,1,-2),(23,2,-1),(23,3,1),(23,1,-2),(23,2,-1),(23,3,1),(23,1,-2),(23,2,-1),(23,3,1),(23,1,-2),(23,2,-1),(24,1,200),(24,4,100),(24,2,2),(24,5,1),(24,4,-1),(24,2,2),(24,5,1),(24,4,-1),(24,3,1),(24,1,-2),(24,2,-1),(24,3,1),(24,1,-2),(24,2,-1),(24,2,2),(24,5,1),(24,4,-1),(24,2,2),(24,5,1),(24,4,-1),(24,3,1),(24,1,-2),(24,2,-1),(24,3,1),(24,1,-2),(24,2,-1),(24,2,2),(24,5,1),(24,4,-1),(24,2,2),(24,5,1),(24,4,-1),(24,3,1),(24,1,-2),(24,2,-1),(24,3,1),(24,1,-2),(24,2,-1),(24,3,1),(24,1,-2),(24,2,-1),(24,3,1),(24,1,-2),(24,2,-1),(24,2,2),(24,5,1),(24,4,-1),(24,2,2),(24,5,1),(24,4,-1),(24,3,1),(24,1,-2),(24,2,-1),(24,3,1),(24,1,-2),(24,2,-1),(24,2,2),(24,5,1),(24,4,-1),(24,2,2),(24,5,1),(24,4,-1),(24,3,1),(24,1,-2),(24,2,-1),(24,3,1),(24,1,-2),(24,2,-1),(24,3,1),(24,1,-2),(24,2,-1),(24,3,1),(24,1,-2),(24,2,-1),(24,2,2),(24,5,1),(24,4,-1),(24,2,2),(24,5,1),(24,4,-1),(24,3,1),(24,1,-2),(24,2,-1),(24,3,1),(24,1,-2),(24,2,-1),(24,2,2),(24,5,1),(24,4,-1),(24,2,2),(24,5,1),(24,4,-1),(24,3,1),(24,1,-2),(24,2,-1),(24,3,1),(24,1,-2),(24,2,-1),(24,3,1),(24,1,-2),(24,2,-1),(24,3,1),(24,1,-2),(24,2,-1),(24,2,2),(24,5,1),(24,4,-1),(24,2,2),(24,5,1),(24,4,-1),(24,3,1),(24,1,-2),(24,2,-1),(24,3,1),(24,1,-2),(24,2,-1),(24,2,2),(24,5,1),(24,4,-1),(24,2,2),(24,5,1),(24,4,-1),(24,3,1),(24,1,-2),(24,2,-1),(24,3,1),(24,1,-2),(24,2,-1),(24,3,1),(24,1,-2),(24,2,-1),(24,3,1),(24,1,-2),(24,2,-1),(24,2,2),(24,5,1),(24,4,-1),(24,2,2),(24,5,1),(24,4,-1),(24,3,1),(24,1,-2),(24,2,-1),(24,3,1),(24,1,-2),(24,2,-1),(24,2,2),(24,5,1),(24,4,-1),(24,2,2),(24,5,1),(24,4,-1),(24,3,1),(24,1,-2),(24,2,-1),(24,3,1),(24,1,-2),(24,2,-1),(24,3,1),(24,1,-2),(24,2,-1),(24,3,1),(24,1,-2),(24,2,-1),(24,2,2),(24,5,1),(24,4,-1),(24,2,2),(24,5,1),(24,4,-1),(24,3,1),(24,1,-2),(24,2,-1),(24,3,1),(24,1,-2),(24,2,-1),(24,2,2),(24,5,1),(24,4,-1),(24,2,2),(24,5,1),(24,4,-1),(24,3,1),(24,1,-2),(24,2,-1),(24,3,1),(24,1,-2),(24,2,-1),(24,3,1),(24,1,-2),(24,2,-1),(24,3,1),(24,1,-2),(24,2,-1),(24,2,2),(24,5,1),(24,4,-1),(24,2,2),(24,5,1),(24,4,-1),(24,2,2),(24,5,1),(24,4,-1),(24,2,2),(24,5,1),(24,4,-1),(24,3,1),(24,1,-2),(24,2,-1),(24,3,1),(24,1,-2),(24,2,-1),(24,2,2),(24,5,1),(24,4,-1),(24,2,2),(24,5,1),(24,4,-1),(24,2,2),(24,5,1),(24,4,-1),(24,3,1),(24,1,-2),(24,2,-1),(24,2,2),(24,5,1),(24,4,-1),(24,3,1),(24,1,-2),(24,2,-1),(24,3,1),(24,1,-2),(24,2,-1),(24,3,1),(24,1,-2),(24,2,-1),(24,2,2),(24,5,1),(24,4,-1),(24,2,2),(24,5,1),(24,4,-1),(24,2,2),(24,5,1),(24,4,-1),(24,2,2),(24,5,1),(24,4,-1),(24,3,1),(24,1,-2),(24,2,-1),(24,3,1),(24,1,-2),(24,2,-1),(24,2,2),(24,5,1),(24,4,-1),(24,2,2),(24,5,1),(24,4,-1),(24,2,2),(24,5,1),(24,4,-1),(24,3,1),(24,1,-2),(24,2,-1),(24,2,2),(24,5,1),(24,4,-1),(24,3,1),(24,1,-2),(24,2,-1),(24,3,1),(24,1,-2),(24,2,-1),(24,3,1),(24,1,-2),(24,2,-1),(24,2,2),(24,5,1),(24,4,-1),(24,2,2),(24,5,1),(24,4,-1),(24,2,2),(24,5,1),(24,4,-1),(24,2,2),(24,5,1),(24,4,-1),(24,3,1),(24,1,-2),(24,2,-1),(24,3,1),(24,1,-2),(24,2,-1),(24,2,2),(24,5,1),(24,4,-1),(24,2,2),(24,5,1),(24,4,-1),(24,2,2),(24,5,1),(24,4,-1),(24,3,1),(24,1,-2),(24,2,-1),(24,2,2),(24,5,1),(24,4,-1),(24,3,1),(24,1,-2),(24,2,-1),(24,3,1),(24,1,-2),(24,2,-1),(24,3,1),(24,1,-2),(24,2,-1),(24,2,2),(24,5,1),(24,4,-1),(24,2,2),(24,5,1),(24,4,-1),(24,2,2),(24,5,1),(24,4,-1),(24,2,2),(24,5,1),(24,4,-1),(24,3,1),(24,1,-2),(24,2,-1),(24,3,1),(24,1,-2),(24,2,-1),(24,2,2),(24,5,1),(24,4,-1),(24,2,2),(24,5,1),(24,4,-1),(24,2,2),(24,5,1),(24,4,-1),(24,3,1),(24,1,-2),(24,2,-1),(24,2,2),(24,5,1),(24,4,-1),(24,3,1),(24,1,-2),(24,2,-1),(24,3,1),(24,1,-2),(24,2,-1),(24,3,1),(24,1,-2),(24,2,-1),(24,2,2),(24,5,1),(24,4,-1),(24,2,2),(24,5,1),(24,4,-1),(24,2,2),(24,5,1),(24,4,-1),(24,2,2),(24,5,1),(24,4,-1),(24,3,1),(24,1,-2),(24,2,-1),(24,3,1),(24,1,-2),(24,2,-1),(24,2,2),(24,5,1),(24,4,-1),(24,2,2),(24,5,1),(24,4,-1),(24,2,2),(24,5,1),(24,4,-1),(24,3,1),(24,1,-2),(24,2,-1),(24,2,2),(24,5,1),(24,4,-1),(24,3,1),(24,1,-2),(24,2,-1),(24,3,1),(24,1,-2),(24,2,-1),(24,3,1),(24,1,-2),(24,2,-1),(24,2,2),(24,5,1),(24,4,-1),(24,2,2),(24,5,1),(24,4,-1),(24,2,2),(24,5,1),(24,4,-1),(24,2,2),(24,5,1),(24,4,-1),(24,3,1),(24,1,-2),(24,2,-1),(24,3,1),(24,1,-2),(24,2,-1),(24,2,2),(24,5,1),(24,4,-1),(24,2,2),(24,5,1),(24,4,-1),(24,2,2),(24,5,1),(24,4,-1),(24,3,1),(24,1,-2),(24,2,-1),(24,2,2),(24,5,1),(24,4,-1),(24,3,1),(24,1,-2),(24,2,-1),(24,3,1),(24,1,-2),(24,2,-1),(24,3,1),(24,1,-2),(24,2,-1),(24,2,2),(24,5,1),(24,4,-1),(24,2,2),(24,5,1),(24,4,-1),(24,3,1),(24,1,-2),(24,2,-1),(24,3,1),(24,1,-2),(24,2,-1),(24,2,2),(24,5,1),(24,4,-1),(24,3,1),(24,1,-2),(24,2,-1),(24,2,2),(24,5,1),(24,4,-1),(24,3,1),(24,1,-2),(24,2,-1),(24,3,1),(24,1,-2),(24,2,-1),(24,3,1),(24,1,-2),(24,2,-1),(24,2,2),(24,5,1),(24,4,-1),(24,2,2),(24,5,1),(24,4,-1),(24,3,1),(24,1,-2),(24,2,-1),(24,3,1),(24,1,-2),(24,2,-1),(24,2,2),(24,5,1),(24,4,-1),(24,3,1),(24,1,-2),(24,2,-1),(24,2,2),(24,5,1),(24,4,-1),(24,3,1),(24,1,-2),(24,2,-1),(24,3,1),(24,1,-2),(24,2,-1),(24,3,1),(24,1,-2),(24,2,-1),(24,2,2),(24,5,1),(24,4,-1),(24,2,2),(24,5,1),(24,4,-1),(24,3,1),(24,1,-2),(24,2,-1),(24,3,1),(24,1,-2),(24,2,-1),(24,2,2),(24,5,1),(24,4,-1),(24,3,1),(24,1,-2),(24,2,-1),(24,2,2),(24,5,1),(24,4,-1),(24,3,1),(24,1,-2),(24,2,-1),(24,3,1),(24,1,-2),(24,2,-1),(24,3,1),(24,1,-2),(24,2,-1),(24,2,2),(24,5,1),(24,4,-1),(24,2,2),(24,5,1),(24,4,-1),(24,3,1),(24,1,-2),(24,2,-1),(24,3,1),(24,1,-2),(24,2,-1),(24,2,2),(24,5,1),(24,4,-1),(24,3,1),(24,1,-2),(24,2,-1),(24,2,2),(24,5,1),(24,4,-1),(24,3,1),(24,1,-2),(24,2,-1),(24,3,1),(24,1,-2),(24,2,-1),(24,3,1),(24,1,-2),(24,2,-1),(24,2,2),(24,5,1),(24,4,-1),(24,2,2),(24,5,1),(24,4,-1),(24,3,1),(24,1,-2),(24,2,-1),(24,3,1),(24,1,-2),(24,2,-1),(24,2,2),(24,5,1),(24,4,-1),(24,2,2),(24,5,1),(24,4,-1),(24,2,2),(24,5,1),(24,4,-1),(24,2,2),(24,5,1),(24,4,-1),(24,2,2),(24,5,1),(24,4,-1),(24,2,2),(24,5,1),(24,4,-1),(24,2,2),(24,5,1),(24,4,-1),(24,2,2),(24,5,1),(24,4,-1),(25,4,50),(25,6,25),(25,2,2),(25,5,1),(25,4,-1),(25,1,4),(25,7,1),(25,6,-1),(25,2,2),(25,5,1),(25,4,-1),(25,1,4),(25,7,1),(25,6,-1),(25,2,2),(25,5,1),(25,4,-1),(25,1,4),(25,7,1),(25,6,-1),(25,2,2),(25,5,1),(25,4,-1),(25,1,4),(25,7,1),(25,6,-1),(25,2,2),(25,5,1),(25,4,-1),(25,1,4),(25,7,1),(25,6,-1),(25,2,2),(25,5,1),(25,4,-1),(25,2,2),(25,5,1),(25,4,-1),(25,1,4),(25,7,1),(25,6,-1),(25,2,2),(25,5,1),(25,4,-1),(25,2,2),(25,5,1),(25,4,-1),(25,1,4),(25,7,1),(25,6,-1),(25,2,2),(25,5,1),(25,4,-1),(25,2,2),(25,5,1),(25,4,-1),(25,1,4),(25,7,1),(25,6,-1),(25,2,2),(25,5,1),(25,4,-1),(25,2,2),(25,5,1),(25,4,-1),(25,2,2),(25,5,1),(25,4,-1),(25,1,4),(25,7,1),(25,6,-1),(25,2,2),(25,5,1),(25,4,-1),(25,2,2),(25,5,1),(25,4,-1),(25,2,2),(25,5,1),(25,4,-1),(25,1,4),(25,7,1),(25,6,-1),(25,2,2),(25,5,1),(25,4,-1),(25,2,2),(25,5,1),(25,4,-1),(25,8,1),(25,2,-2),(25,7,-1),(25,3,1),(25,1,-2),(25,2,-1),(25,1,4),(25,7,1),(25,6,-1),(25,2,2),(25,5,1),(25,4,-1),(25,1,4),(25,7,1),(25,6,-1),(25,2,2),(25,5,1),(25,4,-1),(25,3,1),(25,1,-2),(25,2,-1),(25,2,2),(25,5,1),(25,4,-1),(25,3,1),(25,1,-2),(25,2,-1),(25,3,1),(25,1,-2),(25,2,-1),(25,3,1),(25,1,-2),(25,2,-1),(25,1,4),(25,7,1),(25,6,-1),(25,8,1),(25,2,-2),(25,7,-1),(25,2,2),(25,5,1),(25,4,-1),(25,3,1),(25,1,-2),(25,2,-1),(25,1,4),(25,7,1),(25,6,-1),(25,2,2),(25,5,1),(25,4,-1),(25,3,1),(25,1,-2),(25,2,-1),(25,3,1),(25,1,-2),(25,2,-1),(25,3,1),(25,1,-2),(25,2,-1),(25,2,2),(25,5,1),(25,4,-1),(25,3,1),(25,1,-2),(25,2,-1),(25,1,4),(25,7,1),(25,6,-1),(25,2,2),(25,5,1),(25,4,-1),(25,3,1),(25,1,-2),(25,2,-1),(25,3,1),(25,1,-2),(25,2,-1),(25,3,1),(25,1,-2),(25,2,-1),(25,1,4),(25,7,1),(25,6,-1),(25,3,1),(25,1,-2),(25,2,-1),(25,1,4),(25,7,1),(25,6,-1),(25,2,2),(25,5,1),(25,4,-1),(25,8,1),(25,2,-2),(25,7,-1),(25,2,2),(25,5,1),(25,4,-1),(25,3,1),(25,1,-2),(25,2,-1),(25,3,1),(25,1,-2),(25,2,-1),(25,3,1),(25,1,-2),(25,2,-1),(25,3,1),(25,1,-2),(25,2,-1),(25,3,1),(25,1,-2),(25,2,-1),(25,1,4),(25,7,1),(25,6,-1),(25,2,2),(25,5,1),(25,4,-1),(25,3,1),(25,1,-2),(25,2,-1),(25,1,4),(25,7,1),(25,6,-1),(25,1,4),(25,7,1),(25,6,-1),(25,2,2),(25,5,1),(25,4,-1),(25,3,1),(25,1,-2),(25,2,-1),(25,3,1),(25,1,-2),(25,2,-1),(25,3,1),(25,1,-2),(25,2,-1),(25,2,2),(25,5,1),(25,4,-1),(25,3,1),(25,1,-2),(25,2,-1),(25,8,1),(25,2,-2),(25,7,-1),(25,3,1),(25,1,-2),(25,2,-1),(25,1,4),(25,7,1),(25,6,-1),(25,2,2),(25,5,1),(25,4,-1),(25,3,1),(25,1,-2),(25,2,-1),(25,3,1),(25,1,-2),(25,2,-1),(25,3,1),(25,1,-2),(25,2,-1),(25,1,4),(25,7,1),(25,6,-1),(25,3,1),(25,1,-2),(25,2,-1),(25,1,4),(25,7,1),(25,6,-1),(25,2,2),(25,5,1),(25,4,-1),(25,2,2),(25,5,1),(25,4,-1),(25,3,1),(25,1,-2),(25,2,-1),(25,3,1),(25,1,-2),(25,2,-1),(25,3,1),(25,1,-2),(25,2,-1),(25,3,1),(25,1,-2),(25,2,-1),(25,3,1),(25,1,-2),(25,2,-1),(25,1,4),(25,7,1),(25,6,-1),(25,8,1),(25,2,-2),(25,7,-1),(25,2,2),(25,5,1),(25,4,-1),(25,3,1),(25,1,-2),(25,2,-1),(25,1,4),(25,7,1),(25,6,-1),(25,2,2),(25,5,1),(25,4,-1),(25,2,2),(25,5,1),(25,4,-1),(25,3,1),(25,1,-2),(25,2,-1),(25,3,1),(25,1,-2),(25,2,-1),(25,3,1),(25,1,-2),(25,2,-1),(25,3,1),(25,1,-2),(25,2,-1),(25,8,1),(25,2,-2),(25,7,-1),(25,2,2),(25,5,1),(25,4,-1),(25,3,1),(25,1,-2),(25,2,-1),(25,2,2),(25,5,1),(25,4,-1),(25,3,1),(25,1,-2),(25,2,-1),(25,3,1),(25,1,-2),(25,2,-1),(25,3,1),(25,1,-2),(25,2,-1),(25,2,2),(25,5,1),(25,4,-1),(25,3,1),(25,1,-2),(25,2,-1),(25,3,1),(25,1,-2),(25,2,-1),(25,2,2),(25,5,1),(25,4,-1),(25,8,1),(25,2,-2),(25,7,-1),(25,3,1),(25,1,-2),(25,2,-1),(25,3,1),(25,1,-2),(25,2,-1),(25,3,1),(25,1,-2),(25,2,-1),(25,3,1),(25,1,-2),(25,2,-1),(25,2,2),(25,5,1),(25,4,-1),(25,3,1),(25,1,-2),(25,2,-1),(25,2,2),(25,5,1),(25,4,-1),(25,2,2),(25,5,1),(25,4,-1),(25,8,1),(25,2,-2),(25,7,-1),(25,2,2),(25,5,1),(25,4,-1),(25,2,2),(25,5,1),(25,4,-1),(25,2,2),(25,5,1),(25,4,-1),(25,8,1),(25,2,-2),(25,7,-1),(25,2,2),(25,5,1),(25,4,-1),(25,2,2),(25,5,1),(25,4,-1),(25,2,2),(25,5,1),(25,4,-1),(25,8,1),(25,2,-2),(25,7,-1),(25,8,1),(25,2,-2),(25,7,-1),(25,8,1),(25,2,-2),(25,7,-1),(25,8,1),(25,2,-2),(25,7,-1),(25,8,1),(25,2,-2),(25,7,-1),(25,8,1),(25,2,-2),(25,7,-1),(25,8,1),(25,2,-2),(25,7,-1),(25,8,1),(25,2,-2),(25,7,-1),(25,8,1),(25,2,-2),(25,7,-1),(25,8,1),(25,2,-2),(25,7,-1),(25,8,1),(25,2,-2),(25,7,-1),(25,8,1),(25,2,-2),(25,7,-1),(25,8,1),(25,2,-2),(25,7,-1),(25,8,1),(25,2,-2),(25,7,-1),(25,8,1),(25,2,-2),(25,7,-1),(25,8,1),(25,8,1),(25,2,-2),(25,7,-1),(25,2,-2),(25,7,-1),(19,8,1),(19,2,-2),(19,7,-1),(19,8,1),(19,2,-2),(19,7,-1),(19,8,1),(19,2,-2),(19,7,-1),(19,2,4),(19,8,1),(19,2,-2),(19,7,-1),(19,8,1),(19,2,-2),(19,7,-1),(26,3,100),(26,1,2),(26,2,1),(26,3,-1),(26,1,2),(26,2,1),(26,3,-1),(26,1,2),(26,2,1),(26,3,-1),(26,1,2),(26,2,1),(26,3,-1),(26,1,2),(26,2,1),(26,3,-1),(26,1,2),(26,2,1),(26,3,-1),(26,1,2),(26,2,1),(26,3,-1),(26,1,2),(26,2,1),(26,3,-1),(26,1,2),(26,2,1),(26,3,-1),(26,1,2),(26,2,1),(26,3,-1),(26,1,2),(26,2,1),(26,3,-1),(26,1,2),(26,2,1),(26,3,-1),(26,1,2),(26,2,1),(26,3,-1),(26,1,2),(26,2,1),(26,3,-1),(26,1,2),(26,2,1),(26,3,-1),(26,1,2),(26,2,1),(26,3,-1),(26,1,2),(26,2,1),(26,3,-1),(26,1,2),(26,2,1),(26,3,-1),(26,1,2),(26,2,1),(26,3,-1),(26,1,2),(26,2,1),(26,3,-1),(26,2,25),(26,1,2),(26,2,1),(26,3,-1),(26,1,2),(26,2,1),(26,3,-1),(26,1,2),(26,2,1),(26,3,-1),(26,1,2),(26,2,1),(26,3,-1),(26,2,40),(26,1,2),(26,2,1),(26,3,-1),(26,1,2),(26,2,1),(26,3,-1),(26,1,2),(26,2,1),(26,3,-1),(26,1,2),(26,2,1),(26,3,-1),(26,1,2),(26,2,1),(26,3,-1),(26,1,2),(26,2,1),(26,3,-1),(26,1,2),(26,2,1),(26,3,-1),(26,1,2),(26,2,1),(26,3,-1),(26,1,2),(26,2,1),(26,3,-1),(26,1,2),(26,2,1),(26,3,-1),(26,1,2),(26,2,1),(26,3,-1),(27,1,200),(27,2,100),(27,3,1),(27,1,-2),(27,2,-1),(27,3,90),(27,3,1),(27,1,-2),(27,2,-1),(27,3,1),(27,1,-2),(27,2,-1),(27,3,1),(27,1,-2),(27,2,-1),(27,3,1),(27,1,-2),(27,2,-1),(27,3,1),(27,1,-2),(27,2,-1),(27,3,1),(27,1,-2),(27,2,-1),(27,3,1),(27,1,-2),(27,2,-1),(27,3,1),(27,1,-2),(27,2,-1),(27,3,1),(27,1,-2),(27,2,-1),(28,3,90),(28,1,200),(28,6,50),(28,2,100),(28,3,1),(28,1,-2),(28,2,-1),(28,3,1),(28,1,-2),(28,2,-1),(28,3,1),(28,1,-2),(28,2,-1),(28,3,1),(28,1,-2),(28,2,-1),(28,3,1),(28,1,-2),(28,2,-1),(28,3,1),(28,1,-2),(28,2,-1),(28,3,1),(28,1,-2),(28,2,-1),(28,3,1),(28,1,-2),(28,2,-1),(28,3,1),(28,1,-2),(28,2,-1),(28,3,1),(28,1,-2),(28,2,-1),(29,1,200),(29,4,100),(29,2,2),(29,5,1),(29,4,-1),(29,2,2),(29,5,1),(29,4,-1),(29,2,2),(29,5,1),(29,4,-1),(29,2,2),(29,5,1),(29,4,-1),(29,2,2),(29,5,1),(29,4,-1),(29,2,2),(29,5,1),(29,4,-1),(29,2,2),(29,5,1),(29,4,-1),(29,2,2),(29,5,1),(29,4,-1),(29,2,2),(29,5,1),(29,4,-1),(29,2,2),(29,5,1),(29,4,-1),(29,2,2),(29,5,1),(29,4,-1),(29,2,2),(29,5,1),(29,4,-1),(29,2,2),(29,5,1),(29,4,-1),(29,2,2),(29,5,1),(29,4,-1),(29,2,2),(29,5,1),(29,4,-1),(29,2,2),(29,5,1),(29,4,-1),(29,2,2),(29,5,1),(29,4,-1),(29,2,2),(29,5,1),(29,4,-1),(29,2,2),(29,5,1),(29,4,-1),(29,2,2),(29,5,1),(29,4,-1),(29,2,2),(29,5,1),(29,4,-1),(29,2,2),(29,5,1),(29,4,-1),(29,2,2),(29,5,1),(29,4,-1),(29,2,2),(29,5,1),(29,4,-1),(29,2,2),(29,5,1),(29,4,-1),(30,3,100);
/*!40000 ALTER TABLE `planet_user_item` ENABLE KEYS */;
UNLOCK TABLES;

--
-- Table structure for table `produce_diffusor`
--

DROP TABLE IF EXISTS `produce_diffusor`;
/*!40101 SET @saved_cs_client     = @@character_set_client */;
/*!40101 SET character_set_client = utf8 */;
CREATE TABLE `produce_diffusor` (
  `diffusor_id` int(11) NOT NULL,
  `produce_item_id` int(11) NOT NULL,
  `qty_produced` int(11) NOT NULL,
  PRIMARY KEY (`diffusor_id`,`produce_item_id`)
) ENGINE=MyISAM DEFAULT CHARSET=latin1;
/*!40101 SET character_set_client = @saved_cs_client */;

--
-- Dumping data for table `produce_diffusor`
--

LOCK TABLES `produce_diffusor` WRITE;
/*!40000 ALTER TABLE `produce_diffusor` DISABLE KEYS */;
INSERT INTO `produce_diffusor` VALUES (2,1,2),(2,2,1),(3,5,1),(3,2,2),(4,7,1),(4,1,4),(8,7,1),(8,2,2);
/*!40000 ALTER TABLE `produce_diffusor` ENABLE KEYS */;
UNLOCK TABLES;

--
-- Table structure for table `robot`
--

DROP TABLE IF EXISTS `robot`;
/*!40101 SET @saved_cs_client     = @@character_set_client */;
/*!40101 SET character_set_client = utf8 */;
CREATE TABLE `robot` (
  `robot_id` int(11) NOT NULL AUTO_INCREMENT,
  `robot_name` varchar(255) NOT NULL,
  `planet_user_id` int(11) NOT NULL,
  `robot_type_id` int(11) NOT NULL,
  `enabled` tinyint(1) NOT NULL DEFAULT '0',
  PRIMARY KEY (`robot_id`)
) ENGINE=MyISAM AUTO_INCREMENT=206 DEFAULT CHARSET=latin1;
/*!40101 SET character_set_client = @saved_cs_client */;

--
-- Dumping data for table `robot`
--

LOCK TABLES `robot` WRITE;
/*!40000 ALTER TABLE `robot` DISABLE KEYS */;
INSERT INTO `robot` VALUES (1,'UU-77',1,2,1),(2,'SV-48',1,2,1),(3,'EX-8',1,2,1),(4,'GY-80',1,2,1),(5,'YE-99',1,2,1),(6,'VK-88',2,1,1),(7,'QA-29',2,1,1),(8,'IB-15',2,1,1),(9,'DB-9',2,1,1),(10,'AM-58',3,4,0),(11,'WQ-68',3,4,0),(12,'SW-13',3,1,0),(13,'CZ-15',3,1,0),(14,'KL-35',4,2,1),(15,'DI-4',4,2,1),(16,'GE-3',4,2,1),(17,'YZ-13',4,2,1),(18,'UJ-34',4,2,1),(19,'BQ-42',4,1,0),(20,'SH-31',5,2,1),(21,'XT-51',5,2,1),(22,'ET-43',5,2,1),(23,'NU-45',5,2,1),(24,'LN-26',5,2,1),(25,'YY-97',5,2,1),(26,'CD-71',5,2,1),(27,'AJ-56',6,1,1),(28,'UU-27',6,1,1),(29,'SG-68',6,1,1),(30,'FL-50',6,1,1),(31,'XP-10',7,4,1),(32,'MN-31',8,2,0),(33,'NU-71',8,2,0),(34,'DC-51',8,2,0),(35,'XX-36',8,2,0),(36,'QV-40',8,1,0),(37,'KO-18',11,2,0),(38,'CJ-26',11,2,0),(39,'PS-9',11,1,0),(40,'CE-34',11,2,0),(41,'AA-86',11,2,0),(42,'ZA-16',11,2,0),(43,'FH-29',12,2,0),(44,'GU-93',12,2,0),(45,'IH-88',12,2,0),(46,'HR-97',12,2,0),(47,'MZ-78',12,2,0),(48,'JZ-13',11,2,0),(49,'EY-11',11,2,0),(50,'UH-28',11,2,0),(51,'KT-87',12,2,0),(52,'UZ-44',12,2,0),(53,'YM-31',12,2,0),(54,'DH-36',13,1,0),(55,'DB-30',13,1,0),(56,'SW-78',13,1,0),(57,'IG-47',13,1,0),(59,'YE-2',14,1,0),(60,'HN-48',14,1,0),(61,'QS-51',14,1,0),(62,'DW-10',14,1,0),(102,'ZM-48',18,1,0),(101,'GQ-79',18,1,0),(100,'ZB-12',18,1,0),(94,'NU-35',17,3,0),(93,'KN-33',15,1,0),(92,'WL-84',15,4,0),(91,'AZ-21',15,4,0),(90,'MW-25',16,1,0),(89,'UH-38',15,1,0),(88,'YG-20',15,1,0),(99,'CR-73',17,1,0),(98,'EB-45',17,1,0),(97,'TC-92',17,1,0),(96,'VE-16',17,3,0),(95,'IK-11',17,1,0),(83,'DD-98',15,4,0),(87,'MF-27',16,1,1),(86,'GG-88',16,4,0),(103,'FW-26',18,1,0),(104,'YW-58',18,3,0),(105,'JU-48',18,3,1),(106,'LZ-4',17,3,0),(107,'WC-76',18,3,0),(108,'QM-57',18,3,0),(109,'RJ-42',17,3,0),(180,'OF-95',19,5,0),(179,'QB-93',19,1,0),(112,'OQ-28',20,4,0),(113,'VJ-28',20,4,0),(178,'FY-20',19,1,0),(115,'JI-93',20,4,0),(177,'BF-1',19,5,1),(117,'RB-8',20,3,0),(118,'QZ-83',20,1,0),(176,'HA-58',19,4,0),(175,'TZ-5',19,4,0),(121,'AA-54',20,3,0),(122,'FV-38',20,5,0),(174,'RJ-57',19,3,0),(173,'SC-84',19,4,0),(125,'NW-47',20,5,0),(126,'LX-44',20,3,0),(172,'TX-61',19,3,0),(128,'NB-45',21,2,0),(129,'SG-3',21,2,0),(130,'ZL-95',21,2,0),(131,'IJ-38',21,2,0),(132,'LN-56',21,2,0),(133,'SG-78',21,2,0),(134,'AZ-98',21,2,0),(135,'KD-73',21,2,0),(136,'KB-36',22,1,0),(137,'UU-52',22,1,0),(138,'GT-79',22,1,0),(139,'ET-86',22,1,1),(149,'EJ-46',23,1,0),(148,'CJ-95',23,4,0),(147,'TH-54',23,4,0),(146,'BD-89',23,4,0),(145,'ZS-12',23,4,0),(150,'DA-24',23,1,0),(151,'UF-40',23,1,0),(152,'QI-31',23,1,0),(153,'PI-50',23,1,0),(154,'MO-24',24,3,0),(155,'CX-46',24,3,0),(156,'VX-21',24,1,0),(157,'QB-89',24,1,0),(158,'WH-73',24,3,0),(159,'DH-33',24,3,0),(160,'FC-56',25,3,0),(161,'SZ-39',25,4,0),(162,'SJ-10',25,3,0),(163,'HC-33',25,3,0),(164,'DC-86',25,5,0),(165,'GR-22',25,4,0),(166,'VX-3',25,1,0),(167,'MB-24',25,1,0),(168,'DB-22',25,1,0),(169,'PP-17',25,1,0),(170,'RG-56',25,4,0),(171,'AL-21',25,1,0),(181,'BJ-91',19,1,0),(182,'VY-16',19,1,0),(183,'RW-7',19,1,0),(184,'OX-89',26,2,1),(185,'PL-28',26,2,1),(186,'UI-3',26,2,1),(187,'TI-13',26,2,1),(188,'JO-90',26,2,1),(189,'AM-66',27,1,1),(190,'QG-76',27,1,1),(191,'TH-54',27,1,1),(192,'LG-16',27,1,1),(205,'UN-33',29,3,0),(204,'MF-99',28,1,1),(203,'SW-1',28,1,1),(202,'ZU-84',28,1,1),(201,'PR-72',28,1,1),(200,'EI-74',28,1,1);
/*!40000 ALTER TABLE `robot` ENABLE KEYS */;
UNLOCK TABLES;

--
-- Table structure for table `robot_type`
--

DROP TABLE IF EXISTS `robot_type`;
/*!40101 SET @saved_cs_client     = @@character_set_client */;
/*!40101 SET character_set_client = utf8 */;
CREATE TABLE `robot_type` (
  `robot_type_id` int(11) NOT NULL AUTO_INCREMENT,
  `robot_type_name` varchar(255) NOT NULL,
  `time_required` int(11) NOT NULL,
  `robot_type_image` varchar(255) NOT NULL DEFAULT 'default.jpg',
  `initial_energy_cost` int(11) NOT NULL DEFAULT '10',
  PRIMARY KEY (`robot_type_id`)
) ENGINE=MyISAM AUTO_INCREMENT=9 DEFAULT CHARSET=latin1;
/*!40101 SET character_set_client = @saved_cs_client */;

--
-- Dumping data for table `robot_type`
--

LOCK TABLES `robot_type` WRITE;
/*!40000 ALTER TABLE `robot_type` DISABLE KEYS */;
INSERT INTO `robot_type` VALUES (1,'Water generator',30,'default.jpg',10),(2,'Hydrolyser',30,'bb8.jpg',20),(3,'Sulphur Generator',45,'bb9e.jpg',100),(4,'Methane Combustor',45,'r2q5.jpg',25),(5,'Carbon Combustor',60,'r2d2.jpg',100),(6,'Carbon Ozonizer',90,'vinci.jpg',50),(7,'Sulphur Ozonizer',120,'fi.jpg',100),(8,'Carbon Generator',30,'fig.jpg',50);
/*!40000 ALTER TABLE `robot_type` ENABLE KEYS */;
UNLOCK TABLES;

--
-- Table structure for table `user`
--

DROP TABLE IF EXISTS `user`;
/*!40101 SET @saved_cs_client     = @@character_set_client */;
/*!40101 SET character_set_client = utf8 */;
CREATE TABLE `user` (
  `user_id` int(11) NOT NULL AUTO_INCREMENT,
  `username` varchar(255) NOT NULL,
  `password` varchar(255) NOT NULL,
  `experience` int(11) NOT NULL,
  PRIMARY KEY (`user_id`),
  UNIQUE KEY `username` (`username`)
) ENGINE=MyISAM AUTO_INCREMENT=10 DEFAULT CHARSET=latin1;
/*!40101 SET character_set_client = @saved_cs_client */;

--
-- Dumping data for table `user`
--

LOCK TABLES `user` WRITE;
/*!40000 ALTER TABLE `user` DISABLE KEYS */;
INSERT INTO `user` VALUES (1,'sawal','cef6876c9231dadd6c46ae21245e0379',6),(2,'speegle','14eb2de855d06423cdbc0567a41bb20d',0),(3,'testuser','7146866879a49e448db43504262006b5',3),(4,'new_user','7146866879a49e448db43504262006b5',1),(5,'test','45d020a72f8b9ca7e0faab15941c0db1',10),(6,'test2','45d020a72f8b9ca7e0faab15941c0db1',10),(7,'test3','45d020a72f8b9ca7e0faab15941c0db1',10),(8,'test4','45d020a72f8b9ca7e0faab15941c0db1',6),(9,'test5','45d020a72f8b9ca7e0faab15941c0db1',0);
/*!40000 ALTER TABLE `user` ENABLE KEYS */;
UNLOCK TABLES;
/*!40103 SET TIME_ZONE=@OLD_TIME_ZONE */;

/*!40101 SET SQL_MODE=@OLD_SQL_MODE */;
/*!40014 SET FOREIGN_KEY_CHECKS=@OLD_FOREIGN_KEY_CHECKS */;
/*!40014 SET UNIQUE_CHECKS=@OLD_UNIQUE_CHECKS */;
/*!40101 SET CHARACTER_SET_CLIENT=@OLD_CHARACTER_SET_CLIENT */;
/*!40101 SET CHARACTER_SET_RESULTS=@OLD_CHARACTER_SET_RESULTS */;
/*!40101 SET COLLATION_CONNECTION=@OLD_COLLATION_CONNECTION */;
/*!40111 SET SQL_NOTES=@OLD_SQL_NOTES */;

-- Dump completed on 2018-08-09 18:49:23
